<?xml version='1.0' standalone='yes' ?>
<plot step="1" created="2017-09-13T03:23:20.516+07:00" modified="2017-09-13T03:23:27.915+07:00">
  <id>
    <value>934</value>
  </id>
  <location>
    <x>107.115191046223</x>
    <y>14.0752843451731</y>
    <srs>EPSG:4326</srs>
  </location>
  <operator>
    <value>gr2borey</value>
  </operator>
  <elevation>
    <value>111</value>
  </elevation>
  <slope>
    <value>0.00606956909643225</value>
  </slope>
  <aspect>
    <value>1.98482044972402</value>
  </aspect>
  <region>
    <value>R&#244;t&#226;n&#244;kiri</value>
  </region>
  <country>
    <value>Cambodia</value>
  </country>
  <geometry>
    <value>points</value>
  </geometry>
  <area>
    <value>1.0</value>
  </area>
  <map_class>
    <code>Management</code>
  </map_class>
  <actively_saved>
    <value>true</value>
  </actively_saved>
  <actively_saved_on>
    <year>2017</year>
    <month>9</month>
    <day>13</day>
  </actively_saved_on>
  <plot_file>
    <value>pts_grp_2.csv</value>
  </plot_file>
  <ref_class>
    <code>Non Forest stable</code>
  </ref_class>
  <confidence>
    <code>hi</code>
  </confidence>
  <comments />
</plot>