<?xml version='1.0' standalone='yes' ?>
<plot step="1" created="2017-09-13T03:33:28.757+07:00" modified="2017-09-13T03:33:33.947+07:00">
  <id>
    <value>33</value>
  </id>
  <location>
    <x>105.319197871162</x>
    <y>12.6721134320889</y>
    <srs>EPSG:4326</srs>
  </location>
  <operator>
    <value>gr2borey</value>
  </operator>
  <elevation>
    <value>53</value>
  </elevation>
  <slope>
    <value>0.0032616727856486</value>
  </slope>
  <aspect>
    <value>4.23721108435195</value>
  </aspect>
  <region>
    <value>K&#226;mp&#243;ng Thum</value>
  </region>
  <country>
    <value>Cambodia</value>
  </country>
  <geometry>
    <value>points</value>
  </geometry>
  <area>
    <value>1.0</value>
  </area>
  <map_class>
    <code>Management</code>
  </map_class>
  <actively_saved>
    <value>true</value>
  </actively_saved>
  <actively_saved_on>
    <year>2017</year>
    <month>9</month>
    <day>13</day>
  </actively_saved_on>
  <plot_file>
    <value>pts_grp_2.csv</value>
  </plot_file>
  <ref_class>
    <code>Non Forest stable</code>
  </ref_class>
  <confidence>
    <code>lo</code>
  </confidence>
  <comments />
</plot>