<?xml version='1.0' standalone='yes' ?>
<plot step="1" created="2017-09-13T03:45:57.365+07:00" modified="2017-09-13T03:46:27.436+07:00">
  <id>
    <value>490</value>
  </id>
  <location>
    <x>106.692928119796</x>
    <y>12.2382882422544</y>
    <srs>EPSG:4326</srs>
  </location>
  <operator>
    <value>gr2borey</value>
  </operator>
  <elevation>
    <value>134</value>
  </elevation>
  <slope>
    <value>0.0031072950255719</value>
  </slope>
  <aspect>
    <value>2.73077774713575</value>
  </aspect>
  <region>
    <value>Kr&#226;ch&#233;h</value>
  </region>
  <country>
    <value>Cambodia</value>
  </country>
  <geometry>
    <value>points</value>
  </geometry>
  <area>
    <value>1.0</value>
  </area>
  <map_class>
    <code>Deforestation rubber</code>
  </map_class>
  <actively_saved>
    <value>true</value>
  </actively_saved>
  <actively_saved_on>
    <year>2017</year>
    <month>9</month>
    <day>13</day>
  </actively_saved_on>
  <plot_file>
    <value>pts_grp_2.csv</value>
  </plot_file>
  <ref_class>
    <code>Deforestation other</code>
  </ref_class>
  <confidence>
    <code>hi</code>
  </confidence>
  <comments />
</plot>