<?xml version='1.0' standalone='yes' ?>
<plot step="1" created="2017-09-13T04:23:22.085+07:00" modified="2017-09-13T04:23:27.493+07:00">
  <id>
    <value>403</value>
  </id>
  <location>
    <x>106.692544128414</x>
    <y>12.3006040449827</y>
    <srs>EPSG:4326</srs>
  </location>
  <operator>
    <value>gr2borey</value>
  </operator>
  <elevation>
    <value>144</value>
  </elevation>
  <slope>
    <value>0.0101267964619186</value>
  </slope>
  <aspect>
    <value>5.27785489632483</value>
  </aspect>
  <region>
    <value>M&#244;nd&#243;l Kiri</value>
  </region>
  <country>
    <value>Cambodia</value>
  </country>
  <geometry>
    <value>points</value>
  </geometry>
  <area>
    <value>1.0</value>
  </area>
  <map_class>
    <code>Deforestation rubber</code>
  </map_class>
  <actively_saved>
    <value>true</value>
  </actively_saved>
  <actively_saved_on>
    <year>2017</year>
    <month>9</month>
    <day>13</day>
  </actively_saved_on>
  <plot_file>
    <value>pts_grp_2.csv</value>
  </plot_file>
  <ref_class>
    <code>Forest stable</code>
  </ref_class>
  <confidence>
    <code>lo</code>
  </confidence>
  <comments />
</plot>