<?xml version='1.0' standalone='yes' ?>
<plot step="1" created="2017-09-13T02:45:32.528+07:00" modified="2017-09-13T02:53:14.667+07:00">
  <id>
    <value>350</value>
  </id>
  <location>
    <x>103.427811990164</x>
    <y>12.7894024416606</y>
    <srs>EPSG:4326</srs>
  </location>
  <operator>
    <value>gr2borey</value>
  </operator>
  <elevation>
    <value>15</value>
  </elevation>
  <slope>
    <value>5.42621632935616E-4</value>
  </slope>
  <aspect>
    <value>6.28318530717958</value>
  </aspect>
  <region>
    <value>Batd&#226;mb&#226;ng</value>
  </region>
  <country>
    <value>Cambodia</value>
  </country>
  <geometry>
    <value>points</value>
  </geometry>
  <area>
    <value>1.0</value>
  </area>
  <map_class>
    <code>Non Forest stable</code>
  </map_class>
  <actively_saved>
    <value>true</value>
  </actively_saved>
  <actively_saved_on>
    <year>2017</year>
    <month>9</month>
    <day>13</day>
  </actively_saved_on>
  <plot_file>
    <value>pts_grp_2.csv</value>
  </plot_file>
  <ref_class>
    <code>Non Forest stable</code>
  </ref_class>
  <confidence>
    <code>hi</code>
  </confidence>
  <comments />
</plot>