<?xml version='1.0' standalone='yes' ?>
<plot step="1" created="2017-09-13T04:58:10.118+07:00" modified="2017-09-13T04:58:16.006+07:00">
  <id>
    <value>59</value>
  </id>
  <location>
    <x>106.080678091466</x>
    <y>12.4258251317296</y>
    <srs>EPSG:4326</srs>
  </location>
  <operator>
    <value>gr2borey</value>
  </operator>
  <elevation>
    <value>22</value>
  </elevation>
  <slope>
    <value>0.00443138572926225</value>
  </slope>
  <aspect>
    <value>5.22424409063136</value>
  </aspect>
  <region>
    <value>Kr&#226;ch&#233;h</value>
  </region>
  <country>
    <value>Cambodia</value>
  </country>
  <geometry>
    <value>points</value>
  </geometry>
  <area>
    <value>1.0</value>
  </area>
  <map_class>
    <code>Non Forest stable</code>
  </map_class>
  <actively_saved>
    <value>true</value>
  </actively_saved>
  <actively_saved_on>
    <year>2017</year>
    <month>9</month>
    <day>13</day>
  </actively_saved_on>
  <plot_file>
    <value>pts_grp_2.csv</value>
  </plot_file>
  <ref_class>
    <code>Forest stable</code>
  </ref_class>
  <confidence>
    <code>hi</code>
  </confidence>
  <comments />
</plot>