<?xml version='1.0' standalone='yes' ?>
<plot step="1" created="2017-09-13T04:59:40.839+07:00" modified="2017-09-13T04:59:46.715+07:00">
  <id>
    <value>671</value>
  </id>
  <location>
    <x>102.908577224729</x>
    <y>13.2897354687917</y>
    <srs>EPSG:4326</srs>
  </location>
  <operator>
    <value>gr2borey</value>
  </operator>
  <elevation>
    <value>24</value>
  </elevation>
  <slope>
    <value>6.92263783666015E-4</value>
  </slope>
  <aspect>
    <value>0.201359477751349</value>
  </aspect>
  <region>
    <value>Batd&#226;mb&#226;ng</value>
  </region>
  <country>
    <value>Cambodia</value>
  </country>
  <geometry>
    <value>points</value>
  </geometry>
  <area>
    <value>1.0</value>
  </area>
  <map_class>
    <code>Non Forest stable</code>
  </map_class>
  <actively_saved>
    <value>true</value>
  </actively_saved>
  <actively_saved_on>
    <year>2017</year>
    <month>9</month>
    <day>13</day>
  </actively_saved_on>
  <plot_file>
    <value>pts_grp_2.csv</value>
  </plot_file>
  <ref_class>
    <code>Non Forest stable</code>
  </ref_class>
  <confidence>
    <code>hi</code>
  </confidence>
  <comments />
</plot>