<?xml version='1.0' standalone='yes' ?>
<plot step="1" created="2017-09-13T05:01:52.468+07:00" modified="2017-09-13T05:01:57.084+07:00">
  <id>
    <value>300</value>
  </id>
  <location>
    <x>105.084692756777</x>
    <y>13.2557770254769</y>
    <srs>EPSG:4326</srs>
  </location>
  <operator>
    <value>gr2borey</value>
  </operator>
  <elevation>
    <value>105</value>
  </elevation>
  <slope>
    <value>0.0126070236052137</value>
  </slope>
  <aspect>
    <value>3.73596595924292</value>
  </aspect>
  <region>
    <value>Preah Vih&#233;ar</value>
  </region>
  <country>
    <value>Cambodia</value>
  </country>
  <geometry>
    <value>points</value>
  </geometry>
  <area>
    <value>1.0</value>
  </area>
  <map_class>
    <code>Deforestation rubber</code>
  </map_class>
  <actively_saved>
    <value>true</value>
  </actively_saved>
  <actively_saved_on>
    <year>2017</year>
    <month>9</month>
    <day>13</day>
  </actively_saved_on>
  <plot_file>
    <value>pts_grp_2.csv</value>
  </plot_file>
  <ref_class>
    <code>Forest stable</code>
  </ref_class>
  <confidence>
    <code>hi</code>
  </confidence>
  <comments />
</plot>