<?xml version='1.0' standalone='yes' ?>
<plot step="1" created="2017-09-12T09:35:55.260+02:00" modified="2017-09-12T10:07:45.738+02:00">
  <id>
    <value>911</value>
  </id>
  <location>
    <x>105.697828480392</x>
    <y>12.6247158436991</y>
    <srs>EPSG:4326</srs>
  </location>
  <operator>
    <value>sophyra</value>
  </operator>
  <elevation>
    <value>93</value>
  </elevation>
  <slope>
    <value>0.00659952871565435</value>
  </slope>
  <aspect>
    <value>3.9945470671928</value>
  </aspect>
  <region>
    <value>K&#226;mp&#243;ng Thum</value>
  </region>
  <country>
    <value>Cambodia</value>
  </country>
  <geometry>
    <value>points</value>
  </geometry>
  <area>
    <value>1.0</value>
  </area>
  <map_class>
    <code>Forest stable</code>
  </map_class>
  <actively_saved>
    <value>true</value>
  </actively_saved>
  <actively_saved_on>
    <year>2017</year>
    <month>9</month>
    <day>12</day>
  </actively_saved_on>
  <plot_file>
    <value>pts_grp_1.csv</value>
  </plot_file>
  <ref_class>
    <code>Non Forest stable</code>
  </ref_class>
  <confidence>
    <code>hi</code>
  </confidence>
  <comments />
</plot>