<?xml version='1.0' standalone='yes' ?>
<plot step="1" created="2017-09-12T09:44:50.138+02:00" modified="2017-09-12T09:47:29.209+02:00">
  <id>
    <value>362</value>
  </id>
  <location>
    <x>103.454704736101</x>
    <y>11.2472133103532</y>
    <srs>EPSG:4326</srs>
  </location>
  <operator>
    <value>sophyra</value>
  </operator>
  <elevation>
    <value>49</value>
  </elevation>
  <slope>
    <value>0.0182357477474617</value>
  </slope>
  <aspect>
    <value>4.34730085472175</value>
  </aspect>
  <region>
    <value>Ka&#244;h Kong</value>
  </region>
  <country>
    <value>Cambodia</value>
  </country>
  <geometry>
    <value>points</value>
  </geometry>
  <area>
    <value>1.0</value>
  </area>
  <map_class>
    <code>Forest stable</code>
  </map_class>
  <actively_saved>
    <value>true</value>
  </actively_saved>
  <actively_saved_on>
    <year>2017</year>
    <month>9</month>
    <day>12</day>
  </actively_saved_on>
  <plot_file>
    <value>pts_grp_1.csv</value>
  </plot_file>
  <ref_class>
    <code>Forest stable</code>
  </ref_class>
  <confidence>
    <code>hi</code>
  </confidence>
  <comments />
</plot>