<?xml version='1.0' standalone='yes' ?>
<plot step="1" created="2017-09-12T09:48:19.290+02:00" modified="2017-09-12T09:48:37.692+02:00">
  <id>
    <value>872</value>
  </id>
  <location>
    <x>106.829422370113</x>
    <y>13.4992632277867</y>
    <srs>EPSG:4326</srs>
  </location>
  <operator>
    <value>sophyra</value>
  </operator>
  <elevation>
    <value>114</value>
  </elevation>
  <slope>
    <value>0.00614361163575654</value>
  </slope>
  <aspect>
    <value>3.25461040766819</value>
  </aspect>
  <region>
    <value>R&#244;t&#226;n&#244;kiri</value>
  </region>
  <country>
    <value>Cambodia</value>
  </country>
  <geometry>
    <value>points</value>
  </geometry>
  <area>
    <value>1.0</value>
  </area>
  <map_class>
    <code>Deforestation crops</code>
  </map_class>
  <actively_saved>
    <value>true</value>
  </actively_saved>
  <actively_saved_on>
    <year>2017</year>
    <month>9</month>
    <day>12</day>
  </actively_saved_on>
  <plot_file>
    <value>pts_grp_1.csv</value>
  </plot_file>
  <ref_class>
    <code>Deforestation crops</code>
  </ref_class>
  <confidence>
    <code>hi</code>
  </confidence>
  <comments />
</plot>