<?xml version='1.0' standalone='yes' ?>
<plot step="1" created="2017-09-12T09:49:11.187+02:00" modified="2017-09-12T09:52:29.671+02:00">
  <id>
    <value>352</value>
  </id>
  <location>
    <x>103.753341093101</x>
    <y>10.7540122210884</y>
    <srs>EPSG:4326</srs>
  </location>
  <operator>
    <value>sophyra</value>
  </operator>
  <elevation>
    <value>42</value>
  </elevation>
  <slope>
    <value>0.024681053940508</value>
  </slope>
  <aspect>
    <value>5.83495729034817</value>
  </aspect>
  <region>
    <value>Krong Preah Sihanouk</value>
  </region>
  <country>
    <value>Cambodia</value>
  </country>
  <geometry>
    <value>points</value>
  </geometry>
  <area>
    <value>1.0</value>
  </area>
  <map_class>
    <code>Degradation</code>
  </map_class>
  <actively_saved>
    <value>true</value>
  </actively_saved>
  <actively_saved_on>
    <year>2017</year>
    <month>9</month>
    <day>12</day>
  </actively_saved_on>
  <plot_file>
    <value>pts_grp_1.csv</value>
  </plot_file>
  <ref_class>
    <code>Deforestation rubber</code>
  </ref_class>
  <confidence>
    <code>hi</code>
  </confidence>
  <comments />
</plot>