<?xml version='1.0' standalone='yes' ?>
<plot step="1" created="2017-09-12T09:55:13.783+02:00" modified="2017-09-12T09:55:22.334+02:00">
  <id>
    <value>420</value>
  </id>
  <location>
    <x>105.997797595342</x>
    <y>11.0836562306691</y>
    <srs>EPSG:4326</srs>
  </location>
  <operator>
    <value>sophyra</value>
  </operator>
  <elevation>
    <value>6</value>
  </elevation>
  <slope>
    <value>4.29506250411022E-4</value>
  </slope>
  <aspect>
    <value>5.9577796267469</value>
  </aspect>
  <region>
    <value>Svay Rieng</value>
  </region>
  <country>
    <value>Cambodia</value>
  </country>
  <geometry>
    <value>points</value>
  </geometry>
  <area>
    <value>1.0</value>
  </area>
  <map_class>
    <code>Non Forest stable</code>
  </map_class>
  <actively_saved>
    <value>true</value>
  </actively_saved>
  <actively_saved_on>
    <year>2017</year>
    <month>9</month>
    <day>12</day>
  </actively_saved_on>
  <plot_file>
    <value>pts_grp_1.csv</value>
  </plot_file>
  <ref_class>
    <code>Non Forest stable</code>
  </ref_class>
  <confidence>
    <code>hi</code>
  </confidence>
  <comments />
</plot>