<?xml version='1.0' standalone='yes' ?>
<plot step="1" created="2017-09-12T10:04:51.340+02:00" modified="2017-09-12T10:05:01.716+02:00">
  <id>
    <value>391</value>
  </id>
  <location>
    <x>104.433349606834</x>
    <y>10.7715670497213</y>
    <srs>EPSG:4326</srs>
  </location>
  <operator>
    <value>sophyra</value>
  </operator>
  <elevation>
    <value>19</value>
  </elevation>
  <slope>
    <value>0.00111937828018673</value>
  </slope>
  <aspect>
    <value>3.38918583560258</value>
  </aspect>
  <region>
    <value>K&#226;mp&#244;t</value>
  </region>
  <country>
    <value>Cambodia</value>
  </country>
  <geometry>
    <value>points</value>
  </geometry>
  <area>
    <value>1.0</value>
  </area>
  <map_class>
    <code>Non Forest stable</code>
  </map_class>
  <actively_saved>
    <value>true</value>
  </actively_saved>
  <actively_saved_on>
    <year>2017</year>
    <month>9</month>
    <day>12</day>
  </actively_saved_on>
  <plot_file>
    <value>pts_grp_1.csv</value>
  </plot_file>
  <ref_class>
    <code>Non Forest stable</code>
  </ref_class>
  <confidence>
    <code>hi</code>
  </confidence>
  <comments />
</plot>