<?xml version='1.0' standalone='yes' ?>
<plot step="1" created="2017-09-12T10:10:26.338+02:00" modified="2017-09-12T10:10:32.754+02:00">
  <id>
    <value>177</value>
  </id>
  <location>
    <x>102.738370862611</x>
    <y>12.2886179704838</y>
    <srs>EPSG:4326</srs>
  </location>
  <operator>
    <value>sophyra</value>
  </operator>
  <elevation>
    <value>564</value>
  </elevation>
  <slope>
    <value>0.0112450225184046</value>
  </slope>
  <aspect>
    <value>3.84911496841342</value>
  </aspect>
  <region>
    <value>Pouthisat</value>
  </region>
  <country>
    <value>Cambodia</value>
  </country>
  <geometry>
    <value>points</value>
  </geometry>
  <area>
    <value>1.0</value>
  </area>
  <map_class>
    <code>Forest stable</code>
  </map_class>
  <actively_saved>
    <value>true</value>
  </actively_saved>
  <actively_saved_on>
    <year>2017</year>
    <month>9</month>
    <day>12</day>
  </actively_saved_on>
  <plot_file>
    <value>pts_grp_1.csv</value>
  </plot_file>
  <ref_class>
    <code>Forest stable</code>
  </ref_class>
  <confidence>
    <code>hi</code>
  </confidence>
  <comments />
</plot>