<?xml version='1.0' standalone='yes' ?>
<plot step="1" created="2017-09-12T10:12:18.650+02:00" modified="2017-09-12T10:12:58.802+02:00">
  <id>
    <value>78</value>
  </id>
  <location>
    <x>104.143892909273</x>
    <y>11.0287269031059</y>
    <srs>EPSG:4326</srs>
  </location>
  <operator>
    <value>sophyra</value>
  </operator>
  <elevation>
    <value>130</value>
  </elevation>
  <slope>
    <value>0.037674752176428</value>
  </slope>
  <aspect>
    <value>1.95055511405602</value>
  </aspect>
  <region>
    <value>K&#226;mp&#244;t</value>
  </region>
  <country>
    <value>Cambodia</value>
  </country>
  <geometry>
    <value>points</value>
  </geometry>
  <area>
    <value>1.0</value>
  </area>
  <map_class>
    <code>Deforestation crops</code>
  </map_class>
  <actively_saved>
    <value>true</value>
  </actively_saved>
  <actively_saved_on>
    <year>2017</year>
    <month>9</month>
    <day>12</day>
  </actively_saved_on>
  <plot_file>
    <value>pts_grp_1.csv</value>
  </plot_file>
  <ref_class>
    <code>Deforestation rubber</code>
  </ref_class>
  <confidence>
    <code>lo</code>
  </confidence>
  <comments />
</plot>