<?xml version='1.0' standalone='yes' ?>
<plot step="1" created="2017-09-12T10:20:30.496+02:00" modified="2017-09-12T10:20:34.919+02:00">
  <id>
    <value>463</value>
  </id>
  <location>
    <x>105.214207803766</x>
    <y>13.6860436696715</y>
    <srs>EPSG:4326</srs>
  </location>
  <operator>
    <value>sophyra</value>
  </operator>
  <elevation>
    <value>54</value>
  </elevation>
  <slope>
    <value>0.0024532824863241</value>
  </slope>
  <aspect>
    <value>1.85092241351006</value>
  </aspect>
  <region>
    <value>Preah Vih&#233;ar</value>
  </region>
  <country>
    <value>Cambodia</value>
  </country>
  <geometry>
    <value>points</value>
  </geometry>
  <area>
    <value>1.0</value>
  </area>
  <map_class>
    <code>Deforestation other</code>
  </map_class>
  <actively_saved>
    <value>true</value>
  </actively_saved>
  <actively_saved_on>
    <year>2017</year>
    <month>9</month>
    <day>12</day>
  </actively_saved_on>
  <plot_file>
    <value>pts_grp_1.csv</value>
  </plot_file>
  <ref_class>
    <code>Non Forest stable</code>
  </ref_class>
  <confidence>
    <code>hi</code>
  </confidence>
  <comments />
</plot>