<?xml version='1.0' standalone='yes' ?>
<plot step="1" created="2017-09-12T10:30:25.423+02:00" modified="2017-09-12T10:32:03.264+02:00">
  <id>
    <value>850</value>
  </id>
  <location>
    <x>106.710490642597</x>
    <y>12.2766993308634</y>
    <srs>EPSG:4326</srs>
  </location>
  <operator>
    <value>sophyra</value>
  </operator>
  <elevation>
    <value>146</value>
  </elevation>
  <slope>
    <value>0.00213345477565035</value>
  </slope>
  <aspect>
    <value>5.58035710490081</value>
  </aspect>
  <region>
    <value>Kr&#226;ch&#233;h</value>
  </region>
  <country>
    <value>Cambodia</value>
  </country>
  <geometry>
    <value>points</value>
  </geometry>
  <area>
    <value>1.0</value>
  </area>
  <map_class>
    <code>Deforestation rubber</code>
  </map_class>
  <actively_saved>
    <value>true</value>
  </actively_saved>
  <actively_saved_on>
    <year>2017</year>
    <month>9</month>
    <day>12</day>
  </actively_saved_on>
  <plot_file>
    <value>pts_grp_1.csv</value>
  </plot_file>
  <ref_class>
    <code>Deforestation crops</code>
  </ref_class>
  <confidence>
    <code>hi</code>
  </confidence>
  <comments />
</plot>