<?xml version='1.0' standalone='yes' ?>
<plot step="1" created="2017-09-12T10:56:46.779+02:00" modified="2017-09-12T10:56:51.764+02:00">
  <id>
    <value>108</value>
  </id>
  <location>
    <x>105.069859846683</x>
    <y>13.2442469775637</y>
    <srs>EPSG:4326</srs>
  </location>
  <operator>
    <value>sophyra</value>
  </operator>
  <elevation>
    <value>102</value>
  </elevation>
  <slope>
    <value>0.00879138840115244</value>
  </slope>
  <aspect>
    <value>3.29970761407573</value>
  </aspect>
  <region>
    <value>Preah Vih&#233;ar</value>
  </region>
  <country>
    <value>Cambodia</value>
  </country>
  <geometry>
    <value>points</value>
  </geometry>
  <area>
    <value>1.0</value>
  </area>
  <map_class>
    <code>Deforestation rubber</code>
  </map_class>
  <actively_saved>
    <value>true</value>
  </actively_saved>
  <actively_saved_on>
    <year>2017</year>
    <month>9</month>
    <day>12</day>
  </actively_saved_on>
  <plot_file>
    <value>pts_grp_1.csv</value>
  </plot_file>
  <ref_class>
    <code>Non Forest stable</code>
  </ref_class>
  <confidence>
    <code>hi</code>
  </confidence>
  <comments />
</plot>