<?xml version='1.0' standalone='yes' ?>
<plot step="1" created="2017-09-12T11:08:30.241+02:00" modified="2017-09-12T11:08:48.130+02:00">
  <id>
    <value>453</value>
  </id>
  <location>
    <x>107.207279841076</x>
    <y>13.8856475860511</y>
    <srs>EPSG:4326</srs>
  </location>
  <operator>
    <value>sophyra</value>
  </operator>
  <elevation>
    <value>152</value>
  </elevation>
  <slope>
    <value>0.00936920798704804</value>
  </slope>
  <aspect>
    <value>6.23872699708417</value>
  </aspect>
  <region>
    <value>R&#244;t&#226;n&#244;kiri</value>
  </region>
  <country>
    <value>Cambodia</value>
  </country>
  <geometry>
    <value>points</value>
  </geometry>
  <area>
    <value>1.0</value>
  </area>
  <map_class>
    <code>Non Forest stable</code>
  </map_class>
  <actively_saved>
    <value>true</value>
  </actively_saved>
  <actively_saved_on>
    <year>2017</year>
    <month>9</month>
    <day>12</day>
  </actively_saved_on>
  <plot_file>
    <value>pts_grp_1.csv</value>
  </plot_file>
  <ref_class>
    <code>Non Forest stable</code>
  </ref_class>
  <confidence>
    <code>hi</code>
  </confidence>
  <comments />
</plot>