<?xml version='1.0' standalone='yes' ?>
<plot step="1" created="2017-09-12T11:16:41.195+02:00" modified="2017-09-12T11:17:16.807+02:00">
  <id>
    <value>747</value>
  </id>
  <location>
    <x>106.891025178906</x>
    <y>14.0421465680786</y>
    <srs>EPSG:4326</srs>
  </location>
  <operator>
    <value>sophyra</value>
  </operator>
  <elevation>
    <value>112</value>
  </elevation>
  <slope>
    <value>0.0138706690144771</value>
  </slope>
  <aspect>
    <value>3.39461645144762</value>
  </aspect>
  <region>
    <value>R&#244;t&#226;n&#244;kiri</value>
  </region>
  <country>
    <value>Cambodia</value>
  </country>
  <geometry>
    <value>points</value>
  </geometry>
  <area>
    <value>1.0</value>
  </area>
  <map_class>
    <code>Management</code>
  </map_class>
  <actively_saved>
    <value>true</value>
  </actively_saved>
  <actively_saved_on>
    <year>2017</year>
    <month>9</month>
    <day>12</day>
  </actively_saved_on>
  <plot_file>
    <value>pts_grp_1.csv</value>
  </plot_file>
  <ref_class>
    <code>Management</code>
  </ref_class>
  <confidence>
    <code>hi</code>
  </confidence>
  <comments />
</plot>