<?xml version='1.0' standalone='yes' ?>
<plot step="1" created="2017-09-12T21:31:04.182+02:00" modified="2017-09-12T21:50:38.581+02:00">
  <id>
    <value>120</value>
  </id>
  <location>
    <x>104.684155680887</x>
    <y>14.0098437362857</y>
    <srs>EPSG:4326</srs>
  </location>
  <operator>
    <value>gr2borey</value>
  </operator>
  <elevation>
    <value>95</value>
  </elevation>
  <slope>
    <value>0.0172042097254947</value>
  </slope>
  <aspect>
    <value>0.170326890558783</value>
  </aspect>
  <region>
    <value>Preah Vih&#233;ar</value>
  </region>
  <country>
    <value>Cambodia</value>
  </country>
  <geometry>
    <value>points</value>
  </geometry>
  <area>
    <value>1.0</value>
  </area>
  <map_class>
    <code>Forest stable</code>
  </map_class>
  <actively_saved>
    <value>true</value>
  </actively_saved>
  <actively_saved_on>
    <year>2017</year>
    <month>9</month>
    <day>13</day>
  </actively_saved_on>
  <plot_file>
    <value>pts_grp_2.csv</value>
  </plot_file>
  <ref_class>
    <code>Forest stable</code>
  </ref_class>
  <confidence>
    <code>hi</code>
  </confidence>
  <comments />
</plot>