<?xml version='1.0' standalone='yes' ?>
<plot step="1" created="2017-09-12T21:39:35.596+02:00" modified="2017-09-12T21:52:36.053+02:00">
  <id>
    <value>489</value>
  </id>
  <location>
    <x>104.710732365851</x>
    <y>12.2870838419296</y>
    <srs>EPSG:4326</srs>
  </location>
  <operator>
    <value>gr2borey</value>
  </operator>
  <elevation>
    <value>9</value>
  </elevation>
  <slope>
    <value>0.00304773375881795</value>
  </slope>
  <aspect>
    <value>4.39554325214751</value>
  </aspect>
  <region>
    <value>K&#226;mp&#243;ng Chhnang</value>
  </region>
  <country>
    <value>Cambodia</value>
  </country>
  <geometry>
    <value>points</value>
  </geometry>
  <area>
    <value>1.0</value>
  </area>
  <map_class>
    <code>Non Forest stable</code>
  </map_class>
  <actively_saved>
    <value>true</value>
  </actively_saved>
  <actively_saved_on>
    <year>2017</year>
    <month>9</month>
    <day>13</day>
  </actively_saved_on>
  <plot_file>
    <value>pts_grp_2.csv</value>
  </plot_file>
  <ref_class>
    <code>Non Forest stable</code>
  </ref_class>
  <confidence>
    <code>hi</code>
  </confidence>
  <comments />
</plot>