<?xml version='1.0' standalone='yes' ?>
<plot step="1" created="2017-09-12T21:58:57.576+02:00" modified="2017-09-12T21:59:05.471+02:00">
  <id>
    <value>385</value>
  </id>
  <location>
    <x>102.891037137007</x>
    <y>12.84554272855</y>
    <srs>EPSG:4326</srs>
  </location>
  <operator>
    <value>gr2borey</value>
  </operator>
  <elevation>
    <value>68</value>
  </elevation>
  <slope>
    <value>0.00179246497689621</value>
  </slope>
  <aspect>
    <value>2.12912092762376</value>
  </aspect>
  <region>
    <value>Batd&#226;mb&#226;ng</value>
  </region>
  <country>
    <value>Cambodia</value>
  </country>
  <geometry>
    <value>points</value>
  </geometry>
  <area>
    <value>1.0</value>
  </area>
  <map_class>
    <code>Non Forest stable</code>
  </map_class>
  <actively_saved>
    <value>true</value>
  </actively_saved>
  <actively_saved_on>
    <year>2017</year>
    <month>9</month>
    <day>13</day>
  </actively_saved_on>
  <plot_file>
    <value>pts_grp_2.csv</value>
  </plot_file>
  <ref_class>
    <code>Deforestation crops</code>
  </ref_class>
  <confidence>
    <code>lo</code>
  </confidence>
  <comments />
</plot>