<?xml version='1.0' standalone='yes' ?>
<plot step="1" created="2017-09-12T22:09:42.570+02:00" modified="2017-09-12T22:09:48.149+02:00">
  <id>
    <value>481</value>
  </id>
  <location>
    <x>103.885840343089</x>
    <y>11.118007635375</y>
    <srs>EPSG:4326</srs>
  </location>
  <operator>
    <value>gr2borey</value>
  </operator>
  <elevation>
    <value>132</value>
  </elevation>
  <slope>
    <value>0.0443707220290587</value>
  </slope>
  <aspect>
    <value>2.52485250972591</value>
  </aspect>
  <region>
    <value>Ka&#244;h Kong</value>
  </region>
  <country>
    <value>Cambodia</value>
  </country>
  <geometry>
    <value>points</value>
  </geometry>
  <area>
    <value>1.0</value>
  </area>
  <map_class>
    <code>Forest stable</code>
  </map_class>
  <actively_saved>
    <value>true</value>
  </actively_saved>
  <actively_saved_on>
    <year>2017</year>
    <month>9</month>
    <day>13</day>
  </actively_saved_on>
  <plot_file>
    <value>pts_grp_2.csv</value>
  </plot_file>
  <ref_class>
    <code>Forest stable</code>
  </ref_class>
  <confidence>
    <code>hi</code>
  </confidence>
  <comments />
</plot>