<?xml version='1.0' standalone='yes' ?>
<plot step="1" created="2017-09-12T22:10:25.543+02:00" modified="2017-09-12T22:10:30.268+02:00">
  <id>
    <value>307</value>
  </id>
  <location>
    <x>102.94264349454</x>
    <y>14.0267788155244</y>
    <srs>EPSG:4326</srs>
  </location>
  <operator>
    <value>gr2borey</value>
  </operator>
  <elevation>
    <value>54</value>
  </elevation>
  <slope>
    <value>0.00231031667570421</value>
  </slope>
  <aspect>
    <value>3.08143917206345</value>
  </aspect>
  <region>
    <value>B&#226;nt&#233;ay M&#233;anchey</value>
  </region>
  <country>
    <value>Cambodia</value>
  </country>
  <geometry>
    <value>points</value>
  </geometry>
  <area>
    <value>1.0</value>
  </area>
  <map_class>
    <code>Non Forest stable</code>
  </map_class>
  <actively_saved>
    <value>true</value>
  </actively_saved>
  <actively_saved_on>
    <year>2017</year>
    <month>9</month>
    <day>13</day>
  </actively_saved_on>
  <plot_file>
    <value>pts_grp_2.csv</value>
  </plot_file>
  <ref_class>
    <code>Non Forest stable</code>
  </ref_class>
  <confidence>
    <code>hi</code>
  </confidence>
  <comments />
</plot>