<?xml version='1.0' standalone='yes' ?>
<plot step="1" created="2017-09-12T22:18:48.627+02:00" modified="2017-09-12T22:18:55.364+02:00">
  <id>
    <value>531</value>
  </id>
  <location>
    <x>104.929958352447</x>
    <y>13.4572809062849</y>
    <srs>EPSG:4326</srs>
  </location>
  <operator>
    <value>gr2borey</value>
  </operator>
  <elevation>
    <value>98</value>
  </elevation>
  <slope>
    <value>0.00929667221476395</value>
  </slope>
  <aspect>
    <value>5.91741898046078</value>
  </aspect>
  <region>
    <value>Preah Vih&#233;ar</value>
  </region>
  <country>
    <value>Cambodia</value>
  </country>
  <geometry>
    <value>points</value>
  </geometry>
  <area>
    <value>1.0</value>
  </area>
  <map_class>
    <code>Deforestation rubber</code>
  </map_class>
  <actively_saved>
    <value>true</value>
  </actively_saved>
  <actively_saved_on>
    <year>2017</year>
    <month>9</month>
    <day>13</day>
  </actively_saved_on>
  <plot_file>
    <value>pts_grp_2.csv</value>
  </plot_file>
  <ref_class>
    <code>Deforestation crops</code>
  </ref_class>
  <confidence>
    <code>lo</code>
  </confidence>
  <comments />
</plot>