<?xml version='1.0' standalone='yes' ?>
<plot step="1" created="2017-09-12T22:41:57.875+02:00" modified="2017-09-12T22:42:02.292+02:00">
  <id>
    <value>887</value>
  </id>
  <location>
    <x>102.550468044711</x>
    <y>12.9381665735978</y>
    <srs>EPSG:4326</srs>
  </location>
  <operator>
    <value>gr2borey</value>
  </operator>
  <elevation>
    <value>146</value>
  </elevation>
  <slope>
    <value>0.0228026221396661</value>
  </slope>
  <aspect>
    <value>5.91741680118254</value>
  </aspect>
  <region>
    <value>Krong Pailin</value>
  </region>
  <country>
    <value>Cambodia</value>
  </country>
  <geometry>
    <value>points</value>
  </geometry>
  <area>
    <value>1.0</value>
  </area>
  <map_class>
    <code>Non Forest stable</code>
  </map_class>
  <actively_saved>
    <value>true</value>
  </actively_saved>
  <actively_saved_on>
    <year>2017</year>
    <month>9</month>
    <day>13</day>
  </actively_saved_on>
  <plot_file>
    <value>pts_grp_2.csv</value>
  </plot_file>
  <ref_class>
    <code>Non Forest stable</code>
  </ref_class>
  <confidence>
    <code>hi</code>
  </confidence>
  <comments />
</plot>