<?xml version='1.0' standalone='yes' ?>
<plot step="1" created="2017-09-12T22:49:31.482+02:00" modified="2017-09-12T22:49:37.371+02:00">
  <id>
    <value>175</value>
  </id>
  <location>
    <x>106.815885199879</x>
    <y>12.4056582887231</y>
    <srs>EPSG:4326</srs>
  </location>
  <operator>
    <value>gr2borey</value>
  </operator>
  <elevation>
    <value>162</value>
  </elevation>
  <slope>
    <value>0.0191905638492706</value>
  </slope>
  <aspect>
    <value>4.98431141429391</value>
  </aspect>
  <region>
    <value>M&#244;nd&#243;l Kiri</value>
  </region>
  <country>
    <value>Cambodia</value>
  </country>
  <geometry>
    <value>points</value>
  </geometry>
  <area>
    <value>1.0</value>
  </area>
  <map_class>
    <code>Forest stable</code>
  </map_class>
  <actively_saved>
    <value>true</value>
  </actively_saved>
  <actively_saved_on>
    <year>2017</year>
    <month>9</month>
    <day>13</day>
  </actively_saved_on>
  <plot_file>
    <value>pts_grp_2.csv</value>
  </plot_file>
  <ref_class>
    <code>Forest stable</code>
  </ref_class>
  <confidence>
    <code>hi</code>
  </confidence>
  <comments />
</plot>