<?xml version='1.0' standalone='yes' ?>
<plot step="1" created="2017-09-12T23:08:49.297+02:00" modified="2017-09-12T23:08:54.924+02:00">
  <id>
    <value>478</value>
  </id>
  <location>
    <x>104.963114321702</x>
    <y>13.2414869175203</y>
    <srs>EPSG:4326</srs>
  </location>
  <operator>
    <value>gr2borey</value>
  </operator>
  <elevation>
    <value>91</value>
  </elevation>
  <slope>
    <value>0.012289101495315</value>
  </slope>
  <aspect>
    <value>1.70364419946732</value>
  </aspect>
  <region>
    <value>Preah Vih&#233;ar</value>
  </region>
  <country>
    <value>Cambodia</value>
  </country>
  <geometry>
    <value>points</value>
  </geometry>
  <area>
    <value>1.0</value>
  </area>
  <map_class>
    <code>Forest stable</code>
  </map_class>
  <actively_saved>
    <value>true</value>
  </actively_saved>
  <actively_saved_on>
    <year>2017</year>
    <month>9</month>
    <day>13</day>
  </actively_saved_on>
  <plot_file>
    <value>pts_grp_2.csv</value>
  </plot_file>
  <ref_class>
    <code>Deforestation other</code>
  </ref_class>
  <confidence>
    <code>lo</code>
  </confidence>
  <comments />
</plot>