<?xml version='1.0' standalone='yes' ?>
<plot step="1" created="2017-09-12T23:45:56.883+02:00" modified="2017-09-12T23:46:17.387+02:00">
  <id>
    <value>724</value>
  </id>
  <location>
    <x>105.338245745728</x>
    <y>13.1340765625199</y>
    <srs>EPSG:4326</srs>
  </location>
  <operator>
    <value>gr2borey</value>
  </operator>
  <elevation>
    <value>95</value>
  </elevation>
  <slope>
    <value>0.0107137220960493</value>
  </slope>
  <aspect>
    <value>0.558009539595755</value>
  </aspect>
  <region>
    <value>K&#226;mp&#243;ng Thum</value>
  </region>
  <country>
    <value>Cambodia</value>
  </country>
  <geometry>
    <value>points</value>
  </geometry>
  <area>
    <value>1.0</value>
  </area>
  <map_class>
    <code>Deforestation crops</code>
  </map_class>
  <actively_saved>
    <value>true</value>
  </actively_saved>
  <actively_saved_on>
    <year>2017</year>
    <month>9</month>
    <day>13</day>
  </actively_saved_on>
  <plot_file>
    <value>pts_grp_2.csv</value>
  </plot_file>
  <ref_class>
    <code>Deforestation crops</code>
  </ref_class>
  <confidence>
    <code>hi</code>
  </confidence>
  <comments />
</plot>