<?xml version='1.0' standalone='yes' ?>
<plot step="1" created="2017-09-12T23:55:36.544+02:00" modified="2017-09-12T23:55:41.667+02:00">
  <id>
    <value>919</value>
  </id>
  <location>
    <x>106.267598857088</x>
    <y>11.7224606439073</y>
    <srs>EPSG:4326</srs>
  </location>
  <operator>
    <value>gr2borey</value>
  </operator>
  <elevation>
    <value>57</value>
  </elevation>
  <slope>
    <value>0.0</value>
  </slope>
  <aspect>
    <value>0.0</value>
  </aspect>
  <region>
    <value>Tbong Khmum</value>
  </region>
  <country>
    <value>Cambodia</value>
  </country>
  <geometry>
    <value>points</value>
  </geometry>
  <area>
    <value>1.0</value>
  </area>
  <map_class>
    <code>Non Forest stable</code>
  </map_class>
  <actively_saved>
    <value>true</value>
  </actively_saved>
  <actively_saved_on>
    <year>2017</year>
    <month>9</month>
    <day>13</day>
  </actively_saved_on>
  <plot_file>
    <value>pts_grp_2.csv</value>
  </plot_file>
  <ref_class>
    <code>Non Forest stable</code>
  </ref_class>
  <confidence>
    <code>hi</code>
  </confidence>
  <comments />
</plot>