<?xml version='1.0' standalone='yes' ?>
<plot step="1" created="2017-09-13T00:01:13.278+02:00" modified="2017-09-13T00:01:18.476+02:00">
  <id>
    <value>811</value>
  </id>
  <location>
    <x>106.269349278448</x>
    <y>13.6551123034243</y>
    <srs>EPSG:4326</srs>
  </location>
  <operator>
    <value>gr2borey</value>
  </operator>
  <elevation>
    <value>108</value>
  </elevation>
  <slope>
    <value>0.00203747219629462</value>
  </slope>
  <aspect>
    <value>1.085962717906</value>
  </aspect>
  <region>
    <value>St&#339;ng Tr&#234;ng</value>
  </region>
  <country>
    <value>Cambodia</value>
  </country>
  <geometry>
    <value>points</value>
  </geometry>
  <area>
    <value>1.0</value>
  </area>
  <map_class>
    <code>Forest stable</code>
  </map_class>
  <actively_saved>
    <value>true</value>
  </actively_saved>
  <actively_saved_on>
    <year>2017</year>
    <month>9</month>
    <day>13</day>
  </actively_saved_on>
  <plot_file>
    <value>pts_grp_2.csv</value>
  </plot_file>
  <ref_class>
    <code>Forest stable</code>
  </ref_class>
  <confidence>
    <code>hi</code>
  </confidence>
  <comments />
</plot>