<?xml version='1.0' standalone='yes' ?>
<plot step="1" created="2017-09-12T09:58:28.359+02:00" modified="2017-09-12T09:58:37.965+02:00">
  <id>
    <value>899</value>
  </id>
  <location>
    <x>106.60281713994</x>
    <y>14.0845459355112</y>
    <srs>EPSG:4326</srs>
  </location>
  <operator>
    <value>khidorang</value>
  </operator>
  <elevation>
    <value>92</value>
  </elevation>
  <slope>
    <value>0.00982373853023668</value>
  </slope>
  <aspect>
    <value>4.34517033332262</value>
  </aspect>
  <region>
    <value>St&#339;ng Tr&#234;ng</value>
  </region>
  <country>
    <value>Cambodia</value>
  </country>
  <geometry>
    <value>points</value>
  </geometry>
  <area>
    <value>1.0</value>
  </area>
  <map_class>
    <code>Forest stable</code>
  </map_class>
  <actively_saved>
    <value>true</value>
  </actively_saved>
  <actively_saved_on>
    <year>2017</year>
    <month>9</month>
    <day>12</day>
  </actively_saved_on>
  <plot_file>
    <value>pts_grp_3.csv</value>
  </plot_file>
  <ref_class>
    <code>Forest stable</code>
  </ref_class>
  <confidence>
    <code>hi</code>
  </confidence>
  <comments />
</plot>