<?xml version='1.0' standalone='yes' ?>
<plot step="1" created="2017-09-12T10:09:15.814+02:00" modified="2017-09-12T10:09:19.584+02:00">
  <id>
    <value>756</value>
  </id>
  <location>
    <x>103.951493265143</x>
    <y>13.4222321656287</y>
    <srs>EPSG:4326</srs>
  </location>
  <operator>
    <value>khidorang</value>
  </operator>
  <elevation>
    <value>25</value>
  </elevation>
  <slope>
    <value>8.0336022623836E-4</value>
  </slope>
  <aspect>
    <value>4.18117552997802</value>
  </aspect>
  <region>
    <value>Siemr&#233;ab</value>
  </region>
  <country>
    <value>Cambodia</value>
  </country>
  <geometry>
    <value>points</value>
  </geometry>
  <area>
    <value>1.0</value>
  </area>
  <map_class>
    <code>Non Forest stable</code>
  </map_class>
  <actively_saved>
    <value>true</value>
  </actively_saved>
  <actively_saved_on>
    <year>2017</year>
    <month>9</month>
    <day>12</day>
  </actively_saved_on>
  <plot_file>
    <value>pts_grp_3.csv</value>
  </plot_file>
  <ref_class>
    <code>Non Forest stable</code>
  </ref_class>
  <confidence>
    <code>hi</code>
  </confidence>
  <comments />
</plot>