<?xml version='1.0' standalone='yes' ?>
<plot step="1" created="2017-09-12T10:52:52.332+02:00" modified="2017-09-12T10:52:58.602+02:00">
  <id>
    <value>294</value>
  </id>
  <location>
    <x>104.437668539208</x>
    <y>10.4381973831741</y>
    <srs>EPSG:4326</srs>
  </location>
  <operator>
    <value>khidorang</value>
  </operator>
  <elevation>
    <value>2</value>
  </elevation>
  <slope>
    <value>0.0</value>
  </slope>
  <aspect>
    <value>0.0</value>
  </aspect>
  <region>
    <value>K&#226;mp&#244;t</value>
  </region>
  <country>
    <value>Cambodia</value>
  </country>
  <geometry>
    <value>points</value>
  </geometry>
  <area>
    <value>1.0</value>
  </area>
  <map_class>
    <code>Non Forest stable</code>
  </map_class>
  <actively_saved>
    <value>true</value>
  </actively_saved>
  <actively_saved_on>
    <year>2017</year>
    <month>9</month>
    <day>12</day>
  </actively_saved_on>
  <plot_file>
    <value>pts_grp_3.csv</value>
  </plot_file>
  <ref_class>
    <code>Non Forest stable</code>
  </ref_class>
  <confidence>
    <code>hi</code>
  </confidence>
  <comments />
</plot>