<?xml version='1.0' standalone='yes' ?>
<plot step="1" created="2017-09-12T10:54:10.176+02:00" modified="2017-09-12T10:54:32.169+02:00">
  <id>
    <value>130</value>
  </id>
  <location>
    <x>105.223059751573</x>
    <y>13.6131516793504</y>
    <srs>EPSG:4326</srs>
  </location>
  <operator>
    <value>khidorang</value>
  </operator>
  <elevation>
    <value>58</value>
  </elevation>
  <slope>
    <value>0.00403079001483391</value>
  </slope>
  <aspect>
    <value>4.98498958770511</value>
  </aspect>
  <region>
    <value>Preah Vih&#233;ar</value>
  </region>
  <country>
    <value>Cambodia</value>
  </country>
  <geometry>
    <value>points</value>
  </geometry>
  <area>
    <value>1.0</value>
  </area>
  <map_class>
    <code>Non Forest stable</code>
  </map_class>
  <actively_saved>
    <value>true</value>
  </actively_saved>
  <actively_saved_on>
    <year>2017</year>
    <month>9</month>
    <day>12</day>
  </actively_saved_on>
  <plot_file>
    <value>pts_grp_3.csv</value>
  </plot_file>
  <ref_class>
    <code>Deforestation other</code>
  </ref_class>
  <confidence>
    <code>lo</code>
  </confidence>
  <comments />
</plot>