<?xml version='1.0' standalone='yes' ?>
<plot step="1" created="2017-09-12T11:12:00.696+02:00" modified="2017-09-12T11:12:12.640+02:00">
  <id>
    <value>908</value>
  </id>
  <location>
    <x>105.066600907996</x>
    <y>11.6783853979742</y>
    <srs>EPSG:4326</srs>
  </location>
  <operator>
    <value>khidorang</value>
  </operator>
  <elevation>
    <value>15</value>
  </elevation>
  <slope>
    <value>0.00159867073597931</value>
  </slope>
  <aspect>
    <value>5.24656308979235</value>
  </aspect>
  <region>
    <value>K&#226;ndal</value>
  </region>
  <country>
    <value>Cambodia</value>
  </country>
  <geometry>
    <value>points</value>
  </geometry>
  <area>
    <value>1.0</value>
  </area>
  <map_class>
    <code>Non Forest stable</code>
  </map_class>
  <actively_saved>
    <value>true</value>
  </actively_saved>
  <actively_saved_on>
    <year>2017</year>
    <month>9</month>
    <day>12</day>
  </actively_saved_on>
  <plot_file>
    <value>pts_grp_3.csv</value>
  </plot_file>
  <ref_class>
    <code>Non Forest stable</code>
  </ref_class>
  <confidence>
    <code>lo</code>
  </confidence>
  <comments />
</plot>