<?xml version='1.0' standalone='yes' ?>
<plot step="1" created="2017-09-12T11:12:15.545+02:00" modified="2017-09-12T11:12:18.980+02:00">
  <id>
    <value>749</value>
  </id>
  <location>
    <x>103.291470192881</x>
    <y>13.1028929305298</y>
    <srs>EPSG:4326</srs>
  </location>
  <operator>
    <value>khidorang</value>
  </operator>
  <elevation>
    <value>13</value>
  </elevation>
  <slope>
    <value>4.29839783888382E-4</value>
  </slope>
  <aspect>
    <value>0.327697688446392</value>
  </aspect>
  <region>
    <value>Batd&#226;mb&#226;ng</value>
  </region>
  <country>
    <value>Cambodia</value>
  </country>
  <geometry>
    <value>points</value>
  </geometry>
  <area>
    <value>1.0</value>
  </area>
  <map_class>
    <code>Non Forest stable</code>
  </map_class>
  <actively_saved>
    <value>true</value>
  </actively_saved>
  <actively_saved_on>
    <year>2017</year>
    <month>9</month>
    <day>12</day>
  </actively_saved_on>
  <plot_file>
    <value>pts_grp_3.csv</value>
  </plot_file>
  <ref_class>
    <code>Non Forest stable</code>
  </ref_class>
  <confidence>
    <code>hi</code>
  </confidence>
  <comments />
</plot>