<?xml version='1.0' standalone='yes' ?>
<plot step="1" created="2017-09-12T11:14:04.468+02:00" modified="2017-09-12T11:14:09.452+02:00">
  <id>
    <value>563</value>
  </id>
  <location>
    <x>105.424415366148</x>
    <y>13.0687725185521</y>
    <srs>EPSG:4326</srs>
  </location>
  <operator>
    <value>khidorang</value>
  </operator>
  <elevation>
    <value>96</value>
  </elevation>
  <slope>
    <value>0.0185229194939766</value>
  </slope>
  <aspect>
    <value>1.20379515635229</value>
  </aspect>
  <region>
    <value>K&#226;mp&#243;ng Thum</value>
  </region>
  <country>
    <value>Cambodia</value>
  </country>
  <geometry>
    <value>points</value>
  </geometry>
  <area>
    <value>1.0</value>
  </area>
  <map_class>
    <code>Enhancement</code>
  </map_class>
  <actively_saved>
    <value>true</value>
  </actively_saved>
  <actively_saved_on>
    <year>2017</year>
    <month>9</month>
    <day>12</day>
  </actively_saved_on>
  <plot_file>
    <value>pts_grp_3.csv</value>
  </plot_file>
  <ref_class>
    <code>Forest stable</code>
  </ref_class>
  <confidence>
    <code>hi</code>
  </confidence>
  <comments />
</plot>