<?xml version='1.0' standalone='yes' ?>
<plot step="1" created="2017-09-12T11:15:43.275+02:00" modified="2017-09-12T11:15:47.131+02:00">
  <id>
    <value>773</value>
  </id>
  <location>
    <x>104.923028215869</x>
    <y>13.467742451462</y>
    <srs>EPSG:4326</srs>
  </location>
  <operator>
    <value>khidorang</value>
  </operator>
  <elevation>
    <value>84</value>
  </elevation>
  <slope>
    <value>0.00235940584017431</value>
  </slope>
  <aspect>
    <value>4.65486177636878</value>
  </aspect>
  <region>
    <value>Preah Vih&#233;ar</value>
  </region>
  <country>
    <value>Cambodia</value>
  </country>
  <geometry>
    <value>points</value>
  </geometry>
  <area>
    <value>1.0</value>
  </area>
  <map_class>
    <code>Deforestation rubber</code>
  </map_class>
  <actively_saved>
    <value>true</value>
  </actively_saved>
  <actively_saved_on>
    <year>2017</year>
    <month>9</month>
    <day>12</day>
  </actively_saved_on>
  <plot_file>
    <value>pts_grp_3.csv</value>
  </plot_file>
  <ref_class>
    <code>Non Forest stable</code>
  </ref_class>
  <confidence>
    <code>hi</code>
  </confidence>
  <comments />
</plot>