<?xml version='1.0' standalone='yes' ?>
<plot step="1" created="2017-09-12T11:30:58.534+02:00" modified="2017-09-12T11:31:02.010+02:00">
  <id>
    <value>596</value>
  </id>
  <location>
    <x>103.527072598395</x>
    <y>12.3926933294572</y>
    <srs>EPSG:4326</srs>
  </location>
  <operator>
    <value>khidorang</value>
  </operator>
  <elevation>
    <value>431</value>
  </elevation>
  <slope>
    <value>0.0519919001930255</value>
  </slope>
  <aspect>
    <value>3.64511337261222</value>
  </aspect>
  <region>
    <value>Pouthisat</value>
  </region>
  <country>
    <value>Cambodia</value>
  </country>
  <geometry>
    <value>points</value>
  </geometry>
  <area>
    <value>1.0</value>
  </area>
  <map_class>
    <code>Forest stable</code>
  </map_class>
  <actively_saved>
    <value>true</value>
  </actively_saved>
  <actively_saved_on>
    <year>2017</year>
    <month>9</month>
    <day>12</day>
  </actively_saved_on>
  <plot_file>
    <value>pts_grp_3.csv</value>
  </plot_file>
  <ref_class>
    <code>Forest stable</code>
  </ref_class>
  <confidence>
    <code>hi</code>
  </confidence>
  <comments />
</plot>