<?xml version='1.0' standalone='yes' ?>
<plot step="1" created="2017-09-12T11:43:39.880+02:00" modified="2017-09-12T11:43:45.331+02:00">
  <id>
    <value>386</value>
  </id>
  <location>
    <x>103.420573602839</x>
    <y>11.8702740356315</y>
    <srs>EPSG:4326</srs>
  </location>
  <operator>
    <value>khidorang</value>
  </operator>
  <elevation>
    <value>984</value>
  </elevation>
  <slope>
    <value>0.036485798036209</value>
  </slope>
  <aspect>
    <value>2.18922532390919</value>
  </aspect>
  <region>
    <value>Ka&#244;h Kong</value>
  </region>
  <country>
    <value>Cambodia</value>
  </country>
  <geometry>
    <value>points</value>
  </geometry>
  <area>
    <value>1.0</value>
  </area>
  <map_class>
    <code>Forest stable</code>
  </map_class>
  <actively_saved>
    <value>true</value>
  </actively_saved>
  <actively_saved_on>
    <year>2017</year>
    <month>9</month>
    <day>12</day>
  </actively_saved_on>
  <plot_file>
    <value>pts_grp_3.csv</value>
  </plot_file>
  <ref_class>
    <code>Forest stable</code>
  </ref_class>
  <confidence>
    <code>hi</code>
  </confidence>
  <comments />
</plot>