<?xml version='1.0' standalone='yes' ?>
<plot step="1" created="2017-09-12T11:48:35.347+02:00" modified="2017-09-12T11:48:41.237+02:00">
  <id>
    <value>495</value>
  </id>
  <location>
    <x>105.07274281318</x>
    <y>11.4164550145717</y>
    <srs>EPSG:4326</srs>
  </location>
  <operator>
    <value>khidorang</value>
  </operator>
  <elevation>
    <value>6</value>
  </elevation>
  <slope>
    <value>0.00147787166337493</value>
  </slope>
  <aspect>
    <value>1.94675456995466</value>
  </aspect>
  <region>
    <value>K&#226;ndal</value>
  </region>
  <country>
    <value>Cambodia</value>
  </country>
  <geometry>
    <value>points</value>
  </geometry>
  <area>
    <value>1.0</value>
  </area>
  <map_class>
    <code>Non Forest stable</code>
  </map_class>
  <actively_saved>
    <value>true</value>
  </actively_saved>
  <actively_saved_on>
    <year>2017</year>
    <month>9</month>
    <day>12</day>
  </actively_saved_on>
  <plot_file>
    <value>pts_grp_3.csv</value>
  </plot_file>
  <ref_class>
    <code>Non Forest stable</code>
  </ref_class>
  <confidence>
    <code>hi</code>
  </confidence>
  <comments />
</plot>