<?xml version='1.0' standalone='yes' ?>
<plot step="1" created="2017-09-12T11:50:13.176+02:00" modified="2017-09-12T11:50:25.411+02:00">
  <id>
    <value>218</value>
  </id>
  <location>
    <x>103.057107392598</x>
    <y>11.9916597409753</y>
    <srs>EPSG:4326</srs>
  </location>
  <operator>
    <value>khidorang</value>
  </operator>
  <elevation>
    <value>500</value>
  </elevation>
  <slope>
    <value>0.0189112362541854</value>
  </slope>
  <aspect>
    <value>2.79221656568034</value>
  </aspect>
  <region>
    <value>Pouthisat</value>
  </region>
  <country>
    <value>Cambodia</value>
  </country>
  <geometry>
    <value>points</value>
  </geometry>
  <area>
    <value>1.0</value>
  </area>
  <map_class>
    <code>Forest stable</code>
  </map_class>
  <actively_saved>
    <value>true</value>
  </actively_saved>
  <actively_saved_on>
    <year>2017</year>
    <month>9</month>
    <day>12</day>
  </actively_saved_on>
  <plot_file>
    <value>pts_grp_3.csv</value>
  </plot_file>
  <ref_class>
    <code>Forest stable</code>
  </ref_class>
  <confidence>
    <code>hi</code>
  </confidence>
  <comments />
</plot>