<?xml version='1.0' standalone='yes' ?>
<plot step="1" created="2017-09-12T09:53:26.535+02:00" modified="2017-09-12T09:54:32.695+02:00">
  <id>
    <value>499</value>
  </id>
  <location>
    <x>103.531803908596</x>
    <y>11.2608315440629</y>
    <srs>EPSG:4326</srs>
  </location>
  <operator />
  <elevation>
    <value>44</value>
  </elevation>
  <slope>
    <value>0.0128552390329772</value>
  </slope>
  <aspect>
    <value>0.912192115284972</value>
  </aspect>
  <region>
    <value>Ka&#244;h Kong</value>
  </region>
  <country>
    <value>Cambodia</value>
  </country>
  <geometry>
    <value>points</value>
  </geometry>
  <area>
    <value>1.0</value>
  </area>
  <map_class>
    <code>Deforestation crops</code>
  </map_class>
  <actively_saved>
    <value>true</value>
  </actively_saved>
  <actively_saved_on>
    <year>2017</year>
    <month>9</month>
    <day>12</day>
  </actively_saved_on>
  <plot_file>
    <value>pts_aa_change_1416_CE_2017-09-12.csv</value>
  </plot_file>
  <ref_class>
    <code>Forest stable</code>
  </ref_class>
  <confidence>
    <code>hi</code>
  </confidence>
  <comments>
    <value>The forest with stream</value>
  </comments>
</plot>