<?xml version='1.0' standalone='yes' ?>
<plot step="1" created="2017-09-12T11:54:22.571+02:00" modified="2017-09-12T11:54:34.607+02:00">
  <id>
    <value>912</value>
  </id>
  <location>
    <x>105.424250713634</x>
    <y>12.5148162604771</y>
    <srs>EPSG:4326</srs>
  </location>
  <operator />
  <elevation>
    <value>51</value>
  </elevation>
  <slope>
    <value>0.00368601156293205</value>
  </slope>
  <aspect>
    <value>3.02901820297625</value>
  </aspect>
  <region>
    <value>K&#226;mp&#243;ng Thum</value>
  </region>
  <country>
    <value>Cambodia</value>
  </country>
  <geometry>
    <value>points</value>
  </geometry>
  <area>
    <value>1.0</value>
  </area>
  <map_class>
    <code>Deforestation crops</code>
  </map_class>
  <actively_saved>
    <value>true</value>
  </actively_saved>
  <actively_saved_on>
    <year>2017</year>
    <month>9</month>
    <day>12</day>
  </actively_saved_on>
  <plot_file>
    <value>pts_aa_change_1416_CE_2017-09-12.csv</value>
  </plot_file>
  <ref_class>
    <code>Forest stable</code>
  </ref_class>
  <confidence>
    <code>hi</code>
  </confidence>
  <comments />
</plot>