<?xml version='1.0' standalone='yes' ?>
<plot step="1" created="2017-09-12T09:40:31.708+02:00" modified="2017-09-12T09:41:18.480+02:00">
  <id>
    <value>396</value>
  </id>
  <location>
    <x>104.685434379679</x>
    <y>11.9972914980567</y>
    <srs>EPSG:4326</srs>
  </location>
  <operator>
    <value>norin123</value>
  </operator>
  <elevation>
    <value>24</value>
  </elevation>
  <slope>
    <value>0.00234616850146768</value>
  </slope>
  <aspect>
    <value>2.51405931424712</value>
  </aspect>
  <region>
    <value>K&#226;mp&#243;ng Chhnang</value>
  </region>
  <country>
    <value>Cambodia</value>
  </country>
  <geometry>
    <value>points</value>
  </geometry>
  <area>
    <value>1.0</value>
  </area>
  <map_class>
    <code>Non Forest stable</code>
  </map_class>
  <actively_saved>
    <value>true</value>
  </actively_saved>
  <actively_saved_on>
    <year>2017</year>
    <month>9</month>
    <day>12</day>
  </actively_saved_on>
  <plot_file>
    <value>pts_grp_5.csv</value>
  </plot_file>
  <ref_class>
    <code>Non Forest stable</code>
  </ref_class>
  <confidence>
    <code>hi</code>
  </confidence>
  <comments>
    <value>Paddy field</value>
  </comments>
</plot>