<?xml version='1.0' standalone='yes' ?>
<plot step="1" created="2017-09-12T10:01:44.716+02:00" modified="2017-09-12T10:03:36.438+02:00">
  <id>
    <value>118</value>
  </id>
  <location>
    <x>106.122496960769</x>
    <y>13.0856262350527</y>
    <srs>EPSG:4326</srs>
  </location>
  <operator>
    <value>norin123</value>
  </operator>
  <elevation>
    <value>49</value>
  </elevation>
  <slope>
    <value>0.0040237938544815</value>
  </slope>
  <aspect>
    <value>5.78101793218518</value>
  </aspect>
  <region>
    <value>Kr&#226;ch&#233;h</value>
  </region>
  <country>
    <value>Cambodia</value>
  </country>
  <geometry>
    <value>points</value>
  </geometry>
  <area>
    <value>1.0</value>
  </area>
  <map_class>
    <code>Forest stable</code>
  </map_class>
  <actively_saved>
    <value>true</value>
  </actively_saved>
  <actively_saved_on>
    <year>2017</year>
    <month>9</month>
    <day>12</day>
  </actively_saved_on>
  <plot_file>
    <value>pts_grp_5.csv</value>
  </plot_file>
  <ref_class>
    <code>Forest stable</code>
  </ref_class>
  <confidence>
    <code>hi</code>
  </confidence>
  <comments>
    <value>DF</value>
  </comments>
</plot>