<?xml version='1.0' standalone='yes' ?>
<plot step="1" created="2017-09-12T10:18:04.714+02:00" modified="2017-09-12T10:18:22.933+02:00">
  <id>
    <value>2</value>
  </id>
  <location>
    <x>105.12827309115</x>
    <y>14.1221568308389</y>
    <srs>EPSG:4326</srs>
  </location>
  <operator>
    <value>norin123</value>
  </operator>
  <elevation>
    <value>86</value>
  </elevation>
  <slope>
    <value>0.0034210140687665</value>
  </slope>
  <aspect>
    <value>4.34746236885037</value>
  </aspect>
  <region>
    <value>Preah Vih&#233;ar</value>
  </region>
  <country>
    <value>Cambodia</value>
  </country>
  <geometry>
    <value>points</value>
  </geometry>
  <area>
    <value>1.0</value>
  </area>
  <map_class>
    <code>Forest stable</code>
  </map_class>
  <actively_saved>
    <value>true</value>
  </actively_saved>
  <actively_saved_on>
    <year>2017</year>
    <month>9</month>
    <day>12</day>
  </actively_saved_on>
  <plot_file>
    <value>pts_grp_5.csv</value>
  </plot_file>
  <ref_class>
    <code>Forest stable</code>
  </ref_class>
  <confidence>
    <code>hi</code>
  </confidence>
  <comments />
</plot>