<?xml version='1.0' standalone='yes' ?>
<plot step="1" created="2017-09-12T10:23:18.832+02:00" modified="2017-09-12T10:23:26.238+02:00">
  <id>
    <value>704</value>
  </id>
  <location>
    <x>104.27884224741</x>
    <y>13.501462068398</y>
    <srs>EPSG:4326</srs>
  </location>
  <operator>
    <value>norin123</value>
  </operator>
  <elevation>
    <value>71</value>
  </elevation>
  <slope>
    <value>0.00380258513028367</value>
  </slope>
  <aspect>
    <value>1.39146489226651</value>
  </aspect>
  <region>
    <value>Siemr&#233;ab</value>
  </region>
  <country>
    <value>Cambodia</value>
  </country>
  <geometry>
    <value>points</value>
  </geometry>
  <area>
    <value>1.0</value>
  </area>
  <map_class>
    <code>Non Forest stable</code>
  </map_class>
  <actively_saved>
    <value>true</value>
  </actively_saved>
  <actively_saved_on>
    <year>2017</year>
    <month>9</month>
    <day>12</day>
  </actively_saved_on>
  <plot_file>
    <value>pts_grp_5.csv</value>
  </plot_file>
  <ref_class>
    <code>Non Forest stable</code>
  </ref_class>
  <confidence>
    <code>hi</code>
  </confidence>
  <comments />
</plot>