<?xml version='1.0' standalone='yes' ?>
<plot step="1" created="2017-09-12T10:24:27.374+02:00" modified="2017-09-12T10:24:35.333+02:00">
  <id>
    <value>793</value>
  </id>
  <location>
    <x>106.963459989894</x>
    <y>12.1988406850339</y>
    <srs>EPSG:4326</srs>
  </location>
  <operator>
    <value>norin123</value>
  </operator>
  <elevation>
    <value>190</value>
  </elevation>
  <slope>
    <value>0.0198241874741727</value>
  </slope>
  <aspect>
    <value>5.28344430869824</value>
  </aspect>
  <region>
    <value>M&#244;nd&#243;l Kiri</value>
  </region>
  <country>
    <value>Cambodia</value>
  </country>
  <geometry>
    <value>points</value>
  </geometry>
  <area>
    <value>1.0</value>
  </area>
  <map_class>
    <code>Forest stable</code>
  </map_class>
  <actively_saved>
    <value>true</value>
  </actively_saved>
  <actively_saved_on>
    <year>2017</year>
    <month>9</month>
    <day>12</day>
  </actively_saved_on>
  <plot_file>
    <value>pts_grp_5.csv</value>
  </plot_file>
  <ref_class>
    <code>Forest stable</code>
  </ref_class>
  <confidence>
    <code>hi</code>
  </confidence>
  <comments />
</plot>