<?xml version='1.0' standalone='yes' ?>
<plot step="1" created="2017-09-12T10:32:54.862+02:00" modified="2017-09-12T10:33:02.029+02:00">
  <id>
    <value>611</value>
  </id>
  <location>
    <x>107.147962509975</x>
    <y>13.8594431468108</y>
    <srs>EPSG:4326</srs>
  </location>
  <operator>
    <value>norin123</value>
  </operator>
  <elevation>
    <value>205</value>
  </elevation>
  <slope>
    <value>0.0101713827452976</value>
  </slope>
  <aspect>
    <value>1.75860966498164</value>
  </aspect>
  <region>
    <value>R&#244;t&#226;n&#244;kiri</value>
  </region>
  <country>
    <value>Cambodia</value>
  </country>
  <geometry>
    <value>points</value>
  </geometry>
  <area>
    <value>1.0</value>
  </area>
  <map_class>
    <code>Deforestation rubber</code>
  </map_class>
  <actively_saved>
    <value>true</value>
  </actively_saved>
  <actively_saved_on>
    <year>2017</year>
    <month>9</month>
    <day>12</day>
  </actively_saved_on>
  <plot_file>
    <value>pts_grp_5.csv</value>
  </plot_file>
  <ref_class>
    <code>Forest stable</code>
  </ref_class>
  <confidence>
    <code>hi</code>
  </confidence>
  <comments />
</plot>