<?xml version='1.0' standalone='yes' ?>
<plot step="1" created="2017-09-12T10:35:59.078+02:00" modified="2017-09-12T10:36:07.132+02:00">
  <id>
    <value>275</value>
  </id>
  <location>
    <x>104.835879667669</x>
    <y>13.4081959656809</y>
    <srs>EPSG:4326</srs>
  </location>
  <operator>
    <value>norin123</value>
  </operator>
  <elevation>
    <value>65</value>
  </elevation>
  <slope>
    <value>0.00620415734353132</value>
  </slope>
  <aspect>
    <value>5.48733690251609</value>
  </aspect>
  <region>
    <value>Preah Vih&#233;ar</value>
  </region>
  <country>
    <value>Cambodia</value>
  </country>
  <geometry>
    <value>points</value>
  </geometry>
  <area>
    <value>1.0</value>
  </area>
  <map_class>
    <code>Deforestation other</code>
  </map_class>
  <actively_saved>
    <value>true</value>
  </actively_saved>
  <actively_saved_on>
    <year>2017</year>
    <month>9</month>
    <day>12</day>
  </actively_saved_on>
  <plot_file>
    <value>pts_grp_5.csv</value>
  </plot_file>
  <ref_class>
    <code>Forest stable</code>
  </ref_class>
  <confidence>
    <code>hi</code>
  </confidence>
  <comments />
</plot>