<?xml version='1.0' standalone='yes' ?>
<plot step="1" created="2017-09-12T10:39:24.961+02:00" modified="2017-09-12T10:39:30.858+02:00">
  <id>
    <value>638</value>
  </id>
  <location>
    <x>106.00487725386</x>
    <y>13.3709193333645</y>
    <srs>EPSG:4326</srs>
  </location>
  <operator>
    <value>norin123</value>
  </operator>
  <elevation>
    <value>103</value>
  </elevation>
  <slope>
    <value>0.0105292249151902</value>
  </slope>
  <aspect>
    <value>4.73815828893551</value>
  </aspect>
  <region>
    <value>St&#339;ng Tr&#234;ng</value>
  </region>
  <country>
    <value>Cambodia</value>
  </country>
  <geometry>
    <value>points</value>
  </geometry>
  <area>
    <value>1.0</value>
  </area>
  <map_class>
    <code>Non Forest stable</code>
  </map_class>
  <actively_saved>
    <value>true</value>
  </actively_saved>
  <actively_saved_on>
    <year>2017</year>
    <month>9</month>
    <day>12</day>
  </actively_saved_on>
  <plot_file>
    <value>pts_grp_5.csv</value>
  </plot_file>
  <ref_class>
    <code>Non Forest stable</code>
  </ref_class>
  <confidence>
    <code>hi</code>
  </confidence>
  <comments />
</plot>