<?xml version='1.0' standalone='yes' ?>
<plot step="1" created="2017-09-12T10:40:09.625+02:00" modified="2017-09-12T10:40:17.189+02:00">
  <id>
    <value>484</value>
  </id>
  <location>
    <x>102.784940231324</x>
    <y>12.8835843086179</y>
    <srs>EPSG:4326</srs>
  </location>
  <operator>
    <value>norin123</value>
  </operator>
  <elevation>
    <value>204</value>
  </elevation>
  <slope>
    <value>0.11128658201493</value>
  </slope>
  <aspect>
    <value>0.492150931608983</value>
  </aspect>
  <region>
    <value>Batd&#226;mb&#226;ng</value>
  </region>
  <country>
    <value>Cambodia</value>
  </country>
  <geometry>
    <value>points</value>
  </geometry>
  <area>
    <value>1.0</value>
  </area>
  <map_class>
    <code>Deforestation crops</code>
  </map_class>
  <actively_saved>
    <value>true</value>
  </actively_saved>
  <actively_saved_on>
    <year>2017</year>
    <month>9</month>
    <day>12</day>
  </actively_saved_on>
  <plot_file>
    <value>pts_grp_5.csv</value>
  </plot_file>
  <ref_class>
    <code>Non Forest stable</code>
  </ref_class>
  <confidence>
    <code>hi</code>
  </confidence>
  <comments />
</plot>