<?xml version='1.0' standalone='yes' ?>
<plot step="1" created="2017-09-12T10:48:26.723+02:00" modified="2017-09-12T10:48:34.780+02:00">
  <id>
    <value>333</value>
  </id>
  <location>
    <x>103.743773320497</x>
    <y>10.7486884796681</y>
    <srs>EPSG:4326</srs>
  </location>
  <operator>
    <value>norin123</value>
  </operator>
  <elevation>
    <value>31</value>
  </elevation>
  <slope>
    <value>0.0193495167908081</value>
  </slope>
  <aspect>
    <value>4.44275691342358</value>
  </aspect>
  <region>
    <value>Krong Preah Sihanouk</value>
  </region>
  <country>
    <value>Cambodia</value>
  </country>
  <geometry>
    <value>points</value>
  </geometry>
  <area>
    <value>1.0</value>
  </area>
  <map_class>
    <code>Degradation</code>
  </map_class>
  <actively_saved>
    <value>true</value>
  </actively_saved>
  <actively_saved_on>
    <year>2017</year>
    <month>9</month>
    <day>12</day>
  </actively_saved_on>
  <plot_file>
    <value>pts_grp_5.csv</value>
  </plot_file>
  <ref_class>
    <code>Non Forest stable</code>
  </ref_class>
  <confidence>
    <code>hi</code>
  </confidence>
  <comments />
</plot>