<?xml version='1.0' standalone='yes' ?>
<plot step="1" created="2017-09-12T10:54:28.215+02:00" modified="2017-09-12T10:54:44.612+02:00">
  <id>
    <value>528</value>
  </id>
  <location>
    <x>105.258149565853</x>
    <y>10.9435172507166</y>
    <srs>EPSG:4326</srs>
  </location>
  <operator>
    <value>norin123</value>
  </operator>
  <elevation>
    <value>2</value>
  </elevation>
  <slope>
    <value>4.33504323328806E-4</value>
  </slope>
  <aspect>
    <value>1.25252257750368</value>
  </aspect>
  <region>
    <value>Prey V&#234;ng</value>
  </region>
  <country>
    <value>Cambodia</value>
  </country>
  <geometry>
    <value>points</value>
  </geometry>
  <area>
    <value>1.0</value>
  </area>
  <map_class>
    <code>Non Forest stable</code>
  </map_class>
  <actively_saved>
    <value>true</value>
  </actively_saved>
  <actively_saved_on>
    <year>2017</year>
    <month>9</month>
    <day>12</day>
  </actively_saved_on>
  <plot_file>
    <value>pts_grp_5.csv</value>
  </plot_file>
  <ref_class>
    <code>Non Forest stable</code>
  </ref_class>
  <confidence>
    <code>hi</code>
  </confidence>
  <comments />
</plot>