<?xml version='1.0' standalone='yes' ?>
<plot step="1" created="2017-09-12T10:55:46.578+02:00" modified="2017-09-12T10:55:54.123+02:00">
  <id>
    <value>935</value>
  </id>
  <location>
    <x>103.300764616264</x>
    <y>11.2735029407387</y>
    <srs>EPSG:4326</srs>
  </location>
  <operator>
    <value>norin123</value>
  </operator>
  <elevation>
    <value>31</value>
  </elevation>
  <slope>
    <value>0.00963765542728351</value>
  </slope>
  <aspect>
    <value>6.1112696918243</value>
  </aspect>
  <region>
    <value>Ka&#244;h Kong</value>
  </region>
  <country>
    <value>Cambodia</value>
  </country>
  <geometry>
    <value>points</value>
  </geometry>
  <area>
    <value>1.0</value>
  </area>
  <map_class>
    <code>Forest stable</code>
  </map_class>
  <actively_saved>
    <value>true</value>
  </actively_saved>
  <actively_saved_on>
    <year>2017</year>
    <month>9</month>
    <day>12</day>
  </actively_saved_on>
  <plot_file>
    <value>pts_grp_5.csv</value>
  </plot_file>
  <ref_class>
    <code>Forest stable</code>
  </ref_class>
  <confidence>
    <code>hi</code>
  </confidence>
  <comments />
</plot>