<?xml version='1.0' standalone='yes' ?>
<plot step="1" created="2017-09-12T10:57:54.701+02:00" modified="2017-09-12T10:58:01.420+02:00">
  <id>
    <value>143</value>
  </id>
  <location>
    <x>106.560398061307</x>
    <y>12.7823852959828</y>
    <srs>EPSG:4326</srs>
  </location>
  <operator>
    <value>norin123</value>
  </operator>
  <elevation>
    <value>120</value>
  </elevation>
  <slope>
    <value>0.00544205110542744</value>
  </slope>
  <aspect>
    <value>5.59553164845739</value>
  </aspect>
  <region>
    <value>M&#244;nd&#243;l Kiri</value>
  </region>
  <country>
    <value>Cambodia</value>
  </country>
  <geometry>
    <value>points</value>
  </geometry>
  <area>
    <value>1.0</value>
  </area>
  <map_class>
    <code>Non Forest stable</code>
  </map_class>
  <actively_saved>
    <value>true</value>
  </actively_saved>
  <actively_saved_on>
    <year>2017</year>
    <month>9</month>
    <day>12</day>
  </actively_saved_on>
  <plot_file>
    <value>pts_grp_5.csv</value>
  </plot_file>
  <ref_class>
    <code>Non Forest stable</code>
  </ref_class>
  <confidence>
    <code>hi</code>
  </confidence>
  <comments />
</plot>