<?xml version='1.0' standalone='yes' ?>
<plot step="1" created="2017-09-12T11:00:50.026+02:00" modified="2017-09-12T11:00:56.673+02:00">
  <id>
    <value>577</value>
  </id>
  <location>
    <x>106.67007391197</x>
    <y>13.177571214126</y>
    <srs>EPSG:4326</srs>
  </location>
  <operator>
    <value>norin123</value>
  </operator>
  <elevation>
    <value>196</value>
  </elevation>
  <slope>
    <value>0.00782542382389981</value>
  </slope>
  <aspect>
    <value>4.85151628696719</value>
  </aspect>
  <region>
    <value>M&#244;nd&#243;l Kiri</value>
  </region>
  <country>
    <value>Cambodia</value>
  </country>
  <geometry>
    <value>points</value>
  </geometry>
  <area>
    <value>1.0</value>
  </area>
  <map_class>
    <code>Management</code>
  </map_class>
  <actively_saved>
    <value>true</value>
  </actively_saved>
  <actively_saved_on>
    <year>2017</year>
    <month>9</month>
    <day>12</day>
  </actively_saved_on>
  <plot_file>
    <value>pts_grp_5.csv</value>
  </plot_file>
  <ref_class>
    <code>Forest stable</code>
  </ref_class>
  <confidence>
    <code>hi</code>
  </confidence>
  <comments />
</plot>