<?xml version='1.0' standalone='yes' ?>
<plot step="1" created="2017-09-12T11:14:10.421+02:00" modified="2017-09-12T11:14:17.187+02:00">
  <id>
    <value>539</value>
  </id>
  <location>
    <x>103.247729751625</x>
    <y>10.9551936122845</y>
    <srs>EPSG:4326</srs>
  </location>
  <operator>
    <value>norin123</value>
  </operator>
  <elevation>
    <value>8</value>
  </elevation>
  <slope>
    <value>0.00970777561404638</value>
  </slope>
  <aspect>
    <value>4.03237300104978</value>
  </aspect>
  <region>
    <value>Ka&#244;h Kong</value>
  </region>
  <country>
    <value>Cambodia</value>
  </country>
  <geometry>
    <value>points</value>
  </geometry>
  <area>
    <value>1.0</value>
  </area>
  <map_class>
    <code>Enhancement</code>
  </map_class>
  <actively_saved>
    <value>true</value>
  </actively_saved>
  <actively_saved_on>
    <year>2017</year>
    <month>9</month>
    <day>12</day>
  </actively_saved_on>
  <plot_file>
    <value>pts_grp_5.csv</value>
  </plot_file>
  <ref_class>
    <code>Forest stable</code>
  </ref_class>
  <confidence>
    <code>hi</code>
  </confidence>
  <comments />
</plot>