<?xml version='1.0' standalone='yes' ?>
<plot step="1" created="2017-09-12T11:14:51.439+02:00" modified="2017-09-12T11:14:59.204+02:00">
  <id>
    <value>237</value>
  </id>
  <location>
    <x>104.116969664759</x>
    <y>11.4788919998784</y>
    <srs>EPSG:4326</srs>
  </location>
  <operator>
    <value>norin123</value>
  </operator>
  <elevation>
    <value>157</value>
  </elevation>
  <slope>
    <value>0.0382896570197616</value>
  </slope>
  <aspect>
    <value>1.26876945285177</value>
  </aspect>
  <region>
    <value>K&#226;mp&#243;ng Sp&#339;</value>
  </region>
  <country>
    <value>Cambodia</value>
  </country>
  <geometry>
    <value>points</value>
  </geometry>
  <area>
    <value>1.0</value>
  </area>
  <map_class>
    <code>Degradation</code>
  </map_class>
  <actively_saved>
    <value>true</value>
  </actively_saved>
  <actively_saved_on>
    <year>2017</year>
    <month>9</month>
    <day>12</day>
  </actively_saved_on>
  <plot_file>
    <value>pts_grp_5.csv</value>
  </plot_file>
  <ref_class>
    <code>Non Forest stable</code>
  </ref_class>
  <confidence>
    <code>hi</code>
  </confidence>
  <comments />
</plot>