<?xml version='1.0' standalone='yes' ?>
<plot step="1" created="2017-09-12T11:52:25.069+02:00" modified="2017-09-12T11:52:35.314+02:00">
  <id>
    <value>690</value>
  </id>
  <location>
    <x>105.057644007778</x>
    <y>11.5079004901735</y>
    <srs>EPSG:4326</srs>
  </location>
  <operator>
    <value>norin123</value>
  </operator>
  <elevation>
    <value>12</value>
  </elevation>
  <slope>
    <value>9.82358807629471E-4</value>
  </slope>
  <aspect>
    <value>3.73587799941963</value>
  </aspect>
  <region>
    <value>K&#226;ndal</value>
  </region>
  <country>
    <value>Cambodia</value>
  </country>
  <geometry>
    <value>points</value>
  </geometry>
  <area>
    <value>1.0</value>
  </area>
  <map_class>
    <code>Non Forest stable</code>
  </map_class>
  <actively_saved>
    <value>true</value>
  </actively_saved>
  <actively_saved_on>
    <year>2017</year>
    <month>9</month>
    <day>12</day>
  </actively_saved_on>
  <plot_file>
    <value>pts_grp_5.csv</value>
  </plot_file>
  <ref_class>
    <code>Non Forest stable</code>
  </ref_class>
  <confidence>
    <code>hi</code>
  </confidence>
  <comments />
</plot>