<?xml version='1.0' standalone='yes' ?>
<plot step="1" created="2017-09-12T09:44:16.551+02:00" modified="2017-09-12T10:42:22.481+02:00">
  <id>
    <value>640</value>
  </id>
  <location>
    <x>105.619348477876</x>
    <y>13.5759149488834</y>
    <srs>EPSG:4326</srs>
  </location>
  <operator>
    <value>sereyoudom</value>
  </operator>
  <elevation>
    <value>119</value>
  </elevation>
  <slope>
    <value>0.0149573195127762</value>
  </slope>
  <aspect>
    <value>0.835114216411499</value>
  </aspect>
  <region>
    <value>St&#339;ng Tr&#234;ng</value>
  </region>
  <country>
    <value>Cambodia</value>
  </country>
  <geometry>
    <value>points</value>
  </geometry>
  <area>
    <value>1.0</value>
  </area>
  <map_class>
    <code>Forest stable</code>
  </map_class>
  <actively_saved>
    <value>true</value>
  </actively_saved>
  <actively_saved_on>
    <year>2017</year>
    <month>9</month>
    <day>12</day>
  </actively_saved_on>
  <plot_file>
    <value>pts_grp_6.csv</value>
  </plot_file>
  <ref_class>
    <code>Degradation</code>
  </ref_class>
  <confidence>
    <code>lo</code>
  </confidence>
  <comments />
</plot>