<?xml version='1.0' standalone='yes' ?>
<plot step="1" created="2017-09-12T10:01:58.726+02:00" modified="2017-09-12T10:48:13.362+02:00">
  <id>
    <value>892</value>
  </id>
  <location>
    <x>105.360881350825</x>
    <y>10.957415464318</y>
    <srs>EPSG:4326</srs>
  </location>
  <operator>
    <value>sereyoudom</value>
  </operator>
  <elevation>
    <value>7</value>
  </elevation>
  <slope>
    <value>6.9951962412145E-4</value>
  </slope>
  <aspect>
    <value>4.51722591219226</value>
  </aspect>
  <region>
    <value>Prey V&#234;ng</value>
  </region>
  <country>
    <value>Cambodia</value>
  </country>
  <geometry>
    <value>points</value>
  </geometry>
  <area>
    <value>1.0</value>
  </area>
  <map_class>
    <code>Non Forest stable</code>
  </map_class>
  <actively_saved>
    <value>true</value>
  </actively_saved>
  <actively_saved_on>
    <year>2017</year>
    <month>9</month>
    <day>12</day>
  </actively_saved_on>
  <plot_file>
    <value>pts_grp_6.csv</value>
  </plot_file>
  <ref_class>
    <code>Non Forest stable</code>
  </ref_class>
  <confidence>
    <code>hi</code>
  </confidence>
  <comments />
</plot>