<?xml version='1.0' standalone='yes' ?>
<plot step="1" created="2017-09-12T10:10:40.733+02:00" modified="2017-09-12T10:50:59.155+02:00">
  <id>
    <value>728</value>
  </id>
  <location>
    <x>104.915662037213</x>
    <y>13.0290033918499</y>
    <srs>EPSG:4326</srs>
  </location>
  <operator>
    <value>sereyoudom</value>
  </operator>
  <elevation>
    <value>33</value>
  </elevation>
  <slope>
    <value>0.00252218790766209</value>
  </slope>
  <aspect>
    <value>2.42338425640729</value>
  </aspect>
  <region>
    <value>K&#226;mp&#243;ng Thum</value>
  </region>
  <country>
    <value>Cambodia</value>
  </country>
  <geometry>
    <value>points</value>
  </geometry>
  <area>
    <value>1.0</value>
  </area>
  <map_class>
    <code>Degradation</code>
  </map_class>
  <actively_saved>
    <value>true</value>
  </actively_saved>
  <actively_saved_on>
    <year>2017</year>
    <month>9</month>
    <day>12</day>
  </actively_saved_on>
  <plot_file>
    <value>pts_grp_6.csv</value>
  </plot_file>
  <ref_class>
    <code>Non Forest stable</code>
  </ref_class>
  <confidence>
    <code>hi</code>
  </confidence>
  <comments />
</plot>