<?xml version='1.0' standalone='yes' ?>
<plot step="1" created="2017-09-12T10:11:22.454+02:00" modified="2017-09-12T10:51:18.603+02:00">
  <id>
    <value>100</value>
  </id>
  <location>
    <x>105.655769203056</x>
    <y>10.985089518418</y>
    <srs>EPSG:4326</srs>
  </location>
  <operator>
    <value>sereyoudom</value>
  </operator>
  <elevation>
    <value>3</value>
  </elevation>
  <slope>
    <value>0.0</value>
  </slope>
  <aspect>
    <value>0.0</value>
  </aspect>
  <region>
    <value>Svay Rieng</value>
  </region>
  <country>
    <value>Cambodia</value>
  </country>
  <geometry>
    <value>points</value>
  </geometry>
  <area>
    <value>1.0</value>
  </area>
  <map_class>
    <code>Non Forest stable</code>
  </map_class>
  <actively_saved>
    <value>true</value>
  </actively_saved>
  <actively_saved_on>
    <year>2017</year>
    <month>9</month>
    <day>12</day>
  </actively_saved_on>
  <plot_file>
    <value>pts_grp_6.csv</value>
  </plot_file>
  <ref_class>
    <code>Non Forest stable</code>
  </ref_class>
  <confidence>
    <code>hi</code>
  </confidence>
  <comments />
</plot>