<?xml version='1.0' standalone='yes' ?>
<plot step="1" created="2017-09-12T10:23:44.189+02:00" modified="2017-09-12T10:59:09.421+02:00">
  <id>
    <value>324</value>
  </id>
  <location>
    <x>104.406345305545</x>
    <y>11.6233673394459</y>
    <srs>EPSG:4326</srs>
  </location>
  <operator>
    <value>sereyoudom</value>
  </operator>
  <elevation>
    <value>69</value>
  </elevation>
  <slope>
    <value>0.00376185857718569</value>
  </slope>
  <aspect>
    <value>0.999279294678046</value>
  </aspect>
  <region>
    <value>K&#226;mp&#243;ng Sp&#339;</value>
  </region>
  <country>
    <value>Cambodia</value>
  </country>
  <geometry>
    <value>points</value>
  </geometry>
  <area>
    <value>1.0</value>
  </area>
  <map_class>
    <code>Non Forest stable</code>
  </map_class>
  <actively_saved>
    <value>true</value>
  </actively_saved>
  <actively_saved_on>
    <year>2017</year>
    <month>9</month>
    <day>12</day>
  </actively_saved_on>
  <plot_file>
    <value>pts_grp_6.csv</value>
  </plot_file>
  <ref_class>
    <code>Non Forest stable</code>
  </ref_class>
  <confidence>
    <code>hi</code>
  </confidence>
  <comments />
</plot>