<?xml version='1.0' standalone='yes' ?>
<plot step="1" created="2017-09-12T10:24:45.421+02:00" modified="2017-09-12T10:59:25.533+02:00">
  <id>
    <value>127</value>
  </id>
  <location>
    <x>103.027622128</x>
    <y>13.8788735621054</y>
    <srs>EPSG:4326</srs>
  </location>
  <operator>
    <value>sereyoudom</value>
  </operator>
  <elevation>
    <value>36</value>
  </elevation>
  <slope>
    <value>0.00117615903224328</value>
  </slope>
  <aspect>
    <value>2.51046593301088</value>
  </aspect>
  <region>
    <value>B&#226;nt&#233;ay M&#233;anchey</value>
  </region>
  <country>
    <value>Cambodia</value>
  </country>
  <geometry>
    <value>points</value>
  </geometry>
  <area>
    <value>1.0</value>
  </area>
  <map_class>
    <code>Non Forest stable</code>
  </map_class>
  <actively_saved>
    <value>true</value>
  </actively_saved>
  <actively_saved_on>
    <year>2017</year>
    <month>9</month>
    <day>12</day>
  </actively_saved_on>
  <plot_file>
    <value>pts_grp_6.csv</value>
  </plot_file>
  <ref_class>
    <code>Non Forest stable</code>
  </ref_class>
  <confidence>
    <code>hi</code>
  </confidence>
  <comments />
</plot>