<?xml version='1.0' standalone='yes' ?>
<plot step="1" created="2017-09-12T10:33:01.320+02:00" modified="2017-09-12T11:01:52.291+02:00">
  <id>
    <value>27</value>
  </id>
  <location>
    <x>105.672242849808</x>
    <y>13.7655198298071</y>
    <srs>EPSG:4326</srs>
  </location>
  <operator>
    <value>sereyoudom</value>
  </operator>
  <elevation>
    <value>139</value>
  </elevation>
  <slope>
    <value>0.00718930381830236</value>
  </slope>
  <aspect>
    <value>4.15576286215758</value>
  </aspect>
  <region>
    <value>St&#339;ng Tr&#234;ng</value>
  </region>
  <country>
    <value>Cambodia</value>
  </country>
  <geometry>
    <value>points</value>
  </geometry>
  <area>
    <value>1.0</value>
  </area>
  <map_class>
    <code>Non Forest stable</code>
  </map_class>
  <actively_saved>
    <value>true</value>
  </actively_saved>
  <actively_saved_on>
    <year>2017</year>
    <month>9</month>
    <day>12</day>
  </actively_saved_on>
  <plot_file>
    <value>pts_grp_6.csv</value>
  </plot_file>
  <ref_class>
    <code>Non Forest stable</code>
  </ref_class>
  <confidence>
    <code>hi</code>
  </confidence>
  <comments />
</plot>