<?xml version='1.0' standalone='yes' ?>
<plot step="1" created="2017-09-12T11:10:35.448+02:00" modified="2017-09-12T11:10:42.572+02:00">
  <id>
    <value>719</value>
  </id>
  <location>
    <x>104.509337118354</x>
    <y>11.0920288039298</y>
    <srs>EPSG:4326</srs>
  </location>
  <operator>
    <value>sereyoudom</value>
  </operator>
  <elevation>
    <value>32</value>
  </elevation>
  <slope>
    <value>0.00146352967329781</value>
  </slope>
  <aspect>
    <value>2.75687701033545</value>
  </aspect>
  <region>
    <value>Tak&#234;v</value>
  </region>
  <country>
    <value>Cambodia</value>
  </country>
  <geometry>
    <value>points</value>
  </geometry>
  <area>
    <value>1.0</value>
  </area>
  <map_class>
    <code>Non Forest stable</code>
  </map_class>
  <actively_saved>
    <value>true</value>
  </actively_saved>
  <actively_saved_on>
    <year>2017</year>
    <month>9</month>
    <day>12</day>
  </actively_saved_on>
  <plot_file>
    <value>pts_grp_6.csv</value>
  </plot_file>
  <ref_class>
    <code>Non Forest stable</code>
  </ref_class>
  <confidence>
    <code>hi</code>
  </confidence>
  <comments />
</plot>