<?xml version='1.0' standalone='yes' ?>
<plot step="1" created="2017-09-12T11:41:58.598+02:00" modified="2017-09-12T11:42:04.054+02:00">
  <id>
    <value>807</value>
  </id>
  <location>
    <x>105.638182279983</x>
    <y>12.3845480799931</y>
    <srs>EPSG:4326</srs>
  </location>
  <operator>
    <value>sereyoudom</value>
  </operator>
  <elevation>
    <value>44</value>
  </elevation>
  <slope>
    <value>0.0210080904355513</value>
  </slope>
  <aspect>
    <value>2.10604063756064</value>
  </aspect>
  <region>
    <value>K&#226;mp&#243;ng Cham</value>
  </region>
  <country>
    <value>Cambodia</value>
  </country>
  <geometry>
    <value>points</value>
  </geometry>
  <area>
    <value>1.0</value>
  </area>
  <map_class>
    <code>Non Forest stable</code>
  </map_class>
  <actively_saved>
    <value>true</value>
  </actively_saved>
  <actively_saved_on>
    <year>2017</year>
    <month>9</month>
    <day>12</day>
  </actively_saved_on>
  <plot_file>
    <value>pts_grp_6.csv</value>
  </plot_file>
  <ref_class>
    <code>Non Forest stable</code>
  </ref_class>
  <confidence>
    <code>hi</code>
  </confidence>
  <comments />
</plot>