<?xml version='1.0' standalone='yes' ?>
<plot step="1" created="2017-09-12T09:33:27.007+02:00" modified="2017-09-12T09:33:33.789+02:00">
  <id>
    <value>252</value>
  </id>
  <location>
    <x>104.631460957874</x>
    <y>12.4659776610426</y>
    <srs>EPSG:4326</srs>
  </location>
  <operator>
    <value>chealy</value>
  </operator>
  <elevation>
    <value>9</value>
  </elevation>
  <slope>
    <value>7.03203116781372E-4</value>
  </slope>
  <aspect>
    <value>4.51826128287838</value>
  </aspect>
  <region>
    <value>K&#226;mp&#243;ng Chhnang</value>
  </region>
  <country>
    <value>Cambodia</value>
  </country>
  <geometry>
    <value>points</value>
  </geometry>
  <area>
    <value>1.0</value>
  </area>
  <map_class>
    <code>Non Forest stable</code>
  </map_class>
  <actively_saved>
    <value>true</value>
  </actively_saved>
  <actively_saved_on>
    <year>2017</year>
    <month>9</month>
    <day>12</day>
  </actively_saved_on>
  <plot_file>
    <value>pts_grp_7.csv</value>
  </plot_file>
  <ref_class>
    <code>Non Forest stable</code>
  </ref_class>
  <confidence>
    <code>hi</code>
  </confidence>
  <comments />
</plot>