<?xml version='1.0' standalone='yes' ?>
<plot step="1" created="2017-09-12T10:04:39.347+02:00" modified="2017-09-12T10:04:46.769+02:00">
  <id>
    <value>179</value>
  </id>
  <location>
    <x>104.695449646326</x>
    <y>14.05291701435</y>
    <srs>EPSG:4326</srs>
  </location>
  <operator>
    <value>interemi</value>
  </operator>
  <elevation>
    <value>67</value>
  </elevation>
  <slope>
    <value>0.00557236321280765</value>
  </slope>
  <aspect>
    <value>3.69251404848829</value>
  </aspect>
  <region>
    <value>Preah Vih&#233;ar</value>
  </region>
  <country>
    <value>Cambodia</value>
  </country>
  <geometry>
    <value>points</value>
  </geometry>
  <area>
    <value>1.0</value>
  </area>
  <map_class>
    <code>Deforestation other</code>
  </map_class>
  <actively_saved>
    <value>true</value>
  </actively_saved>
  <actively_saved_on>
    <year>2017</year>
    <month>9</month>
    <day>12</day>
  </actively_saved_on>
  <plot_file>
    <value>pts_grp_7.csv</value>
  </plot_file>
  <ref_class>
    <code>Forest stable</code>
  </ref_class>
  <confidence>
    <code>hi</code>
  </confidence>
  <comments />
</plot>