<?xml version='1.0' standalone='yes' ?>
<plot step="1" created="2017-09-12T10:06:22.425+02:00" modified="2017-09-12T10:06:28.550+02:00">
  <id>
    <value>217</value>
  </id>
  <location>
    <x>103.157366131819</x>
    <y>14.2595019452657</y>
    <srs>EPSG:4326</srs>
  </location>
  <operator>
    <value>interemi</value>
  </operator>
  <elevation>
    <value>89</value>
  </elevation>
  <slope>
    <value>0.00464565792685126</value>
  </slope>
  <aspect>
    <value>3.02159596681226</value>
  </aspect>
  <region>
    <value>Otdar Mean Chey</value>
  </region>
  <country>
    <value>Cambodia</value>
  </country>
  <geometry>
    <value>points</value>
  </geometry>
  <area>
    <value>1.0</value>
  </area>
  <map_class>
    <code>Non Forest stable</code>
  </map_class>
  <actively_saved>
    <value>true</value>
  </actively_saved>
  <actively_saved_on>
    <year>2017</year>
    <month>9</month>
    <day>12</day>
  </actively_saved_on>
  <plot_file>
    <value>pts_grp_7.csv</value>
  </plot_file>
  <ref_class>
    <code>Non Forest stable</code>
  </ref_class>
  <confidence>
    <code>hi</code>
  </confidence>
  <comments />
</plot>