<?xml version='1.0' standalone='yes' ?>
<plot step="1" created="2017-09-12T10:22:13.060+02:00" modified="2017-09-12T10:22:30.806+02:00">
  <id>
    <value>42</value>
  </id>
  <location>
    <x>102.669634570012</x>
    <y>13.4689798647187</y>
    <srs>EPSG:4326</srs>
  </location>
  <operator>
    <value>interemi</value>
  </operator>
  <elevation>
    <value>37</value>
  </elevation>
  <slope>
    <value>0.00208280807377743</value>
  </slope>
  <aspect>
    <value>1.63597339219221</value>
  </aspect>
  <region>
    <value>Batd&#226;mb&#226;ng</value>
  </region>
  <country>
    <value>Cambodia</value>
  </country>
  <geometry>
    <value>points</value>
  </geometry>
  <area>
    <value>1.0</value>
  </area>
  <map_class>
    <code>Enhancement</code>
  </map_class>
  <actively_saved>
    <value>true</value>
  </actively_saved>
  <actively_saved_on>
    <year>2017</year>
    <month>9</month>
    <day>12</day>
  </actively_saved_on>
  <plot_file>
    <value>pts_grp_7.csv</value>
  </plot_file>
  <ref_class>
    <code>Non Forest stable</code>
  </ref_class>
  <confidence>
    <code>hi</code>
  </confidence>
  <comments />
</plot>