<?xml version='1.0' standalone='yes' ?>
<plot step="1" created="2017-09-12T10:24:01.481+02:00" modified="2017-09-12T10:24:52.006+02:00">
  <id>
    <value>67</value>
  </id>
  <location>
    <x>105.307835107653</x>
    <y>12.8341364835473</y>
    <srs>EPSG:4326</srs>
  </location>
  <operator>
    <value>interemi</value>
  </operator>
  <elevation>
    <value>81</value>
  </elevation>
  <slope>
    <value>0.00149859466371408</value>
  </slope>
  <aspect>
    <value>3.2339447159973</value>
  </aspect>
  <region>
    <value>K&#226;mp&#243;ng Thum</value>
  </region>
  <country>
    <value>Cambodia</value>
  </country>
  <geometry>
    <value>points</value>
  </geometry>
  <area>
    <value>1.0</value>
  </area>
  <map_class>
    <code>Forest stable</code>
  </map_class>
  <actively_saved>
    <value>true</value>
  </actively_saved>
  <actively_saved_on>
    <year>2017</year>
    <month>9</month>
    <day>12</day>
  </actively_saved_on>
  <plot_file>
    <value>pts_grp_7.csv</value>
  </plot_file>
  <ref_class>
    <code>Non Forest stable</code>
  </ref_class>
  <confidence>
    <code>hi</code>
  </confidence>
  <comments />
</plot>