<?xml version='1.0' standalone='yes' ?>
<plot step="1" created="2017-09-12T10:34:08.909+02:00" modified="2017-09-12T10:35:14.160+02:00">
  <id>
    <value>846</value>
  </id>
  <location>
    <x>105.992118894354</x>
    <y>13.2486093998789</y>
    <srs>EPSG:4326</srs>
  </location>
  <operator>
    <value>chealy</value>
  </operator>
  <elevation>
    <value>56</value>
  </elevation>
  <slope>
    <value>0.00734583081763095</value>
  </slope>
  <aspect>
    <value>3.69741562391853</value>
  </aspect>
  <region>
    <value>St&#339;ng Tr&#234;ng</value>
  </region>
  <country>
    <value>Cambodia</value>
  </country>
  <geometry>
    <value>points</value>
  </geometry>
  <area>
    <value>1.0</value>
  </area>
  <map_class>
    <code>Forest stable</code>
  </map_class>
  <actively_saved>
    <value>true</value>
  </actively_saved>
  <actively_saved_on>
    <year>2017</year>
    <month>9</month>
    <day>12</day>
  </actively_saved_on>
  <plot_file>
    <value>pts_grp_7.csv</value>
  </plot_file>
  <ref_class>
    <code>Deforestation other</code>
  </ref_class>
  <confidence>
    <code>hi</code>
  </confidence>
  <comments />
</plot>