<?xml version='1.0' standalone='yes' ?>
<plot step="1" created="2017-09-12T10:35:20.257+02:00" modified="2017-09-12T10:35:30.628+02:00">
  <id>
    <value>830</value>
  </id>
  <location>
    <x>104.676234926699</x>
    <y>11.217049769386</y>
    <srs>EPSG:4326</srs>
  </location>
  <operator>
    <value>chealy</value>
  </operator>
  <elevation>
    <value>29</value>
  </elevation>
  <slope>
    <value>0.00349421906472843</value>
  </slope>
  <aspect>
    <value>1.12956937503036</value>
  </aspect>
  <region>
    <value>K&#226;mp&#243;ng Sp&#339;</value>
  </region>
  <country>
    <value>Cambodia</value>
  </country>
  <geometry>
    <value>points</value>
  </geometry>
  <area>
    <value>1.0</value>
  </area>
  <map_class>
    <code>Non Forest stable</code>
  </map_class>
  <actively_saved>
    <value>true</value>
  </actively_saved>
  <actively_saved_on>
    <year>2017</year>
    <month>9</month>
    <day>12</day>
  </actively_saved_on>
  <plot_file>
    <value>pts_grp_7.csv</value>
  </plot_file>
  <ref_class>
    <code>Non Forest stable</code>
  </ref_class>
  <confidence>
    <code>hi</code>
  </confidence>
  <comments />
</plot>