<?xml version='1.0' standalone='yes' ?>
<plot step="1" created="2017-09-12T10:49:49.410+02:00" modified="2017-09-12T10:50:08.784+02:00">
  <id>
    <value>416</value>
  </id>
  <location>
    <x>103.249275948745</x>
    <y>13.5605004231855</y>
    <srs>EPSG:4326</srs>
  </location>
  <operator>
    <value>chealy</value>
  </operator>
  <elevation>
    <value>11</value>
  </elevation>
  <slope>
    <value>6.17271807083264E-4</value>
  </slope>
  <aspect>
    <value>5.16746673531355</value>
  </aspect>
  <region>
    <value>B&#226;nt&#233;ay M&#233;anchey</value>
  </region>
  <country>
    <value>Cambodia</value>
  </country>
  <geometry>
    <value>points</value>
  </geometry>
  <area>
    <value>1.0</value>
  </area>
  <map_class>
    <code>Non Forest stable</code>
  </map_class>
  <actively_saved>
    <value>true</value>
  </actively_saved>
  <actively_saved_on>
    <year>2017</year>
    <month>9</month>
    <day>12</day>
  </actively_saved_on>
  <plot_file>
    <value>pts_grp_7.csv</value>
  </plot_file>
  <ref_class>
    <code>Non Forest stable</code>
  </ref_class>
  <confidence>
    <code>hi</code>
  </confidence>
  <comments />
</plot>