<?xml version='1.0' standalone='yes' ?>
<plot step="1" created="2017-09-12T10:51:34.477+02:00" modified="2017-09-12T10:51:39.753+02:00">
  <id>
    <value>49</value>
  </id>
  <location>
    <x>103.500993784685</x>
    <y>13.9640873231106</y>
    <srs>EPSG:4326</srs>
  </location>
  <operator>
    <value>chealy</value>
  </operator>
  <elevation>
    <value>26</value>
  </elevation>
  <slope>
    <value>0.002995997417593</value>
  </slope>
  <aspect>
    <value>2.60664680131652</value>
  </aspect>
  <region>
    <value>Otdar Mean Chey</value>
  </region>
  <country>
    <value>Cambodia</value>
  </country>
  <geometry>
    <value>points</value>
  </geometry>
  <area>
    <value>1.0</value>
  </area>
  <map_class>
    <code>Non Forest stable</code>
  </map_class>
  <actively_saved>
    <value>true</value>
  </actively_saved>
  <actively_saved_on>
    <year>2017</year>
    <month>9</month>
    <day>12</day>
  </actively_saved_on>
  <plot_file>
    <value>pts_grp_7.csv</value>
  </plot_file>
  <ref_class>
    <code>Non Forest stable</code>
  </ref_class>
  <confidence>
    <code>hi</code>
  </confidence>
  <comments />
</plot>