<?xml version='1.0' standalone='yes' ?>
<plot step="1" created="2017-09-12T10:57:48.010+02:00" modified="2017-09-12T10:58:11.539+02:00">
  <id>
    <value>875</value>
  </id>
  <location>
    <x>103.905608129119</x>
    <y>12.6340291938329</y>
    <srs>EPSG:4326</srs>
  </location>
  <operator>
    <value>chealy</value>
  </operator>
  <elevation>
    <value>13</value>
  </elevation>
  <slope>
    <value>9.59576115303385E-4</value>
  </slope>
  <aspect>
    <value>6.13877376504446</value>
  </aspect>
  <region>
    <value>Pouthisat</value>
  </region>
  <country>
    <value>Cambodia</value>
  </country>
  <geometry>
    <value>points</value>
  </geometry>
  <area>
    <value>1.0</value>
  </area>
  <map_class>
    <code>Deforestation other</code>
  </map_class>
  <actively_saved>
    <value>true</value>
  </actively_saved>
  <actively_saved_on>
    <year>2017</year>
    <month>9</month>
    <day>12</day>
  </actively_saved_on>
  <plot_file>
    <value>pts_grp_7.csv</value>
  </plot_file>
  <ref_class>
    <code>Management</code>
  </ref_class>
  <confidence>
    <code>hi</code>
  </confidence>
  <comments />
</plot>