<?xml version='1.0' standalone='yes' ?>
<plot step="1" created="2017-09-12T11:00:10.862+02:00" modified="2017-09-12T11:00:18.235+02:00">
  <id>
    <value>19</value>
  </id>
  <location>
    <x>107.255841048699</x>
    <y>13.9449771534324</y>
    <srs>EPSG:4326</srs>
  </location>
  <operator>
    <value>chealy</value>
  </operator>
  <elevation>
    <value>124</value>
  </elevation>
  <slope>
    <value>0.00864641590219885</value>
  </slope>
  <aspect>
    <value>4.0736605174598</value>
  </aspect>
  <region>
    <value>R&#244;t&#226;n&#244;kiri</value>
  </region>
  <country>
    <value>Cambodia</value>
  </country>
  <geometry>
    <value>points</value>
  </geometry>
  <area>
    <value>1.0</value>
  </area>
  <map_class>
    <code>Management</code>
  </map_class>
  <actively_saved>
    <value>true</value>
  </actively_saved>
  <actively_saved_on>
    <year>2017</year>
    <month>9</month>
    <day>12</day>
  </actively_saved_on>
  <plot_file>
    <value>pts_grp_7.csv</value>
  </plot_file>
  <ref_class>
    <code>Management</code>
  </ref_class>
  <confidence>
    <code>hi</code>
  </confidence>
  <comments />
</plot>