<?xml version='1.0' standalone='yes' ?>
<plot step="1" created="2017-09-12T11:01:11.271+02:00" modified="2017-09-12T11:01:18.628+02:00">
  <id>
    <value>820</value>
  </id>
  <location>
    <x>103.959345017512</x>
    <y>11.4958352816561</y>
    <srs>EPSG:4326</srs>
  </location>
  <operator>
    <value>chealy</value>
  </operator>
  <elevation>
    <value>341</value>
  </elevation>
  <slope>
    <value>0.0285276450313936</value>
  </slope>
  <aspect>
    <value>3.08373501119487</value>
  </aspect>
  <region>
    <value>Ka&#244;h Kong</value>
  </region>
  <country>
    <value>Cambodia</value>
  </country>
  <geometry>
    <value>points</value>
  </geometry>
  <area>
    <value>1.0</value>
  </area>
  <map_class>
    <code>Forest stable</code>
  </map_class>
  <actively_saved>
    <value>true</value>
  </actively_saved>
  <actively_saved_on>
    <year>2017</year>
    <month>9</month>
    <day>12</day>
  </actively_saved_on>
  <plot_file>
    <value>pts_grp_7.csv</value>
  </plot_file>
  <ref_class>
    <code>Forest stable</code>
  </ref_class>
  <confidence>
    <code>hi</code>
  </confidence>
  <comments />
</plot>