<?xml version='1.0' standalone='yes' ?>
<plot step="1" created="2017-09-12T11:10:00.252+02:00" modified="2017-09-12T11:10:09.102+02:00">
  <id>
    <value>708</value>
  </id>
  <location>
    <x>104.205110249579</x>
    <y>13.5838023889569</y>
    <srs>EPSG:4326</srs>
  </location>
  <operator>
    <value>chealy</value>
  </operator>
  <elevation>
    <value>308</value>
  </elevation>
  <slope>
    <value>0.158806347601534</value>
  </slope>
  <aspect>
    <value>0.105798190681743</value>
  </aspect>
  <region>
    <value>Siemr&#233;ab</value>
  </region>
  <country>
    <value>Cambodia</value>
  </country>
  <geometry>
    <value>points</value>
  </geometry>
  <area>
    <value>1.0</value>
  </area>
  <map_class>
    <code>Deforestation other</code>
  </map_class>
  <actively_saved>
    <value>true</value>
  </actively_saved>
  <actively_saved_on>
    <year>2017</year>
    <month>9</month>
    <day>12</day>
  </actively_saved_on>
  <plot_file>
    <value>pts_grp_7.csv</value>
  </plot_file>
  <ref_class>
    <code>Deforestation other</code>
  </ref_class>
  <confidence>
    <code>hi</code>
  </confidence>
  <comments />
</plot>