<?xml version='1.0' standalone='yes' ?>
<plot step="1" created="2017-09-12T11:19:32.468+02:00" modified="2017-09-12T11:19:37.522+02:00">
  <id>
    <value>439</value>
  </id>
  <location>
    <x>106.970105818573</x>
    <y>13.0306514880282</y>
    <srs>EPSG:4326</srs>
  </location>
  <operator>
    <value>chealy</value>
  </operator>
  <elevation>
    <value>145</value>
  </elevation>
  <slope>
    <value>0.00443936531943227</value>
  </slope>
  <aspect>
    <value>1.05995075201416</value>
  </aspect>
  <region>
    <value>M&#244;nd&#243;l Kiri</value>
  </region>
  <country>
    <value>Cambodia</value>
  </country>
  <geometry>
    <value>points</value>
  </geometry>
  <area>
    <value>1.0</value>
  </area>
  <map_class>
    <code>Enhancement</code>
  </map_class>
  <actively_saved>
    <value>true</value>
  </actively_saved>
  <actively_saved_on>
    <year>2017</year>
    <month>9</month>
    <day>12</day>
  </actively_saved_on>
  <plot_file>
    <value>pts_grp_7.csv</value>
  </plot_file>
  <ref_class>
    <code>Forest stable</code>
  </ref_class>
  <confidence>
    <code>hi</code>
  </confidence>
  <comments />
</plot>