<?xml version='1.0' standalone='yes' ?>
<plot step="1" created="2017-09-12T11:22:30.262+02:00" modified="2017-09-12T11:22:35.816+02:00">
  <id>
    <value>233</value>
  </id>
  <location>
    <x>104.226772460307</x>
    <y>11.7300550649353</y>
    <srs>EPSG:4326</srs>
  </location>
  <operator>
    <value>chealy</value>
  </operator>
  <elevation>
    <value>255</value>
  </elevation>
  <slope>
    <value>0.126645272995153</value>
  </slope>
  <aspect>
    <value>4.38480713915801</value>
  </aspect>
  <region>
    <value>K&#226;mp&#243;ng Sp&#339;</value>
  </region>
  <country>
    <value>Cambodia</value>
  </country>
  <geometry>
    <value>points</value>
  </geometry>
  <area>
    <value>1.0</value>
  </area>
  <map_class>
    <code>Forest stable</code>
  </map_class>
  <actively_saved>
    <value>true</value>
  </actively_saved>
  <actively_saved_on>
    <year>2017</year>
    <month>9</month>
    <day>12</day>
  </actively_saved_on>
  <plot_file>
    <value>pts_grp_7.csv</value>
  </plot_file>
  <ref_class>
    <code>Non Forest stable</code>
  </ref_class>
  <confidence>
    <code>hi</code>
  </confidence>
  <comments />
</plot>