<?xml version='1.0' standalone='yes' ?>
<plot step="1" created="2017-09-12T11:33:29.858+02:00" modified="2017-09-12T11:33:36.466+02:00">
  <id>
    <value>322</value>
  </id>
  <location>
    <x>103.874900538268</x>
    <y>14.073328289562</y>
    <srs>EPSG:4326</srs>
  </location>
  <operator>
    <value>chealy</value>
  </operator>
  <elevation>
    <value>61</value>
  </elevation>
  <slope>
    <value>0.00250047057461659</value>
  </slope>
  <aspect>
    <value>4.71238898038469</value>
  </aspect>
  <region>
    <value>Siemr&#233;ab</value>
  </region>
  <country>
    <value>Cambodia</value>
  </country>
  <geometry>
    <value>points</value>
  </geometry>
  <area>
    <value>1.0</value>
  </area>
  <map_class>
    <code>Forest stable</code>
  </map_class>
  <actively_saved>
    <value>true</value>
  </actively_saved>
  <actively_saved_on>
    <year>2017</year>
    <month>9</month>
    <day>12</day>
  </actively_saved_on>
  <plot_file>
    <value>pts_grp_7.csv</value>
  </plot_file>
  <ref_class>
    <code>Forest stable</code>
  </ref_class>
  <confidence>
    <code>hi</code>
  </confidence>
  <comments />
</plot>