<?xml version='1.0' standalone='yes' ?>
<plot step="1" created="2017-09-12T11:34:40.799+02:00" modified="2017-09-12T11:34:46.938+02:00">
  <id>
    <value>898</value>
  </id>
  <location>
    <x>105.003944406352</x>
    <y>13.2500663449457</y>
    <srs>EPSG:4326</srs>
  </location>
  <operator>
    <value>chealy</value>
  </operator>
  <elevation>
    <value>108</value>
  </elevation>
  <slope>
    <value>0.0124014946426079</value>
  </slope>
  <aspect>
    <value>5.50327244094656</value>
  </aspect>
  <region>
    <value>Preah Vih&#233;ar</value>
  </region>
  <country>
    <value>Cambodia</value>
  </country>
  <geometry>
    <value>points</value>
  </geometry>
  <area>
    <value>1.0</value>
  </area>
  <map_class>
    <code>Deforestation rubber</code>
  </map_class>
  <actively_saved>
    <value>true</value>
  </actively_saved>
  <actively_saved_on>
    <year>2017</year>
    <month>9</month>
    <day>12</day>
  </actively_saved_on>
  <plot_file>
    <value>pts_grp_7.csv</value>
  </plot_file>
  <ref_class>
    <code>Deforestation other</code>
  </ref_class>
  <confidence>
    <code>hi</code>
  </confidence>
  <comments />
</plot>