<?xml version='1.0' standalone='yes' ?>
<plot step="1" created="2017-09-12T11:39:32.122+02:00" modified="2017-09-12T11:39:37.979+02:00">
  <id>
    <value>694</value>
  </id>
  <location>
    <x>107.122684139015</x>
    <y>13.8860142423874</y>
    <srs>EPSG:4326</srs>
  </location>
  <operator>
    <value>chealy</value>
  </operator>
  <elevation>
    <value>205</value>
  </elevation>
  <slope>
    <value>0.0214045246200391</value>
  </slope>
  <aspect>
    <value>2.29031133064384</value>
  </aspect>
  <region>
    <value>R&#244;t&#226;n&#244;kiri</value>
  </region>
  <country>
    <value>Cambodia</value>
  </country>
  <geometry>
    <value>points</value>
  </geometry>
  <area>
    <value>1.0</value>
  </area>
  <map_class>
    <code>Non Forest stable</code>
  </map_class>
  <actively_saved>
    <value>true</value>
  </actively_saved>
  <actively_saved_on>
    <year>2017</year>
    <month>9</month>
    <day>12</day>
  </actively_saved_on>
  <plot_file>
    <value>pts_grp_7.csv</value>
  </plot_file>
  <ref_class>
    <code>Non Forest stable</code>
  </ref_class>
  <confidence>
    <code>hi</code>
  </confidence>
  <comments />
</plot>