<?xml version='1.0' standalone='yes' ?>
<plot step="1" created="2017-09-12T11:49:12.339+02:00" modified="2017-09-12T11:49:17.092+02:00">
  <id>
    <value>469</value>
  </id>
  <location>
    <x>104.853851478255</x>
    <y>12.7843197241511</y>
    <srs>EPSG:4326</srs>
  </location>
  <operator>
    <value>chealy</value>
  </operator>
  <elevation>
    <value>14</value>
  </elevation>
  <slope>
    <value>4.29783277616544E-4</value>
  </slope>
  <aspect>
    <value>3.46890337523794</value>
  </aspect>
  <region>
    <value>K&#226;mp&#243;ng Thum</value>
  </region>
  <country>
    <value>Cambodia</value>
  </country>
  <geometry>
    <value>points</value>
  </geometry>
  <area>
    <value>1.0</value>
  </area>
  <map_class>
    <code>Non Forest stable</code>
  </map_class>
  <actively_saved>
    <value>true</value>
  </actively_saved>
  <actively_saved_on>
    <year>2017</year>
    <month>9</month>
    <day>12</day>
  </actively_saved_on>
  <plot_file>
    <value>pts_grp_7.csv</value>
  </plot_file>
  <ref_class>
    <code>Non Forest stable</code>
  </ref_class>
  <confidence>
    <code>hi</code>
  </confidence>
  <comments />
</plot>