<?xml version='1.0' standalone='yes' ?>
<plot step="1" created="2017-09-12T15:18:32.219+07:00" modified="2017-09-13T10:26:45.912+07:00">
  <id>
    <value>806</value>
  </id>
  <location>
    <x>104.155375398294</x>
    <y>11.5745824014946</y>
    <srs>EPSG:4326</srs>
  </location>
  <operator>
    <value>khidorang</value>
  </operator>
  <elevation>
    <value>102</value>
  </elevation>
  <slope>
    <value>0.00889634256519423</value>
  </slope>
  <aspect>
    <value>1.07845612656295</value>
  </aspect>
  <region>
    <value>K&#226;mp&#243;ng Sp&#339;</value>
  </region>
  <country>
    <value>Cambodia</value>
  </country>
  <geometry>
    <value>points</value>
  </geometry>
  <area>
    <value>1.0</value>
  </area>
  <map_class>
    <code>Degradation</code>
  </map_class>
  <actively_saved>
    <value>true</value>
  </actively_saved>
  <actively_saved_on>
    <year>2017</year>
    <month>9</month>
    <day>13</day>
  </actively_saved_on>
  <plot_file>
    <value>pts_grp_3.csv</value>
  </plot_file>
  <ref_class>
    <code>Degradation</code>
  </ref_class>
  <confidence>
    <code>hi</code>
  </confidence>
  <comments />
</plot>