<?xml version='1.0' standalone='yes' ?>
<plot step="1" created="2017-09-13T13:54:27.779+07:00" modified="2017-09-13T13:54:32.705+07:00">
  <id>
    <value>794</value>
  </id>
  <location>
    <x>105.476467149237</x>
    <y>13.2737023675761</y>
    <srs>EPSG:4326</srs>
  </location>
  <operator>
    <value>khidorang</value>
  </operator>
  <elevation>
    <value>121</value>
  </elevation>
  <slope>
    <value>0.00499133356715779</value>
  </slope>
  <aspect>
    <value>1.62517906122995</value>
  </aspect>
  <region>
    <value>K&#226;mp&#243;ng Thum</value>
  </region>
  <country>
    <value>Cambodia</value>
  </country>
  <geometry>
    <value>points</value>
  </geometry>
  <area>
    <value>1.0</value>
  </area>
  <map_class>
    <code>Forest stable</code>
  </map_class>
  <actively_saved>
    <value>true</value>
  </actively_saved>
  <actively_saved_on>
    <year>2017</year>
    <month>9</month>
    <day>13</day>
  </actively_saved_on>
  <plot_file>
    <value>pts_grp_3.csv</value>
  </plot_file>
  <ref_class>
    <code>Forest stable</code>
  </ref_class>
  <confidence>
    <code>hi</code>
  </confidence>
  <comments />
</plot>