<?xml version='1.0' standalone='yes' ?>
<plot step="1" created="2017-09-13T14:22:16.320+07:00" modified="2017-09-13T14:22:20.845+07:00">
  <id>
    <value>340</value>
  </id>
  <location>
    <x>102.642442047105</x>
    <y>13.0888563701661</y>
    <srs>EPSG:4326</srs>
  </location>
  <operator>
    <value>khidorang</value>
  </operator>
  <elevation>
    <value>56</value>
  </elevation>
  <slope>
    <value>0.00130988863868037</value>
  </slope>
  <aspect>
    <value>1.88671257250702</value>
  </aspect>
  <region>
    <value>Krong Pailin</value>
  </region>
  <country>
    <value>Cambodia</value>
  </country>
  <geometry>
    <value>points</value>
  </geometry>
  <area>
    <value>1.0</value>
  </area>
  <map_class>
    <code>Non Forest stable</code>
  </map_class>
  <actively_saved>
    <value>true</value>
  </actively_saved>
  <actively_saved_on>
    <year>2017</year>
    <month>9</month>
    <day>13</day>
  </actively_saved_on>
  <plot_file>
    <value>pts_grp_3.csv</value>
  </plot_file>
  <ref_class>
    <code>Non Forest stable</code>
  </ref_class>
  <confidence>
    <code>hi</code>
  </confidence>
  <comments />
</plot>