<?xml version='1.0' standalone='yes' ?>
<plot step="1" created="2017-09-12T16:28:37.158+07:00" modified="2017-09-13T10:29:37.370+07:00">
  <id>
    <value>909</value>
  </id>
  <location>
    <x>103.422808856128</x>
    <y>11.0982691840216</y>
    <srs>EPSG:4326</srs>
  </location>
  <operator>
    <value>khidorang</value>
  </operator>
  <elevation>
    <value>11</value>
  </elevation>
  <slope>
    <value>0.00610637537226291</value>
  </slope>
  <aspect>
    <value>0.36804041328598</value>
  </aspect>
  <region>
    <value>Ka&#244;h Kong</value>
  </region>
  <country>
    <value>Cambodia</value>
  </country>
  <geometry>
    <value>points</value>
  </geometry>
  <area>
    <value>1.0</value>
  </area>
  <map_class>
    <code>Enhancement</code>
  </map_class>
  <actively_saved>
    <value>true</value>
  </actively_saved>
  <actively_saved_on>
    <year>2017</year>
    <month>9</month>
    <day>13</day>
  </actively_saved_on>
  <plot_file>
    <value>pts_grp_3.csv</value>
  </plot_file>
  <ref_class>
    <code>Non Forest stable</code>
  </ref_class>
  <confidence>
    <code>hi</code>
  </confidence>
  <comments />
</plot>