<?xml version='1.0' standalone='yes' ?>
<plot step="1" created="2017-09-12T16:42:25.030+07:00" modified="2017-09-13T10:06:06.161+07:00">
  <id>
    <value>520</value>
  </id>
  <location>
    <x>106.865886348868</x>
    <y>13.3869775450472</y>
    <srs>EPSG:4326</srs>
  </location>
  <operator>
    <value>khidorang</value>
  </operator>
  <elevation>
    <value>101</value>
  </elevation>
  <slope>
    <value>0.00276399680174381</value>
  </slope>
  <aspect>
    <value>5.69933862811242</value>
  </aspect>
  <region>
    <value>R&#244;t&#226;n&#244;kiri</value>
  </region>
  <country>
    <value>Cambodia</value>
  </country>
  <geometry>
    <value>points</value>
  </geometry>
  <area>
    <value>1.0</value>
  </area>
  <map_class>
    <code>Deforestation other</code>
  </map_class>
  <actively_saved>
    <value>true</value>
  </actively_saved>
  <actively_saved_on>
    <year>2017</year>
    <month>9</month>
    <day>13</day>
  </actively_saved_on>
  <plot_file>
    <value>pts_grp_3.csv</value>
  </plot_file>
  <ref_class>
    <code>Deforestation other</code>
  </ref_class>
  <confidence>
    <code>hi</code>
  </confidence>
  <comments />
</plot>