<?xml version='1.0' standalone='yes' ?>
<plot step="1" created="2017-09-12T16:49:46.871+07:00" modified="2017-09-12T16:49:50.938+07:00">
  <id>
    <value>722</value>
  </id>
  <location>
    <x>103.732133471807</x>
    <y>12.3572005251927</y>
    <srs>EPSG:4326</srs>
  </location>
  <operator>
    <value>khidorang</value>
  </operator>
  <elevation>
    <value>33</value>
  </elevation>
  <slope>
    <value>0.00262439087505838</value>
  </slope>
  <aspect>
    <value>1.62250950448624</value>
  </aspect>
  <region>
    <value>Pouthisat</value>
  </region>
  <country>
    <value>Cambodia</value>
  </country>
  <geometry>
    <value>points</value>
  </geometry>
  <area>
    <value>1.0</value>
  </area>
  <map_class>
    <code>Non Forest stable</code>
  </map_class>
  <actively_saved>
    <value>true</value>
  </actively_saved>
  <actively_saved_on>
    <year>2017</year>
    <month>9</month>
    <day>12</day>
  </actively_saved_on>
  <plot_file>
    <value>pts_grp_3.csv</value>
  </plot_file>
  <ref_class>
    <code>Non Forest stable</code>
  </ref_class>
  <confidence>
    <code>hi</code>
  </confidence>
  <comments />
</plot>