<?xml version='1.0' standalone='yes' ?>
<plot step="1" created="2017-09-13T11:21:12.273+07:00" modified="2017-09-13T11:21:17.385+07:00">
  <id>
    <value>473</value>
  </id>
  <location>
    <x>105.452650736956</x>
    <y>11.99876236976</y>
    <srs>EPSG:4326</srs>
  </location>
  <operator>
    <value>khidorang</value>
  </operator>
  <elevation>
    <value>24</value>
  </elevation>
  <slope>
    <value>0.00368775853763893</value>
  </slope>
  <aspect>
    <value>2.45354686027511</value>
  </aspect>
  <region>
    <value>K&#226;mp&#243;ng Cham</value>
  </region>
  <country>
    <value>Cambodia</value>
  </country>
  <geometry>
    <value>points</value>
  </geometry>
  <area>
    <value>1.0</value>
  </area>
  <map_class>
    <code>Non Forest stable</code>
  </map_class>
  <actively_saved>
    <value>true</value>
  </actively_saved>
  <actively_saved_on>
    <year>2017</year>
    <month>9</month>
    <day>13</day>
  </actively_saved_on>
  <plot_file>
    <value>pts_grp_3.csv</value>
  </plot_file>
  <ref_class>
    <code>Management</code>
  </ref_class>
  <confidence>
    <code>hi</code>
  </confidence>
  <comments />
</plot>