<?xml version='1.0' standalone='yes' ?>
<plot step="1" created="2017-09-12T14:43:07.144+07:00" modified="2017-09-12T15:41:14.640+07:00">
  <id>
    <value>907</value>
  </id>
  <location>
    <x>103.457922966235</x>
    <y>11.1474863217939</y>
    <srs>EPSG:4326</srs>
  </location>
  <operator>
    <value>sereyoudom</value>
  </operator>
  <elevation>
    <value>5</value>
  </elevation>
  <slope>
    <value>0.00108524294633431</value>
  </slope>
  <aspect>
    <value>6.28318530717959</value>
  </aspect>
  <region>
    <value>Ka&#244;h Kong</value>
  </region>
  <country>
    <value>Cambodia</value>
  </country>
  <geometry>
    <value>points</value>
  </geometry>
  <area>
    <value>1.0</value>
  </area>
  <map_class>
    <code>Enhancement</code>
  </map_class>
  <actively_saved>
    <value>true</value>
  </actively_saved>
  <actively_saved_on>
    <year>2017</year>
    <month>9</month>
    <day>12</day>
  </actively_saved_on>
  <plot_file>
    <value>pts_grp_6.csv</value>
  </plot_file>
  <ref_class>
    <code>Management</code>
  </ref_class>
  <confidence>
    <code>lo</code>
  </confidence>
  <comments />
</plot>