<?xml version='1.0' standalone='yes' ?>
<plot step="1" created="2017-09-12T15:29:05.888+07:00" modified="2017-09-12T16:01:04.370+07:00">
  <id>
    <value>410</value>
  </id>
  <location>
    <x>105.338020565483</x>
    <y>13.4627323397256</y>
    <srs>EPSG:4326</srs>
  </location>
  <operator>
    <value>sereyoudom</value>
  </operator>
  <elevation>
    <value>64</value>
  </elevation>
  <slope>
    <value>0.00660607590184049</value>
  </slope>
  <aspect>
    <value>3.84941121870595</value>
  </aspect>
  <region>
    <value>Preah Vih&#233;ar</value>
  </region>
  <country>
    <value>Cambodia</value>
  </country>
  <geometry>
    <value>points</value>
  </geometry>
  <area>
    <value>1.0</value>
  </area>
  <map_class>
    <code>Forest stable</code>
  </map_class>
  <actively_saved>
    <value>true</value>
  </actively_saved>
  <actively_saved_on>
    <year>2017</year>
    <month>9</month>
    <day>12</day>
  </actively_saved_on>
  <plot_file>
    <value>pts_grp_6.csv</value>
  </plot_file>
  <ref_class>
    <code>Deforestation other</code>
  </ref_class>
  <confidence>
    <code>lo</code>
  </confidence>
  <comments />
</plot>