<?xml version='1.0' standalone='yes' ?>
<plot step="1" created="2017-09-12T16:03:57.650+07:00" modified="2017-09-12T16:04:04.852+07:00">
  <id>
    <value>418</value>
  </id>
  <location>
    <x>104.70172061409</x>
    <y>12.4202059087999</y>
    <srs>EPSG:4326</srs>
  </location>
  <operator>
    <value>sereyoudom</value>
  </operator>
  <elevation>
    <value>10</value>
  </elevation>
  <slope>
    <value>8.71184411183691E-4</value>
  </slope>
  <aspect>
    <value>1.25410146919023</value>
  </aspect>
  <region>
    <value>K&#226;mp&#243;ng Chhnang</value>
  </region>
  <country>
    <value>Cambodia</value>
  </country>
  <geometry>
    <value>points</value>
  </geometry>
  <area>
    <value>1.0</value>
  </area>
  <map_class>
    <code>Forest stable</code>
  </map_class>
  <actively_saved>
    <value>true</value>
  </actively_saved>
  <actively_saved_on>
    <year>2017</year>
    <month>9</month>
    <day>12</day>
  </actively_saved_on>
  <plot_file>
    <value>pts_grp_6.csv</value>
  </plot_file>
  <ref_class>
    <code>Non Forest stable</code>
  </ref_class>
  <confidence>
    <code>hi</code>
  </confidence>
  <comments />
</plot>