<?xml version='1.0' standalone='yes' ?>
<plot step="1" created="2017-09-12T16:47:38.040+07:00" modified="2017-09-12T16:47:54.306+07:00">
  <id>
    <value>931</value>
  </id>
  <location>
    <x>105.060633284987</x>
    <y>12.0493886356263</y>
    <srs>EPSG:4326</srs>
  </location>
  <operator>
    <value>sereyoudom</value>
  </operator>
  <elevation>
    <value>19</value>
  </elevation>
  <slope>
    <value>0.00631298272843563</value>
  </slope>
  <aspect>
    <value>2.56446538733917</value>
  </aspect>
  <region>
    <value>K&#226;mp&#243;ng Cham</value>
  </region>
  <country>
    <value>Cambodia</value>
  </country>
  <geometry>
    <value>points</value>
  </geometry>
  <area>
    <value>1.0</value>
  </area>
  <map_class>
    <code>Deforestation other</code>
  </map_class>
  <actively_saved>
    <value>true</value>
  </actively_saved>
  <actively_saved_on>
    <year>2017</year>
    <month>9</month>
    <day>12</day>
  </actively_saved_on>
  <plot_file>
    <value>pts_grp_6.csv</value>
  </plot_file>
  <ref_class>
    <code>Non Forest stable</code>
  </ref_class>
  <confidence>
    <code>hi</code>
  </confidence>
  <comments />
</plot>