<?xml version='1.0' standalone='yes' ?>
<plot step="1" created="2017-09-13T08:40:17.388+07:00" modified="2017-09-13T08:40:22.617+07:00">
  <id>
    <value>680</value>
  </id>
  <location>
    <x>105.260966201478</x>
    <y>12.0522610376479</y>
    <srs>EPSG:4326</srs>
  </location>
  <operator>
    <value>chealy</value>
  </operator>
  <elevation>
    <value>28</value>
  </elevation>
  <slope>
    <value>0.00222119443249286</value>
  </slope>
  <aspect>
    <value>1.69324828661162</value>
  </aspect>
  <region>
    <value>K&#226;mp&#243;ng Cham</value>
  </region>
  <country>
    <value>Cambodia</value>
  </country>
  <geometry>
    <value>points</value>
  </geometry>
  <area>
    <value>1.0</value>
  </area>
  <map_class>
    <code>Non Forest stable</code>
  </map_class>
  <actively_saved>
    <value>true</value>
  </actively_saved>
  <actively_saved_on>
    <year>2017</year>
    <month>9</month>
    <day>13</day>
  </actively_saved_on>
  <plot_file>
    <value>pts_grp_7.csv</value>
  </plot_file>
  <ref_class>
    <code>Non Forest stable</code>
  </ref_class>
  <confidence>
    <code>hi</code>
  </confidence>
  <comments />
</plot>