<?xml version='1.0' standalone='yes' ?>
<plot step="1" created="2017-09-13T08:42:08.039+07:00" modified="2017-09-13T08:42:12.413+07:00">
  <id>
    <value>339</value>
  </id>
  <location>
    <x>103.191859119977</x>
    <y>13.325925564067</y>
    <srs>EPSG:4326</srs>
  </location>
  <operator>
    <value>chealy</value>
  </operator>
  <elevation>
    <value>9</value>
  </elevation>
  <slope>
    <value>4.2988088857509E-4</value>
  </slope>
  <aspect>
    <value>3.4695714951937</value>
  </aspect>
  <region>
    <value>Batd&#226;mb&#226;ng</value>
  </region>
  <country>
    <value>Cambodia</value>
  </country>
  <geometry>
    <value>points</value>
  </geometry>
  <area>
    <value>1.0</value>
  </area>
  <map_class>
    <code>Deforestation other</code>
  </map_class>
  <actively_saved>
    <value>true</value>
  </actively_saved>
  <actively_saved_on>
    <year>2017</year>
    <month>9</month>
    <day>13</day>
  </actively_saved_on>
  <plot_file>
    <value>pts_grp_7.csv</value>
  </plot_file>
  <ref_class>
    <code>Non Forest stable</code>
  </ref_class>
  <confidence>
    <code>hi</code>
  </confidence>
  <comments />
</plot>