<?xml version='1.0' standalone='yes' ?>
<plot step="1" created="2017-09-13T08:43:11.144+07:00" modified="2017-09-13T08:43:16.976+07:00">
  <id>
    <value>874</value>
  </id>
  <location>
    <x>106.07946567289</x>
    <y>13.8147839635809</y>
    <srs>EPSG:4326</srs>
  </location>
  <operator>
    <value>chealy</value>
  </operator>
  <elevation>
    <value>90</value>
  </elevation>
  <slope>
    <value>0.00272228420225993</value>
  </slope>
  <aspect>
    <value>4.46057955211239</value>
  </aspect>
  <region>
    <value>St&#339;ng Tr&#234;ng</value>
  </region>
  <country>
    <value>Cambodia</value>
  </country>
  <geometry>
    <value>points</value>
  </geometry>
  <area>
    <value>1.0</value>
  </area>
  <map_class>
    <code>Non Forest stable</code>
  </map_class>
  <actively_saved>
    <value>true</value>
  </actively_saved>
  <actively_saved_on>
    <year>2017</year>
    <month>9</month>
    <day>13</day>
  </actively_saved_on>
  <plot_file>
    <value>pts_grp_7.csv</value>
  </plot_file>
  <ref_class>
    <code>Non Forest stable</code>
  </ref_class>
  <confidence>
    <code>hi</code>
  </confidence>
  <comments />
</plot>