<?xml version='1.0' standalone='yes' ?>
<plot step="1" created="2017-09-13T10:08:13.348+07:00" modified="2017-09-13T10:08:37.270+07:00">
  <id>
    <value>376</value>
  </id>
  <location>
    <x>106.640184784968</x>
    <y>12.5449974164768</y>
    <srs>EPSG:4326</srs>
  </location>
  <operator>
    <value>chealy</value>
  </operator>
  <elevation>
    <value>97</value>
  </elevation>
  <slope>
    <value>0.00166307814183289</value>
  </slope>
  <aspect>
    <value>5.13248050831264</value>
  </aspect>
  <region>
    <value>M&#244;nd&#243;l Kiri</value>
  </region>
  <country>
    <value>Cambodia</value>
  </country>
  <geometry>
    <value>points</value>
  </geometry>
  <area>
    <value>1.0</value>
  </area>
  <map_class>
    <code>Deforestation other</code>
  </map_class>
  <actively_saved>
    <value>true</value>
  </actively_saved>
  <actively_saved_on>
    <year>2017</year>
    <month>9</month>
    <day>13</day>
  </actively_saved_on>
  <plot_file>
    <value>check_norin12320170913.csv</value>
  </plot_file>
  <ref_class>
    <code>Forest stable</code>
  </ref_class>
  <confidence>
    <code>hi</code>
  </confidence>
  <comments />
</plot>