<?xml version='1.0' standalone='yes' ?>
<plot step="1" created="2017-09-13T10:12:25.254+07:00" modified="2017-09-13T10:13:35.340+07:00">
  <id>
    <value>659</value>
  </id>
  <location>
    <x>106.076682807158</x>
    <y>13.8383759156208</y>
    <srs>EPSG:4326</srs>
  </location>
  <operator>
    <value>chealy</value>
  </operator>
  <elevation>
    <value>100</value>
  </elevation>
  <slope>
    <value>0.00309838687202326</value>
  </slope>
  <aspect>
    <value>3.41367255910609</value>
  </aspect>
  <region>
    <value>St&#339;ng Tr&#234;ng</value>
  </region>
  <country>
    <value>Cambodia</value>
  </country>
  <geometry>
    <value>points</value>
  </geometry>
  <area>
    <value>1.0</value>
  </area>
  <map_class>
    <code>Deforestation other</code>
  </map_class>
  <actively_saved>
    <value>true</value>
  </actively_saved>
  <actively_saved_on>
    <year>2017</year>
    <month>9</month>
    <day>13</day>
  </actively_saved_on>
  <plot_file>
    <value>check_norin12320170913.csv</value>
  </plot_file>
  <ref_class>
    <code>Deforestation other</code>
  </ref_class>
  <confidence>
    <code>hi</code>
  </confidence>
  <comments />
</plot>