<?xml version='1.0' standalone='yes' ?>
<plot step="1" created="2017-09-13T10:15:36.482+07:00" modified="2017-09-13T10:20:59.434+07:00">
  <id>
    <value>619</value>
  </id>
  <location>
    <x>103.84003214622</x>
    <y>14.3175376266519</y>
    <srs>EPSG:4326</srs>
  </location>
  <operator>
    <value>chealy</value>
  </operator>
  <elevation>
    <value>78</value>
  </elevation>
  <slope>
    <value>0.00503651750669261</value>
  </slope>
  <aspect>
    <value>3.22452322545743</value>
  </aspect>
  <region>
    <value>Otdar Mean Chey</value>
  </region>
  <country>
    <value>Cambodia</value>
  </country>
  <geometry>
    <value>points</value>
  </geometry>
  <area>
    <value>1.0</value>
  </area>
  <map_class>
    <code>Deforestation other</code>
  </map_class>
  <actively_saved>
    <value>true</value>
  </actively_saved>
  <actively_saved_on>
    <year>2017</year>
    <month>9</month>
    <day>13</day>
  </actively_saved_on>
  <plot_file>
    <value>check_norin12320170913.csv</value>
  </plot_file>
  <ref_class>
    <code>Deforestation other</code>
  </ref_class>
  <confidence>
    <code>hi</code>
  </confidence>
  <comments />
</plot>