<?xml version='1.0' standalone='yes' ?>
<plot step="1" created="2017-09-13T10:27:28.906+07:00" modified="2017-09-13T10:27:33.140+07:00">
  <id>
    <value>97</value>
  </id>
  <location>
    <x>104.127246245022</x>
    <y>11.5828723088776</y>
    <srs>EPSG:4326</srs>
  </location>
  <operator>
    <value>chealy</value>
  </operator>
  <elevation>
    <value>129</value>
  </elevation>
  <slope>
    <value>0.0149190074665455</value>
  </slope>
  <aspect>
    <value>0.857100083586753</value>
  </aspect>
  <region>
    <value>K&#226;mp&#243;ng Sp&#339;</value>
  </region>
  <country>
    <value>Cambodia</value>
  </country>
  <geometry>
    <value>points</value>
  </geometry>
  <area>
    <value>1.0</value>
  </area>
  <map_class>
    <code>Degradation</code>
  </map_class>
  <actively_saved>
    <value>true</value>
  </actively_saved>
  <actively_saved_on>
    <year>2017</year>
    <month>9</month>
    <day>13</day>
  </actively_saved_on>
  <plot_file>
    <value>check_norin12320170913.csv</value>
  </plot_file>
  <ref_class>
    <code>Forest stable</code>
  </ref_class>
  <confidence>
    <code>hi</code>
  </confidence>
  <comments />
</plot>