<?xml version='1.0' standalone='yes' ?>
<plot step="1" created="2017-09-12T15:16:33.896+07:00" modified="2017-09-12T15:16:58.796+07:00">
  <id>
    <value>431</value>
  </id>
  <location>
    <x>104.177895239575</x>
    <y>14.0371400383728</y>
    <srs>EPSG:4326</srs>
  </location>
  <operator>
    <value>interemi</value>
  </operator>
  <elevation>
    <value>93</value>
  </elevation>
  <slope>
    <value>0.00596667132114561</value>
  </slope>
  <aspect>
    <value>4.135228962114</value>
  </aspect>
  <region>
    <value>Siemr&#233;ab</value>
  </region>
  <country>
    <value>Cambodia</value>
  </country>
  <geometry>
    <value>points</value>
  </geometry>
  <area>
    <value>1.0</value>
  </area>
  <map_class>
    <code>Deforestation crops</code>
  </map_class>
  <actively_saved>
    <value>true</value>
  </actively_saved>
  <actively_saved_on>
    <year>2017</year>
    <month>9</month>
    <day>12</day>
  </actively_saved_on>
  <plot_file>
    <value>pts_grp_7.csv</value>
  </plot_file>
  <ref_class>
    <code>Non Forest stable</code>
  </ref_class>
  <confidence>
    <code>hi</code>
  </confidence>
  <comments />
</plot>