<?xml version='1.0' standalone='yes' ?>
<plot step="1" created="2017-09-13T10:32:34.621+07:00" modified="2017-09-13T10:32:45.149+07:00">
  <id>
    <value>514</value>
  </id>
  <location>
    <x>104.358106398222</x>
    <y>11.0549696790699</y>
    <srs>EPSG:4326</srs>
  </location>
  <operator>
    <value>chealy</value>
  </operator>
  <elevation>
    <value>152</value>
  </elevation>
  <slope>
    <value>0.101350548079534</value>
  </slope>
  <aspect>
    <value>0.673472859921589</value>
  </aspect>
  <region>
    <value>K&#226;mp&#244;t</value>
  </region>
  <country>
    <value>Cambodia</value>
  </country>
  <geometry>
    <value>points</value>
  </geometry>
  <area>
    <value>1.0</value>
  </area>
  <map_class>
    <code>Forest stable</code>
  </map_class>
  <actively_saved>
    <value>true</value>
  </actively_saved>
  <actively_saved_on>
    <year>2017</year>
    <month>9</month>
    <day>13</day>
  </actively_saved_on>
  <plot_file>
    <value>check_norin12320170913.csv</value>
  </plot_file>
  <ref_class>
    <code>Forest stable</code>
  </ref_class>
  <confidence>
    <code>hi</code>
  </confidence>
  <comments />
</plot>