<?xml version='1.0' standalone='yes' ?>
<plot step="1" created="2017-09-13T10:39:52.598+07:00" modified="2017-09-13T10:39:57.805+07:00">
  <id>
    <value>582</value>
  </id>
  <location>
    <x>105.027309293701</x>
    <y>10.7586058025178</y>
    <srs>EPSG:4326</srs>
  </location>
  <operator>
    <value>chealy</value>
  </operator>
  <elevation>
    <value>3</value>
  </elevation>
  <slope>
    <value>4.33264482717202E-4</value>
  </slope>
  <aspect>
    <value>1.25234018592773</value>
  </aspect>
  <region>
    <value>Tak&#234;v</value>
  </region>
  <country>
    <value>Cambodia</value>
  </country>
  <geometry>
    <value>points</value>
  </geometry>
  <area>
    <value>1.0</value>
  </area>
  <map_class>
    <code>Non Forest stable</code>
  </map_class>
  <actively_saved>
    <value>true</value>
  </actively_saved>
  <actively_saved_on>
    <year>2017</year>
    <month>9</month>
    <day>13</day>
  </actively_saved_on>
  <plot_file>
    <value>check_norin12320170913.csv</value>
  </plot_file>
  <ref_class>
    <code>Non Forest stable</code>
  </ref_class>
  <confidence>
    <code>hi</code>
  </confidence>
  <comments />
</plot>