<?xml version='1.0' standalone='yes' ?>
<plot step="1" created="2017-09-13T10:42:03.995+07:00" modified="2017-09-13T10:42:10.161+07:00">
  <id>
    <value>837</value>
  </id>
  <location>
    <x>105.107208944236</x>
    <y>12.9206166348367</y>
    <srs>EPSG:4326</srs>
  </location>
  <operator>
    <value>chealy</value>
  </operator>
  <elevation>
    <value>27</value>
  </elevation>
  <slope>
    <value>0.00750273927709146</value>
  </slope>
  <aspect>
    <value>2.74427638939996</value>
  </aspect>
  <region>
    <value>K&#226;mp&#243;ng Thum</value>
  </region>
  <country>
    <value>Cambodia</value>
  </country>
  <geometry>
    <value>points</value>
  </geometry>
  <area>
    <value>1.0</value>
  </area>
  <map_class>
    <code>Non Forest stable</code>
  </map_class>
  <actively_saved>
    <value>true</value>
  </actively_saved>
  <actively_saved_on>
    <year>2017</year>
    <month>9</month>
    <day>13</day>
  </actively_saved_on>
  <plot_file>
    <value>check_norin12320170913.csv</value>
  </plot_file>
  <ref_class>
    <code>Non Forest stable</code>
  </ref_class>
  <confidence>
    <code>hi</code>
  </confidence>
  <comments />
</plot>