<?xml version='1.0' standalone='yes' ?>
<plot step="1" created="2017-09-13T10:51:55.161+07:00" modified="2017-09-13T10:52:00.260+07:00">
  <id>
    <value>488</value>
  </id>
  <location>
    <x>103.721870699459</x>
    <y>10.7935613612595</y>
    <srs>EPSG:4326</srs>
  </location>
  <operator>
    <value>chealy</value>
  </operator>
  <elevation>
    <value>24</value>
  </elevation>
  <slope>
    <value>0.00960759325372166</value>
  </slope>
  <aspect>
    <value>5.8405520377503</value>
  </aspect>
  <region>
    <value>Ka&#244;h Kong</value>
  </region>
  <country>
    <value>Cambodia</value>
  </country>
  <geometry>
    <value>points</value>
  </geometry>
  <area>
    <value>1.0</value>
  </area>
  <map_class>
    <code>Deforestation rubber</code>
  </map_class>
  <actively_saved>
    <value>true</value>
  </actively_saved>
  <actively_saved_on>
    <year>2017</year>
    <month>9</month>
    <day>13</day>
  </actively_saved_on>
  <plot_file>
    <value>pts_grp_7.csv</value>
  </plot_file>
  <ref_class>
    <code>Deforestation other</code>
  </ref_class>
  <confidence>
    <code>hi</code>
  </confidence>
  <comments />
</plot>