<?xml version='1.0' standalone='yes' ?>
<plot step="1" created="2017-09-13T10:55:28.101+07:00" modified="2017-09-13T10:55:34.827+07:00">
  <id>
    <value>72</value>
  </id>
  <location>
    <x>106.624317454106</x>
    <y>12.23396387911</y>
    <srs>EPSG:4326</srs>
  </location>
  <operator>
    <value>chealy</value>
  </operator>
  <elevation>
    <value>128</value>
  </elevation>
  <slope>
    <value>0.00322164455537056</value>
  </slope>
  <aspect>
    <value>5.05596779424061</value>
  </aspect>
  <region>
    <value>Kr&#226;ch&#233;h</value>
  </region>
  <country>
    <value>Cambodia</value>
  </country>
  <geometry>
    <value>points</value>
  </geometry>
  <area>
    <value>1.0</value>
  </area>
  <map_class>
    <code>Deforestation rubber</code>
  </map_class>
  <actively_saved>
    <value>true</value>
  </actively_saved>
  <actively_saved_on>
    <year>2017</year>
    <month>9</month>
    <day>13</day>
  </actively_saved_on>
  <plot_file>
    <value>pts_grp_7.csv</value>
  </plot_file>
  <ref_class>
    <code>Deforestation rubber</code>
  </ref_class>
  <confidence>
    <code>hi</code>
  </confidence>
  <comments />
</plot>