<?xml version='1.0' standalone='yes' ?>
<plot step="1" created="2017-09-13T10:55:45.341+07:00" modified="2017-09-13T10:55:51.384+07:00">
  <id>
    <value>26</value>
  </id>
  <location>
    <x>104.676276942969</x>
    <y>11.0024134868224</y>
    <srs>EPSG:4326</srs>
  </location>
  <operator>
    <value>chealy</value>
  </operator>
  <elevation>
    <value>13</value>
  </elevation>
  <slope>
    <value>0.00140938726090694</value>
  </slope>
  <aspect>
    <value>2.07288378957009</value>
  </aspect>
  <region>
    <value>Tak&#234;v</value>
  </region>
  <country>
    <value>Cambodia</value>
  </country>
  <geometry>
    <value>points</value>
  </geometry>
  <area>
    <value>1.0</value>
  </area>
  <map_class>
    <code>Non Forest stable</code>
  </map_class>
  <actively_saved>
    <value>true</value>
  </actively_saved>
  <actively_saved_on>
    <year>2017</year>
    <month>9</month>
    <day>13</day>
  </actively_saved_on>
  <plot_file>
    <value>pts_grp_7.csv</value>
  </plot_file>
  <ref_class>
    <code>Non Forest stable</code>
  </ref_class>
  <confidence>
    <code>hi</code>
  </confidence>
  <comments />
</plot>