<?xml version='1.0' standalone='yes' ?>
<plot step="1" created="2017-09-13T10:56:19.895+07:00" modified="2017-09-13T10:56:27.681+07:00">
  <id>
    <value>668</value>
  </id>
  <location>
    <x>107.204552841227</x>
    <y>14.0991369312243</y>
    <srs>EPSG:4326</srs>
  </location>
  <operator>
    <value>chealy</value>
  </operator>
  <elevation>
    <value>117</value>
  </elevation>
  <slope>
    <value>5.82526127821109E-4</value>
  </slope>
  <aspect>
    <value>2.34426761746546</value>
  </aspect>
  <region>
    <value>R&#244;t&#226;n&#244;kiri</value>
  </region>
  <country>
    <value>Cambodia</value>
  </country>
  <geometry>
    <value>points</value>
  </geometry>
  <area>
    <value>1.0</value>
  </area>
  <map_class>
    <code>Forest stable</code>
  </map_class>
  <actively_saved>
    <value>true</value>
  </actively_saved>
  <actively_saved_on>
    <year>2017</year>
    <month>9</month>
    <day>13</day>
  </actively_saved_on>
  <plot_file>
    <value>pts_grp_7.csv</value>
  </plot_file>
  <ref_class>
    <code>Forest stable</code>
  </ref_class>
  <confidence>
    <code>hi</code>
  </confidence>
  <comments />
</plot>