<?xml version='1.0' standalone='yes' ?>
<plot step="1" created="2017-09-12T15:19:25.955+07:00" modified="2017-09-12T15:19:36.185+07:00">
  <id>
    <value>612</value>
  </id>
  <location>
    <x>105.187697295632</x>
    <y>13.0482027328344</y>
    <srs>EPSG:4326</srs>
  </location>
  <operator>
    <value>interemi</value>
  </operator>
  <elevation>
    <value>36</value>
  </elevation>
  <slope>
    <value>0.00506582167313764</value>
  </slope>
  <aspect>
    <value>1.86979312845232</value>
  </aspect>
  <region>
    <value>K&#226;mp&#243;ng Thum</value>
  </region>
  <country>
    <value>Cambodia</value>
  </country>
  <geometry>
    <value>points</value>
  </geometry>
  <area>
    <value>1.0</value>
  </area>
  <map_class>
    <code>Non Forest stable</code>
  </map_class>
  <actively_saved>
    <value>true</value>
  </actively_saved>
  <actively_saved_on>
    <year>2017</year>
    <month>9</month>
    <day>12</day>
  </actively_saved_on>
  <plot_file>
    <value>pts_grp_7.csv</value>
  </plot_file>
  <ref_class>
    <code>Non Forest stable</code>
  </ref_class>
  <confidence>
    <code>hi</code>
  </confidence>
  <comments />
</plot>