<?xml version='1.0' standalone='yes' ?>
<plot step="1" created="2017-09-13T10:58:04.383+07:00" modified="2017-09-13T10:58:09.293+07:00">
  <id>
    <value>306</value>
  </id>
  <location>
    <x>104.208531140197</x>
    <y>12.2255679009493</y>
    <srs>EPSG:4326</srs>
  </location>
  <operator>
    <value>chealy</value>
  </operator>
  <elevation>
    <value>104</value>
  </elevation>
  <slope>
    <value>0.0137176692813665</value>
  </slope>
  <aspect>
    <value>0.050272894980822</value>
  </aspect>
  <region>
    <value>K&#226;mp&#243;ng Chhnang</value>
  </region>
  <country>
    <value>Cambodia</value>
  </country>
  <geometry>
    <value>points</value>
  </geometry>
  <area>
    <value>1.0</value>
  </area>
  <map_class>
    <code>Forest stable</code>
  </map_class>
  <actively_saved>
    <value>true</value>
  </actively_saved>
  <actively_saved_on>
    <year>2017</year>
    <month>9</month>
    <day>13</day>
  </actively_saved_on>
  <plot_file>
    <value>pts_grp_7.csv</value>
  </plot_file>
  <ref_class>
    <code>Forest stable</code>
  </ref_class>
  <confidence>
    <code>hi</code>
  </confidence>
  <comments />
</plot>