<?xml version='1.0' standalone='yes' ?>
<plot step="1" created="2017-09-13T10:58:34.148+07:00" modified="2017-09-13T10:58:38.945+07:00">
  <id>
    <value>40</value>
  </id>
  <location>
    <x>104.132302433249</x>
    <y>11.5892114036225</y>
    <srs>EPSG:4326</srs>
  </location>
  <operator>
    <value>chealy</value>
  </operator>
  <elevation>
    <value>118</value>
  </elevation>
  <slope>
    <value>0.0146378152753201</value>
  </slope>
  <aspect>
    <value>0.385314754143688</value>
  </aspect>
  <region>
    <value>K&#226;mp&#243;ng Sp&#339;</value>
  </region>
  <country>
    <value>Cambodia</value>
  </country>
  <geometry>
    <value>points</value>
  </geometry>
  <area>
    <value>1.0</value>
  </area>
  <map_class>
    <code>Degradation</code>
  </map_class>
  <actively_saved>
    <value>true</value>
  </actively_saved>
  <actively_saved_on>
    <year>2017</year>
    <month>9</month>
    <day>13</day>
  </actively_saved_on>
  <plot_file>
    <value>pts_grp_7.csv</value>
  </plot_file>
  <ref_class>
    <code>Non Forest stable</code>
  </ref_class>
  <confidence>
    <code>hi</code>
  </confidence>
  <comments />
</plot>