<?xml version='1.0' standalone='yes' ?>
<plot step="1" created="2017-09-13T10:59:04.897+07:00" modified="2017-09-13T10:59:11.637+07:00">
  <id>
    <value>841</value>
  </id>
  <location>
    <x>107.442370756961</x>
    <y>13.5119753125609</y>
    <srs>EPSG:4326</srs>
  </location>
  <operator>
    <value>chealy</value>
  </operator>
  <elevation>
    <value>148</value>
  </elevation>
  <slope>
    <value>0.0239653587934687</value>
  </slope>
  <aspect>
    <value>5.01702709791994</value>
  </aspect>
  <region>
    <value>R&#244;t&#226;n&#244;kiri</value>
  </region>
  <country>
    <value>Cambodia</value>
  </country>
  <geometry>
    <value>points</value>
  </geometry>
  <area>
    <value>1.0</value>
  </area>
  <map_class>
    <code>Forest stable</code>
  </map_class>
  <actively_saved>
    <value>true</value>
  </actively_saved>
  <actively_saved_on>
    <year>2017</year>
    <month>9</month>
    <day>13</day>
  </actively_saved_on>
  <plot_file>
    <value>pts_grp_7.csv</value>
  </plot_file>
  <ref_class>
    <code>Forest stable</code>
  </ref_class>
  <confidence>
    <code>hi</code>
  </confidence>
  <comments />
</plot>