<?xml version='1.0' standalone='yes' ?>
<plot step="1" created="2017-09-13T10:59:45.393+07:00" modified="2017-09-13T10:59:59.271+07:00">
  <id>
    <value>826</value>
  </id>
  <location>
    <x>105.431628175346</x>
    <y>13.421730248114</y>
    <srs>EPSG:4326</srs>
  </location>
  <operator>
    <value>chealy</value>
  </operator>
  <elevation>
    <value>105</value>
  </elevation>
  <slope>
    <value>0.0121435687984188</value>
  </slope>
  <aspect>
    <value>4.83557490765063</value>
  </aspect>
  <region>
    <value>Preah Vih&#233;ar</value>
  </region>
  <country>
    <value>Cambodia</value>
  </country>
  <geometry>
    <value>points</value>
  </geometry>
  <area>
    <value>1.0</value>
  </area>
  <map_class>
    <code>Forest stable</code>
  </map_class>
  <actively_saved>
    <value>true</value>
  </actively_saved>
  <actively_saved_on>
    <year>2017</year>
    <month>9</month>
    <day>13</day>
  </actively_saved_on>
  <plot_file>
    <value>pts_grp_7.csv</value>
  </plot_file>
  <ref_class>
    <code>Forest stable</code>
  </ref_class>
  <confidence>
    <code>hi</code>
  </confidence>
  <comments />
</plot>