<?xml version='1.0' standalone='yes' ?>
<plot step="1" created="2017-09-13T11:02:55.996+07:00" modified="2017-09-13T11:05:46.468+07:00">
  <id>
    <value>578</value>
  </id>
  <location>
    <x>105.235521140259</x>
    <y>12.5192521268396</y>
    <srs>EPSG:4326</srs>
  </location>
  <operator>
    <value>chealy</value>
  </operator>
  <elevation>
    <value>22</value>
  </elevation>
  <slope>
    <value>4.2973690351664E-4</value>
  </slope>
  <aspect>
    <value>0.326992736131781</value>
  </aspect>
  <region>
    <value>K&#226;mp&#243;ng Thum</value>
  </region>
  <country>
    <value>Cambodia</value>
  </country>
  <geometry>
    <value>points</value>
  </geometry>
  <area>
    <value>1.0</value>
  </area>
  <map_class>
    <code>Management</code>
  </map_class>
  <actively_saved>
    <value>true</value>
  </actively_saved>
  <actively_saved_on>
    <year>2017</year>
    <month>9</month>
    <day>13</day>
  </actively_saved_on>
  <plot_file>
    <value>pts_grp_7.csv</value>
  </plot_file>
  <ref_class>
    <code>Forest stable</code>
  </ref_class>
  <confidence>
    <code>hi</code>
  </confidence>
  <comments />
</plot>