<?xml version='1.0' standalone='yes' ?>
<plot step="1" created="2017-09-13T11:08:17.530+07:00" modified="2017-09-13T11:08:23.131+07:00">
  <id>
    <value>457</value>
  </id>
  <location>
    <x>106.24316491433</x>
    <y>12.0328428480418</y>
    <srs>EPSG:4326</srs>
  </location>
  <operator>
    <value>chealy</value>
  </operator>
  <elevation>
    <value>55</value>
  </elevation>
  <slope>
    <value>0.00984920536249068</value>
  </slope>
  <aspect>
    <value>1.83556188810908</value>
  </aspect>
  <region>
    <value>Kr&#226;ch&#233;h</value>
  </region>
  <country>
    <value>Cambodia</value>
  </country>
  <geometry>
    <value>points</value>
  </geometry>
  <area>
    <value>1.0</value>
  </area>
  <map_class>
    <code>Forest stable</code>
  </map_class>
  <actively_saved>
    <value>true</value>
  </actively_saved>
  <actively_saved_on>
    <year>2017</year>
    <month>9</month>
    <day>13</day>
  </actively_saved_on>
  <plot_file>
    <value>pts_grp_7.csv</value>
  </plot_file>
  <ref_class>
    <code>Forest stable</code>
  </ref_class>
  <confidence>
    <code>hi</code>
  </confidence>
  <comments />
</plot>