<?xml version='1.0' standalone='yes' ?>
<plot step="1" created="2017-09-13T11:11:21.251+07:00" modified="2017-09-13T11:11:29.815+07:00">
  <id>
    <value>663</value>
  </id>
  <location>
    <x>106.544926904774</x>
    <y>14.3266171480424</y>
    <srs>EPSG:4326</srs>
  </location>
  <operator>
    <value>chealy</value>
  </operator>
  <elevation>
    <value>342</value>
  </elevation>
  <slope>
    <value>0.00874721125839478</value>
  </slope>
  <aspect>
    <value>5.55200256972721</value>
  </aspect>
  <region>
    <value>St&#339;ng Tr&#234;ng</value>
  </region>
  <country>
    <value>Cambodia</value>
  </country>
  <geometry>
    <value>points</value>
  </geometry>
  <area>
    <value>1.0</value>
  </area>
  <map_class>
    <code>Forest stable</code>
  </map_class>
  <actively_saved>
    <value>true</value>
  </actively_saved>
  <actively_saved_on>
    <year>2017</year>
    <month>9</month>
    <day>13</day>
  </actively_saved_on>
  <plot_file>
    <value>pts_grp_7.csv</value>
  </plot_file>
  <ref_class>
    <code>Forest stable</code>
  </ref_class>
  <confidence>
    <code>hi</code>
  </confidence>
  <comments />
</plot>