<?xml version='1.0' standalone='yes' ?>
<plot step="1" created="2017-09-13T11:12:56.323+07:00" modified="2017-09-13T11:13:01.635+07:00">
  <id>
    <value>370</value>
  </id>
  <location>
    <x>103.215956648698</x>
    <y>12.6914377377871</y>
    <srs>EPSG:4326</srs>
  </location>
  <operator>
    <value>chealy</value>
  </operator>
  <elevation>
    <value>48</value>
  </elevation>
  <slope>
    <value>0.0036230758022147</value>
  </slope>
  <aspect>
    <value>0.230775523698223</value>
  </aspect>
  <region>
    <value>Batd&#226;mb&#226;ng</value>
  </region>
  <country>
    <value>Cambodia</value>
  </country>
  <geometry>
    <value>points</value>
  </geometry>
  <area>
    <value>1.0</value>
  </area>
  <map_class>
    <code>Non Forest stable</code>
  </map_class>
  <actively_saved>
    <value>true</value>
  </actively_saved>
  <actively_saved_on>
    <year>2017</year>
    <month>9</month>
    <day>13</day>
  </actively_saved_on>
  <plot_file>
    <value>pts_grp_7.csv</value>
  </plot_file>
  <ref_class>
    <code>Non Forest stable</code>
  </ref_class>
  <confidence>
    <code>hi</code>
  </confidence>
  <comments />
</plot>