<?xml version='1.0' standalone='yes' ?>
<plot step="1" created="2017-09-13T11:15:21.250+07:00" modified="2017-09-13T11:15:25.944+07:00">
  <id>
    <value>618</value>
  </id>
  <location>
    <x>104.050212888643</x>
    <y>14.0812998959775</y>
    <srs>EPSG:4326</srs>
  </location>
  <operator>
    <value>chealy</value>
  </operator>
  <elevation>
    <value>74</value>
  </elevation>
  <slope>
    <value>0.00821466422181451</value>
  </slope>
  <aspect>
    <value>0.135703220527954</value>
  </aspect>
  <region>
    <value>Siemr&#233;ab</value>
  </region>
  <country>
    <value>Cambodia</value>
  </country>
  <geometry>
    <value>points</value>
  </geometry>
  <area>
    <value>1.0</value>
  </area>
  <map_class>
    <code>Non Forest stable</code>
  </map_class>
  <actively_saved>
    <value>true</value>
  </actively_saved>
  <actively_saved_on>
    <year>2017</year>
    <month>9</month>
    <day>13</day>
  </actively_saved_on>
  <plot_file>
    <value>pts_grp_7.csv</value>
  </plot_file>
  <ref_class>
    <code>Non Forest stable</code>
  </ref_class>
  <confidence>
    <code>hi</code>
  </confidence>
  <comments />
</plot>