<?xml version='1.0' standalone='yes' ?>
<plot step="1" created="2017-09-13T11:15:34.550+07:00" modified="2017-09-13T11:15:39.395+07:00">
  <id>
    <value>359</value>
  </id>
  <location>
    <x>103.287014764439</x>
    <y>13.0920362222733</y>
    <srs>EPSG:4326</srs>
  </location>
  <operator>
    <value>chealy</value>
  </operator>
  <elevation>
    <value>13</value>
  </elevation>
  <slope>
    <value>0.0016051244112549</value>
  </slope>
  <aspect>
    <value>2.10259372218171</value>
  </aspect>
  <region>
    <value>Batd&#226;mb&#226;ng</value>
  </region>
  <country>
    <value>Cambodia</value>
  </country>
  <geometry>
    <value>points</value>
  </geometry>
  <area>
    <value>1.0</value>
  </area>
  <map_class>
    <code>Non Forest stable</code>
  </map_class>
  <actively_saved>
    <value>true</value>
  </actively_saved>
  <actively_saved_on>
    <year>2017</year>
    <month>9</month>
    <day>13</day>
  </actively_saved_on>
  <plot_file>
    <value>pts_grp_7.csv</value>
  </plot_file>
  <ref_class>
    <code>Non Forest stable</code>
  </ref_class>
  <confidence>
    <code>hi</code>
  </confidence>
  <comments />
</plot>