<?xml version='1.0' standalone='yes' ?>
<plot step="1" created="2017-09-13T11:15:56.437+07:00" modified="2017-09-13T11:16:01.235+07:00">
  <id>
    <value>570</value>
  </id>
  <location>
    <x>103.55298229586</x>
    <y>14.391894616717</y>
    <srs>EPSG:4326</srs>
  </location>
  <operator>
    <value>chealy</value>
  </operator>
  <elevation>
    <value>106</value>
  </elevation>
  <slope>
    <value>0.0461173502139461</value>
  </slope>
  <aspect>
    <value>3.74044521803699</value>
  </aspect>
  <region>
    <value>Otdar Mean Chey</value>
  </region>
  <country>
    <value>Cambodia</value>
  </country>
  <geometry>
    <value>points</value>
  </geometry>
  <area>
    <value>1.0</value>
  </area>
  <map_class>
    <code>Non Forest stable</code>
  </map_class>
  <actively_saved>
    <value>true</value>
  </actively_saved>
  <actively_saved_on>
    <year>2017</year>
    <month>9</month>
    <day>13</day>
  </actively_saved_on>
  <plot_file>
    <value>pts_grp_7.csv</value>
  </plot_file>
  <ref_class>
    <code>Forest stable</code>
  </ref_class>
  <confidence>
    <code>hi</code>
  </confidence>
  <comments />
</plot>