<?xml version='1.0' standalone='yes' ?>
<plot step="1" created="2017-09-13T11:17:50.163+07:00" modified="2017-09-13T11:17:58.154+07:00">
  <id>
    <value>74</value>
  </id>
  <location>
    <x>104.13984301201</x>
    <y>13.9720844293304</y>
    <srs>EPSG:4326</srs>
  </location>
  <operator>
    <value>chealy</value>
  </operator>
  <elevation>
    <value>96</value>
  </elevation>
  <slope>
    <value>0.00207387566580281</value>
  </slope>
  <aspect>
    <value>2.72819298367531</value>
  </aspect>
  <region>
    <value>Siemr&#233;ab</value>
  </region>
  <country>
    <value>Cambodia</value>
  </country>
  <geometry>
    <value>points</value>
  </geometry>
  <area>
    <value>1.0</value>
  </area>
  <map_class>
    <code>Forest stable</code>
  </map_class>
  <actively_saved>
    <value>true</value>
  </actively_saved>
  <actively_saved_on>
    <year>2017</year>
    <month>9</month>
    <day>13</day>
  </actively_saved_on>
  <plot_file>
    <value>pts_grp_7.csv</value>
  </plot_file>
  <ref_class>
    <code>Forest stable</code>
  </ref_class>
  <confidence>
    <code>hi</code>
  </confidence>
  <comments />
</plot>