<?xml version='1.0' standalone='yes' ?>
<plot step="1" created="2017-09-13T11:18:28.587+07:00" modified="2017-09-13T11:18:33.423+07:00">
  <id>
    <value>607</value>
  </id>
  <location>
    <x>106.208054457708</x>
    <y>13.3636929337919</y>
    <srs>EPSG:4326</srs>
  </location>
  <operator>
    <value>chealy</value>
  </operator>
  <elevation>
    <value>143</value>
  </elevation>
  <slope>
    <value>0.00391566897891207</value>
  </slope>
  <aspect>
    <value>4.57336528239847</value>
  </aspect>
  <region>
    <value>St&#339;ng Tr&#234;ng</value>
  </region>
  <country>
    <value>Cambodia</value>
  </country>
  <geometry>
    <value>points</value>
  </geometry>
  <area>
    <value>1.0</value>
  </area>
  <map_class>
    <code>Deforestation rubber</code>
  </map_class>
  <actively_saved>
    <value>true</value>
  </actively_saved>
  <actively_saved_on>
    <year>2017</year>
    <month>9</month>
    <day>13</day>
  </actively_saved_on>
  <plot_file>
    <value>pts_grp_7.csv</value>
  </plot_file>
  <ref_class>
    <code>Deforestation other</code>
  </ref_class>
  <confidence>
    <code>hi</code>
  </confidence>
  <comments />
</plot>