<?xml version='1.0' standalone='yes' ?>
<plot step="1" created="2017-09-13T11:19:06.207+07:00" modified="2017-09-13T11:19:11.178+07:00">
  <id>
    <value>652</value>
  </id>
  <location>
    <x>106.267291677249</x>
    <y>12.8428170451803</y>
    <srs>EPSG:4326</srs>
  </location>
  <operator>
    <value>chealy</value>
  </operator>
  <elevation>
    <value>90</value>
  </elevation>
  <slope>
    <value>0.0079278059998225</value>
  </slope>
  <aspect>
    <value>5.29182435376343</value>
  </aspect>
  <region>
    <value>Kr&#226;ch&#233;h</value>
  </region>
  <country>
    <value>Cambodia</value>
  </country>
  <geometry>
    <value>points</value>
  </geometry>
  <area>
    <value>1.0</value>
  </area>
  <map_class>
    <code>Deforestation rubber</code>
  </map_class>
  <actively_saved>
    <value>true</value>
  </actively_saved>
  <actively_saved_on>
    <year>2017</year>
    <month>9</month>
    <day>13</day>
  </actively_saved_on>
  <plot_file>
    <value>pts_grp_7.csv</value>
  </plot_file>
  <ref_class>
    <code>Deforestation other</code>
  </ref_class>
  <confidence>
    <code>hi</code>
  </confidence>
  <comments />
</plot>