<?xml version='1.0' standalone='yes' ?>
<plot step="1" created="2017-09-13T11:19:46.904+07:00" modified="2017-09-13T11:19:57.357+07:00">
  <id>
    <value>135</value>
  </id>
  <location>
    <x>105.990612884319</x>
    <y>12.8621291757621</y>
    <srs>EPSG:4326</srs>
  </location>
  <operator>
    <value>chealy</value>
  </operator>
  <elevation>
    <value>31</value>
  </elevation>
  <slope>
    <value>0.0025026240594261</value>
  </slope>
  <aspect>
    <value>1.67942013251923</value>
  </aspect>
  <region>
    <value>Kr&#226;ch&#233;h</value>
  </region>
  <country>
    <value>Cambodia</value>
  </country>
  <geometry>
    <value>points</value>
  </geometry>
  <area>
    <value>1.0</value>
  </area>
  <map_class>
    <code>Non Forest stable</code>
  </map_class>
  <actively_saved>
    <value>true</value>
  </actively_saved>
  <actively_saved_on>
    <year>2017</year>
    <month>9</month>
    <day>13</day>
  </actively_saved_on>
  <plot_file>
    <value>pts_grp_7.csv</value>
  </plot_file>
  <ref_class>
    <code>Forest stable</code>
  </ref_class>
  <confidence>
    <code>hi</code>
  </confidence>
  <comments />
</plot>