<?xml version='1.0' standalone='yes' ?>
<plot step="1" created="2017-09-13T11:20:15.499+07:00" modified="2017-09-13T11:20:21.024+07:00">
  <id>
    <value>223</value>
  </id>
  <location>
    <x>103.502381204415</x>
    <y>11.2241762570096</y>
    <srs>EPSG:4326</srs>
  </location>
  <operator>
    <value>chealy</value>
  </operator>
  <elevation>
    <value>8</value>
  </elevation>
  <slope>
    <value>0.00569746605550477</value>
  </slope>
  <aspect>
    <value>3.14159265358979</value>
  </aspect>
  <region>
    <value>Ka&#244;h Kong</value>
  </region>
  <country>
    <value>Cambodia</value>
  </country>
  <geometry>
    <value>points</value>
  </geometry>
  <area>
    <value>1.0</value>
  </area>
  <map_class>
    <code>Enhancement</code>
  </map_class>
  <actively_saved>
    <value>true</value>
  </actively_saved>
  <actively_saved_on>
    <year>2017</year>
    <month>9</month>
    <day>13</day>
  </actively_saved_on>
  <plot_file>
    <value>pts_grp_7.csv</value>
  </plot_file>
  <ref_class>
    <code>Forest stable</code>
  </ref_class>
  <confidence>
    <code>hi</code>
  </confidence>
  <comments />
</plot>