<?xml version='1.0' standalone='yes' ?>
<plot step="1" created="2017-09-13T13:55:20.616+07:00" modified="2017-09-13T13:55:26.171+07:00">
  <id>
    <value>598</value>
  </id>
  <location>
    <x>105.558661183369</x>
    <y>13.2049672229954</y>
    <srs>EPSG:4326</srs>
  </location>
  <operator>
    <value>chealy</value>
  </operator>
  <elevation>
    <value>116</value>
  </elevation>
  <slope>
    <value>0.0107981641233544</value>
  </slope>
  <aspect>
    <value>4.94048371690972</value>
  </aspect>
  <region>
    <value>K&#226;mp&#243;ng Thum</value>
  </region>
  <country>
    <value>Cambodia</value>
  </country>
  <geometry>
    <value>points</value>
  </geometry>
  <area>
    <value>1.0</value>
  </area>
  <map_class>
    <code>Forest stable</code>
  </map_class>
  <actively_saved>
    <value>true</value>
  </actively_saved>
  <actively_saved_on>
    <year>2017</year>
    <month>9</month>
    <day>13</day>
  </actively_saved_on>
  <plot_file>
    <value>pts_grp_4.csv</value>
  </plot_file>
  <ref_class>
    <code>Forest stable</code>
  </ref_class>
  <confidence>
    <code>hi</code>
  </confidence>
  <comments />
</plot>