<?xml version='1.0' standalone='yes' ?>
<plot step="1" created="2017-09-13T13:56:08.372+07:00" modified="2017-09-13T13:56:14.739+07:00">
  <id>
    <value>834</value>
  </id>
  <location>
    <x>103.222584374525</x>
    <y>11.9884167797095</y>
    <srs>EPSG:4326</srs>
  </location>
  <operator>
    <value>chealy</value>
  </operator>
  <elevation>
    <value>528</value>
  </elevation>
  <slope>
    <value>0.0203068217841647</value>
  </slope>
  <aspect>
    <value>3.95369376935659</value>
  </aspect>
  <region>
    <value>Pouthisat</value>
  </region>
  <country>
    <value>Cambodia</value>
  </country>
  <geometry>
    <value>points</value>
  </geometry>
  <area>
    <value>1.0</value>
  </area>
  <map_class>
    <code>Forest stable</code>
  </map_class>
  <actively_saved>
    <value>true</value>
  </actively_saved>
  <actively_saved_on>
    <year>2017</year>
    <month>9</month>
    <day>13</day>
  </actively_saved_on>
  <plot_file>
    <value>pts_grp_4.csv</value>
  </plot_file>
  <ref_class>
    <code>Forest stable</code>
  </ref_class>
  <confidence>
    <code>hi</code>
  </confidence>
  <comments />
</plot>