<?xml version='1.0' standalone='yes' ?>
<plot step="1" created="2017-09-13T13:56:48.600+07:00" modified="2017-09-13T13:56:54.463+07:00">
  <id>
    <value>628</value>
  </id>
  <location>
    <x>106.683243120013</x>
    <y>12.3305156645942</y>
    <srs>EPSG:4326</srs>
  </location>
  <operator>
    <value>chealy</value>
  </operator>
  <elevation>
    <value>132</value>
  </elevation>
  <slope>
    <value>0.00495317803655577</value>
  </slope>
  <aspect>
    <value>2.97372817951404</value>
  </aspect>
  <region>
    <value>M&#244;nd&#243;l Kiri</value>
  </region>
  <country>
    <value>Cambodia</value>
  </country>
  <geometry>
    <value>points</value>
  </geometry>
  <area>
    <value>1.0</value>
  </area>
  <map_class>
    <code>Forest stable</code>
  </map_class>
  <actively_saved>
    <value>true</value>
  </actively_saved>
  <actively_saved_on>
    <year>2017</year>
    <month>9</month>
    <day>13</day>
  </actively_saved_on>
  <plot_file>
    <value>pts_grp_4.csv</value>
  </plot_file>
  <ref_class>
    <code>Forest stable</code>
  </ref_class>
  <confidence>
    <code>hi</code>
  </confidence>
  <comments />
</plot>