<?xml version='1.0' standalone='yes' ?>
<plot step="1" created="2017-09-13T13:59:06.384+07:00" modified="2017-09-13T13:59:11.398+07:00">
  <id>
    <value>516</value>
  </id>
  <location>
    <x>105.32853157886</x>
    <y>11.9774303720378</y>
    <srs>EPSG:4326</srs>
  </location>
  <operator>
    <value>chealy</value>
  </operator>
  <elevation>
    <value>11</value>
  </elevation>
  <slope>
    <value>1.93330354033747E-4</value>
  </slope>
  <aspect>
    <value>0.793048161438121</value>
  </aspect>
  <region>
    <value>K&#226;mp&#243;ng Cham</value>
  </region>
  <country>
    <value>Cambodia</value>
  </country>
  <geometry>
    <value>points</value>
  </geometry>
  <area>
    <value>1.0</value>
  </area>
  <map_class>
    <code>Forest stable</code>
  </map_class>
  <actively_saved>
    <value>true</value>
  </actively_saved>
  <actively_saved_on>
    <year>2017</year>
    <month>9</month>
    <day>13</day>
  </actively_saved_on>
  <plot_file>
    <value>pts_grp_4.csv</value>
  </plot_file>
  <ref_class>
    <code>Forest stable</code>
  </ref_class>
  <confidence>
    <code>hi</code>
  </confidence>
  <comments />
</plot>