<?xml version='1.0' standalone='yes' ?>
<plot step="1" created="2017-09-13T14:01:54.803+07:00" modified="2017-09-13T14:01:59.701+07:00">
  <id>
    <value>543</value>
  </id>
  <location>
    <x>105.076444204208</x>
    <y>13.2271614704363</y>
    <srs>EPSG:4326</srs>
  </location>
  <operator>
    <value>chealy</value>
  </operator>
  <elevation>
    <value>86</value>
  </elevation>
  <slope>
    <value>0.00387619848093634</value>
  </slope>
  <aspect>
    <value>0.795487005466379</value>
  </aspect>
  <region>
    <value>Preah Vih&#233;ar</value>
  </region>
  <country>
    <value>Cambodia</value>
  </country>
  <geometry>
    <value>points</value>
  </geometry>
  <area>
    <value>1.0</value>
  </area>
  <map_class>
    <code>Deforestation rubber</code>
  </map_class>
  <actively_saved>
    <value>true</value>
  </actively_saved>
  <actively_saved_on>
    <year>2017</year>
    <month>9</month>
    <day>13</day>
  </actively_saved_on>
  <plot_file>
    <value>pts_grp_4.csv</value>
  </plot_file>
  <ref_class>
    <code>Deforestation crops</code>
  </ref_class>
  <confidence>
    <code>hi</code>
  </confidence>
  <comments />
</plot>