<?xml version='1.0' standalone='yes' ?>
<plot step="1" created="2017-09-13T14:02:49.503+07:00" modified="2017-09-13T14:02:58.720+07:00">
  <id>
    <value>662</value>
  </id>
  <location>
    <x>105.863544811752</x>
    <y>12.7646972524537</y>
    <srs>EPSG:4326</srs>
  </location>
  <operator>
    <value>chealy</value>
  </operator>
  <elevation>
    <value>42</value>
  </elevation>
  <slope>
    <value>0.00214218362216057</value>
  </slope>
  <aspect>
    <value>2.25655027595134</value>
  </aspect>
  <region>
    <value>Kr&#226;ch&#233;h</value>
  </region>
  <country>
    <value>Cambodia</value>
  </country>
  <geometry>
    <value>points</value>
  </geometry>
  <area>
    <value>1.0</value>
  </area>
  <map_class>
    <code>Non Forest stable</code>
  </map_class>
  <actively_saved>
    <value>true</value>
  </actively_saved>
  <actively_saved_on>
    <year>2017</year>
    <month>9</month>
    <day>13</day>
  </actively_saved_on>
  <plot_file>
    <value>pts_grp_4.csv</value>
  </plot_file>
  <ref_class>
    <code>Non Forest stable</code>
  </ref_class>
  <confidence>
    <code>hi</code>
  </confidence>
  <comments />
</plot>