<?xml version='1.0' standalone='yes' ?>
<plot step="1" created="2017-09-13T14:05:17.894+07:00" modified="2017-09-13T14:05:34.164+07:00">
  <id>
    <value>435</value>
  </id>
  <location>
    <x>107.099007771131</x>
    <y>13.4518994140131</y>
    <srs>EPSG:4326</srs>
  </location>
  <operator>
    <value>chealy</value>
  </operator>
  <elevation>
    <value>136</value>
  </elevation>
  <slope>
    <value>0.0131750643240546</value>
  </slope>
  <aspect>
    <value>2.19797103612779</value>
  </aspect>
  <region>
    <value>R&#244;t&#226;n&#244;kiri</value>
  </region>
  <country>
    <value>Cambodia</value>
  </country>
  <geometry>
    <value>points</value>
  </geometry>
  <area>
    <value>1.0</value>
  </area>
  <map_class>
    <code>Deforestation rubber</code>
  </map_class>
  <actively_saved>
    <value>true</value>
  </actively_saved>
  <actively_saved_on>
    <year>2017</year>
    <month>9</month>
    <day>13</day>
  </actively_saved_on>
  <plot_file>
    <value>pts_grp_4.csv</value>
  </plot_file>
  <ref_class>
    <code>Deforestation other</code>
  </ref_class>
  <confidence>
    <code>hi</code>
  </confidence>
  <comments />
</plot>