<?xml version='1.0' standalone='yes' ?>
<plot step="1" created="2017-09-13T14:06:53.370+07:00" modified="2017-09-13T14:06:59.791+07:00">
  <id>
    <value>464</value>
  </id>
  <location>
    <x>106.143445286536</x>
    <y>12.2855073420729</y>
    <srs>EPSG:4326</srs>
  </location>
  <operator>
    <value>chealy</value>
  </operator>
  <elevation>
    <value>82</value>
  </elevation>
  <slope>
    <value>0.0113978992927484</value>
  </slope>
  <aspect>
    <value>3.11739276637528</value>
  </aspect>
  <region>
    <value>Kr&#226;ch&#233;h</value>
  </region>
  <country>
    <value>Cambodia</value>
  </country>
  <geometry>
    <value>points</value>
  </geometry>
  <area>
    <value>1.0</value>
  </area>
  <map_class>
    <code>Non Forest stable</code>
  </map_class>
  <actively_saved>
    <value>true</value>
  </actively_saved>
  <actively_saved_on>
    <year>2017</year>
    <month>9</month>
    <day>13</day>
  </actively_saved_on>
  <plot_file>
    <value>pts_grp_4.csv</value>
  </plot_file>
  <ref_class>
    <code>Deforestation other</code>
  </ref_class>
  <confidence>
    <code>hi</code>
  </confidence>
  <comments />
</plot>