<?xml version='1.0' standalone='yes' ?>
<plot step="1" created="2017-09-13T14:11:58.275+07:00" modified="2017-09-13T14:12:03.607+07:00">
  <id>
    <value>1</value>
  </id>
  <location>
    <x>106.02028509886</x>
    <y>13.569534477846</y>
    <srs>EPSG:4326</srs>
  </location>
  <operator>
    <value>chealy</value>
  </operator>
  <elevation>
    <value>56</value>
  </elevation>
  <slope>
    <value>0.00355164093781976</value>
  </slope>
  <aspect>
    <value>2.18086614554364</value>
  </aspect>
  <region>
    <value>St&#339;ng Tr&#234;ng</value>
  </region>
  <country>
    <value>Cambodia</value>
  </country>
  <geometry>
    <value>points</value>
  </geometry>
  <area>
    <value>1.0</value>
  </area>
  <map_class>
    <code>Non Forest stable</code>
  </map_class>
  <actively_saved>
    <value>true</value>
  </actively_saved>
  <actively_saved_on>
    <year>2017</year>
    <month>9</month>
    <day>13</day>
  </actively_saved_on>
  <plot_file>
    <value>pts_grp_4.csv</value>
  </plot_file>
  <ref_class>
    <code>Non Forest stable</code>
  </ref_class>
  <confidence>
    <code>hi</code>
  </confidence>
  <comments />
</plot>