<?xml version='1.0' standalone='yes' ?>
<plot step="1" created="2017-09-13T14:19:20.227+07:00" modified="2017-09-13T14:19:26.219+07:00">
  <id>
    <value>540</value>
  </id>
  <location>
    <x>104.87395093738</x>
    <y>10.7300857913499</y>
    <srs>EPSG:4326</srs>
  </location>
  <operator>
    <value>chealy</value>
  </operator>
  <elevation>
    <value>6</value>
  </elevation>
  <slope>
    <value>3.85803556964652E-4</value>
  </slope>
  <aspect>
    <value>2.35073481391866</value>
  </aspect>
  <region>
    <value>Tak&#234;v</value>
  </region>
  <country>
    <value>Cambodia</value>
  </country>
  <geometry>
    <value>points</value>
  </geometry>
  <area>
    <value>1.0</value>
  </area>
  <map_class>
    <code>Non Forest stable</code>
  </map_class>
  <actively_saved>
    <value>true</value>
  </actively_saved>
  <actively_saved_on>
    <year>2017</year>
    <month>9</month>
    <day>13</day>
  </actively_saved_on>
  <plot_file>
    <value>pts_grp_4.csv</value>
  </plot_file>
  <ref_class>
    <code>Non Forest stable</code>
  </ref_class>
  <confidence>
    <code>hi</code>
  </confidence>
  <comments />
</plot>