<?xml version='1.0' standalone='yes' ?>
<plot step="1" created="2017-09-13T14:20:11.678+07:00" modified="2017-09-13T14:20:16.619+07:00">
  <id>
    <value>104</value>
  </id>
  <location>
    <x>102.948545126026</x>
    <y>13.4948807980494</y>
    <srs>EPSG:4326</srs>
  </location>
  <operator>
    <value>chealy</value>
  </operator>
  <elevation>
    <value>13</value>
  </elevation>
  <slope>
    <value>3.87840545422688E-4</value>
  </slope>
  <aspect>
    <value>0.796039673212255</value>
  </aspect>
  <region>
    <value>B&#226;nt&#233;ay M&#233;anchey</value>
  </region>
  <country>
    <value>Cambodia</value>
  </country>
  <geometry>
    <value>points</value>
  </geometry>
  <area>
    <value>1.0</value>
  </area>
  <map_class>
    <code>Non Forest stable</code>
  </map_class>
  <actively_saved>
    <value>true</value>
  </actively_saved>
  <actively_saved_on>
    <year>2017</year>
    <month>9</month>
    <day>13</day>
  </actively_saved_on>
  <plot_file>
    <value>pts_grp_4.csv</value>
  </plot_file>
  <ref_class>
    <code>Non Forest stable</code>
  </ref_class>
  <confidence>
    <code>hi</code>
  </confidence>
  <comments />
</plot>