<?xml version='1.0' standalone='yes' ?>
<plot step="1" created="2017-09-13T14:20:43.488+07:00" modified="2017-09-13T14:20:48.300+07:00">
  <id>
    <value>781</value>
  </id>
  <location>
    <x>106.324948085646</x>
    <y>13.3372889185804</y>
    <srs>EPSG:4326</srs>
  </location>
  <operator>
    <value>chealy</value>
  </operator>
  <elevation>
    <value>153</value>
  </elevation>
  <slope>
    <value>0.013327324634622</value>
  </slope>
  <aspect>
    <value>5.98798971658898</value>
  </aspect>
  <region>
    <value>Kr&#226;ch&#233;h</value>
  </region>
  <country>
    <value>Cambodia</value>
  </country>
  <geometry>
    <value>points</value>
  </geometry>
  <area>
    <value>1.0</value>
  </area>
  <map_class>
    <code>Deforestation crops</code>
  </map_class>
  <actively_saved>
    <value>true</value>
  </actively_saved>
  <actively_saved_on>
    <year>2017</year>
    <month>9</month>
    <day>13</day>
  </actively_saved_on>
  <plot_file>
    <value>pts_grp_4.csv</value>
  </plot_file>
  <ref_class>
    <code>Non Forest stable</code>
  </ref_class>
  <confidence>
    <code>hi</code>
  </confidence>
  <comments />
</plot>