<?xml version='1.0' standalone='yes' ?>
<plot step="1" created="2017-09-13T14:21:23.433+07:00" modified="2017-09-13T14:21:28.059+07:00">
  <id>
    <value>470</value>
  </id>
  <location>
    <x>104.031993836745</x>
    <y>13.4453363853697</y>
    <srs>EPSG:4326</srs>
  </location>
  <operator>
    <value>chealy</value>
  </operator>
  <elevation>
    <value>33</value>
  </elevation>
  <slope>
    <value>0.00241026325760924</value>
  </slope>
  <aspect>
    <value>4.18122104778622</value>
  </aspect>
  <region>
    <value>Siemr&#233;ab</value>
  </region>
  <country>
    <value>Cambodia</value>
  </country>
  <geometry>
    <value>points</value>
  </geometry>
  <area>
    <value>1.0</value>
  </area>
  <map_class>
    <code>Non Forest stable</code>
  </map_class>
  <actively_saved>
    <value>true</value>
  </actively_saved>
  <actively_saved_on>
    <year>2017</year>
    <month>9</month>
    <day>13</day>
  </actively_saved_on>
  <plot_file>
    <value>pts_grp_4.csv</value>
  </plot_file>
  <ref_class>
    <code>Non Forest stable</code>
  </ref_class>
  <confidence>
    <code>hi</code>
  </confidence>
  <comments />
</plot>