<?xml version='1.0' standalone='yes' ?>
<plot step="1" created="2017-09-13T14:22:06.830+07:00" modified="2017-09-13T14:22:12.939+07:00">
  <id>
    <value>268</value>
  </id>
  <location>
    <x>105.359894982184</x>
    <y>11.3187441448364</y>
    <srs>EPSG:4326</srs>
  </location>
  <operator>
    <value>chealy</value>
  </operator>
  <elevation>
    <value>6</value>
  </elevation>
  <slope>
    <value>0.00108524294633431</value>
  </slope>
  <aspect>
    <value>0.0</value>
  </aspect>
  <region>
    <value>Prey V&#234;ng</value>
  </region>
  <country>
    <value>Cambodia</value>
  </country>
  <geometry>
    <value>points</value>
  </geometry>
  <area>
    <value>1.0</value>
  </area>
  <map_class>
    <code>Non Forest stable</code>
  </map_class>
  <actively_saved>
    <value>true</value>
  </actively_saved>
  <actively_saved_on>
    <year>2017</year>
    <month>9</month>
    <day>13</day>
  </actively_saved_on>
  <plot_file>
    <value>pts_grp_4.csv</value>
  </plot_file>
  <ref_class>
    <code>Non Forest stable</code>
  </ref_class>
  <confidence>
    <code>hi</code>
  </confidence>
  <comments />
</plot>