<?xml version='1.0' standalone='yes' ?>
<plot step="1" created="2017-09-13T14:22:38.957+07:00" modified="2017-09-13T14:22:44.704+07:00">
  <id>
    <value>188</value>
  </id>
  <location>
    <x>104.871243976111</x>
    <y>13.5104548190074</y>
    <srs>EPSG:4326</srs>
  </location>
  <operator>
    <value>chealy</value>
  </operator>
  <elevation>
    <value>90</value>
  </elevation>
  <slope>
    <value>0.00397775517658035</value>
  </slope>
  <aspect>
    <value>5.73329777897817</value>
  </aspect>
  <region>
    <value>Preah Vih&#233;ar</value>
  </region>
  <country>
    <value>Cambodia</value>
  </country>
  <geometry>
    <value>points</value>
  </geometry>
  <area>
    <value>1.0</value>
  </area>
  <map_class>
    <code>Forest stable</code>
  </map_class>
  <actively_saved>
    <value>true</value>
  </actively_saved>
  <actively_saved_on>
    <year>2017</year>
    <month>9</month>
    <day>13</day>
  </actively_saved_on>
  <plot_file>
    <value>pts_grp_4.csv</value>
  </plot_file>
  <ref_class>
    <code>Forest stable</code>
  </ref_class>
  <confidence>
    <code>hi</code>
  </confidence>
  <comments />
</plot>