<?xml version='1.0' standalone='yes' ?>
<plot step="1" created="2017-09-13T14:22:51.699+07:00" modified="2017-09-13T14:22:56.585+07:00">
  <id>
    <value>408</value>
  </id>
  <location>
    <x>104.864612962388</x>
    <y>11.5600992758885</y>
    <srs>EPSG:4326</srs>
  </location>
  <operator>
    <value>chealy</value>
  </operator>
  <elevation>
    <value>14</value>
  </elevation>
  <slope>
    <value>3.86363577286685E-4</value>
  </slope>
  <aspect>
    <value>0.792290548279358</value>
  </aspect>
  <region>
    <value>Phnom Penh</value>
  </region>
  <country>
    <value>Cambodia</value>
  </country>
  <geometry>
    <value>points</value>
  </geometry>
  <area>
    <value>1.0</value>
  </area>
  <map_class>
    <code>Non Forest stable</code>
  </map_class>
  <actively_saved>
    <value>true</value>
  </actively_saved>
  <actively_saved_on>
    <year>2017</year>
    <month>9</month>
    <day>13</day>
  </actively_saved_on>
  <plot_file>
    <value>pts_grp_4.csv</value>
  </plot_file>
  <ref_class>
    <code>Non Forest stable</code>
  </ref_class>
  <confidence>
    <code>hi</code>
  </confidence>
  <comments />
</plot>