<?xml version='1.0' standalone='yes' ?>
<plot step="1" created="2017-09-12T15:36:43.313+07:00" modified="2017-09-12T15:36:50.487+07:00">
  <id>
    <value>317</value>
  </id>
  <location>
    <x>105.624340638508</x>
    <y>12.5247953000348</y>
    <srs>EPSG:4326</srs>
  </location>
  <operator>
    <value>chealy</value>
  </operator>
  <elevation>
    <value>83</value>
  </elevation>
  <slope>
    <value>0.011304307051916</value>
  </slope>
  <aspect>
    <value>5.38622812650454</value>
  </aspect>
  <region>
    <value>K&#226;mp&#243;ng Thum</value>
  </region>
  <country>
    <value>Cambodia</value>
  </country>
  <geometry>
    <value>points</value>
  </geometry>
  <area>
    <value>1.0</value>
  </area>
  <map_class>
    <code>Non Forest stable</code>
  </map_class>
  <actively_saved>
    <value>true</value>
  </actively_saved>
  <actively_saved_on>
    <year>2017</year>
    <month>9</month>
    <day>12</day>
  </actively_saved_on>
  <plot_file>
    <value>pts_grp_7.csv</value>
  </plot_file>
  <ref_class>
    <code>Non Forest stable</code>
  </ref_class>
  <confidence>
    <code>hi</code>
  </confidence>
  <comments />
</plot>