<?xml version='1.0' standalone='yes' ?>
<plot step="1" created="2017-09-12T15:48:15.208+07:00" modified="2017-09-12T15:49:44.221+07:00">
  <id>
    <value>515</value>
  </id>
  <location>
    <x>105.017380119076</x>
    <y>13.1897238495168</y>
    <srs>EPSG:4326</srs>
  </location>
  <operator>
    <value>chealy</value>
  </operator>
  <elevation>
    <value>93</value>
  </elevation>
  <slope>
    <value>0.0144850210438059</value>
  </slope>
  <aspect>
    <value>4.53350979811211</value>
  </aspect>
  <region>
    <value>Preah Vih&#233;ar</value>
  </region>
  <country>
    <value>Cambodia</value>
  </country>
  <geometry>
    <value>points</value>
  </geometry>
  <area>
    <value>1.0</value>
  </area>
  <map_class>
    <code>Deforestation rubber</code>
  </map_class>
  <actively_saved>
    <value>true</value>
  </actively_saved>
  <actively_saved_on>
    <year>2017</year>
    <month>9</month>
    <day>12</day>
  </actively_saved_on>
  <plot_file>
    <value>pts_grp_7.csv</value>
  </plot_file>
  <ref_class>
    <code>Deforestation other</code>
  </ref_class>
  <confidence>
    <code>lo</code>
  </confidence>
  <comments />
</plot>