<?xml version='1.0' standalone='yes' ?>
<plot step="1" created="2017-09-12T16:00:30.231+07:00" modified="2017-09-12T16:00:35.603+07:00">
  <id>
    <value>789</value>
  </id>
  <location>
    <x>104.383032802752</x>
    <y>13.1892990155604</y>
    <srs>EPSG:4326</srs>
  </location>
  <operator>
    <value>chealy</value>
  </operator>
  <elevation>
    <value>22</value>
  </elevation>
  <slope>
    <value>9.68969813537944E-4</value>
  </slope>
  <aspect>
    <value>3.93699433646418</value>
  </aspect>
  <region>
    <value>Siemr&#233;ab</value>
  </region>
  <country>
    <value>Cambodia</value>
  </country>
  <geometry>
    <value>points</value>
  </geometry>
  <area>
    <value>1.0</value>
  </area>
  <map_class>
    <code>Non Forest stable</code>
  </map_class>
  <actively_saved>
    <value>true</value>
  </actively_saved>
  <actively_saved_on>
    <year>2017</year>
    <month>9</month>
    <day>12</day>
  </actively_saved_on>
  <plot_file>
    <value>pts_grp_7.csv</value>
  </plot_file>
  <ref_class>
    <code>Non Forest stable</code>
  </ref_class>
  <confidence>
    <code>hi</code>
  </confidence>
  <comments />
</plot>