<?xml version='1.0' standalone='yes' ?>
<plot step="1" created="2017-09-12T16:02:30.918+07:00" modified="2017-09-12T16:02:37.285+07:00">
  <id>
    <value>926</value>
  </id>
  <location>
    <x>106.769043641753</x>
    <y>12.1975179312837</y>
    <srs>EPSG:4326</srs>
  </location>
  <operator>
    <value>chealy</value>
  </operator>
  <elevation>
    <value>131</value>
  </elevation>
  <slope>
    <value>0.0027077317677965</value>
  </slope>
  <aspect>
    <value>3.93504568083461</value>
  </aspect>
  <region>
    <value>Kr&#226;ch&#233;h</value>
  </region>
  <country>
    <value>Cambodia</value>
  </country>
  <geometry>
    <value>points</value>
  </geometry>
  <area>
    <value>1.0</value>
  </area>
  <map_class>
    <code>Non Forest stable</code>
  </map_class>
  <actively_saved>
    <value>true</value>
  </actively_saved>
  <actively_saved_on>
    <year>2017</year>
    <month>9</month>
    <day>12</day>
  </actively_saved_on>
  <plot_file>
    <value>pts_grp_7.csv</value>
  </plot_file>
  <ref_class>
    <code>Non Forest stable</code>
  </ref_class>
  <confidence>
    <code>hi</code>
  </confidence>
  <comments />
</plot>