<?xml version='1.0' standalone='yes' ?>
<plot step="1" created="2017-09-12T16:07:03.431+07:00" modified="2017-09-12T16:07:11.331+07:00">
  <id>
    <value>445</value>
  </id>
  <location>
    <x>104.140655196497</x>
    <y>11.5286759470606</y>
    <srs>EPSG:4326</srs>
  </location>
  <operator>
    <value>chealy</value>
  </operator>
  <elevation>
    <value>135</value>
  </elevation>
  <slope>
    <value>0.018868406571693</value>
  </slope>
  <aspect>
    <value>1.29410885313283</value>
  </aspect>
  <region>
    <value>K&#226;mp&#243;ng Sp&#339;</value>
  </region>
  <country>
    <value>Cambodia</value>
  </country>
  <geometry>
    <value>points</value>
  </geometry>
  <area>
    <value>1.0</value>
  </area>
  <map_class>
    <code>Degradation</code>
  </map_class>
  <actively_saved>
    <value>true</value>
  </actively_saved>
  <actively_saved_on>
    <year>2017</year>
    <month>9</month>
    <day>12</day>
  </actively_saved_on>
  <plot_file>
    <value>pts_grp_7.csv</value>
  </plot_file>
  <ref_class>
    <code>Non Forest stable</code>
  </ref_class>
  <confidence>
    <code>hi</code>
  </confidence>
  <comments />
</plot>