<?xml version='1.0' standalone='yes' ?>
<plot step="1" created="2017-09-12T16:08:11.851+07:00" modified="2017-09-12T16:08:17.988+07:00">
  <id>
    <value>85</value>
  </id>
  <location>
    <x>102.837481648663</x>
    <y>12.4635793670445</y>
    <srs>EPSG:4326</srs>
  </location>
  <operator>
    <value>chealy</value>
  </operator>
  <elevation>
    <value>263</value>
  </elevation>
  <slope>
    <value>0.0930138181887066</value>
  </slope>
  <aspect>
    <value>5.23125331264819</value>
  </aspect>
  <region>
    <value>Batd&#226;mb&#226;ng</value>
  </region>
  <country>
    <value>Cambodia</value>
  </country>
  <geometry>
    <value>points</value>
  </geometry>
  <area>
    <value>1.0</value>
  </area>
  <map_class>
    <code>Forest stable</code>
  </map_class>
  <actively_saved>
    <value>true</value>
  </actively_saved>
  <actively_saved_on>
    <year>2017</year>
    <month>9</month>
    <day>12</day>
  </actively_saved_on>
  <plot_file>
    <value>pts_grp_7.csv</value>
  </plot_file>
  <ref_class>
    <code>Forest stable</code>
  </ref_class>
  <confidence>
    <code>hi</code>
  </confidence>
  <comments />
</plot>