<?xml version='1.0' standalone='yes' ?>
<plot step="1" created="2017-09-12T16:15:57.149+07:00" modified="2017-09-12T16:16:01.947+07:00">
  <id>
    <value>377</value>
  </id>
  <location>
    <x>104.702933276129</x>
    <y>12.6204817082523</y>
    <srs>EPSG:4326</srs>
  </location>
  <operator>
    <value>chealy</value>
  </operator>
  <elevation>
    <value>12</value>
  </elevation>
  <slope>
    <value>3.87140873299859E-4</value>
  </slope>
  <aspect>
    <value>3.93586157129952</value>
  </aspect>
  <region>
    <value>K&#226;mp&#243;ng Thum</value>
  </region>
  <country>
    <value>Cambodia</value>
  </country>
  <geometry>
    <value>points</value>
  </geometry>
  <area>
    <value>1.0</value>
  </area>
  <map_class>
    <code>Forest stable</code>
  </map_class>
  <actively_saved>
    <value>true</value>
  </actively_saved>
  <actively_saved_on>
    <year>2017</year>
    <month>9</month>
    <day>12</day>
  </actively_saved_on>
  <plot_file>
    <value>pts_grp_7.csv</value>
  </plot_file>
  <ref_class>
    <code>Non Forest stable</code>
  </ref_class>
  <confidence>
    <code>hi</code>
  </confidence>
  <comments />
</plot>