<?xml version='1.0' standalone='yes' ?>
<plot step="1" created="2017-09-12T16:21:21.231+07:00" modified="2017-09-12T16:21:27.453+07:00">
  <id>
    <value>924</value>
  </id>
  <location>
    <x>105.674421749655</x>
    <y>13.9834289973119</y>
    <srs>EPSG:4326</srs>
  </location>
  <operator>
    <value>chealy</value>
  </operator>
  <elevation>
    <value>114</value>
  </elevation>
  <slope>
    <value>0.00333193339732027</value>
  </slope>
  <aspect>
    <value>2.22774518276737</value>
  </aspect>
  <region>
    <value>Preah Vih&#233;ar</value>
  </region>
  <country>
    <value>Cambodia</value>
  </country>
  <geometry>
    <value>points</value>
  </geometry>
  <area>
    <value>1.0</value>
  </area>
  <map_class>
    <code>Forest stable</code>
  </map_class>
  <actively_saved>
    <value>true</value>
  </actively_saved>
  <actively_saved_on>
    <year>2017</year>
    <month>9</month>
    <day>12</day>
  </actively_saved_on>
  <plot_file>
    <value>pts_grp_7.csv</value>
  </plot_file>
  <ref_class>
    <code>Forest stable</code>
  </ref_class>
  <confidence>
    <code>hi</code>
  </confidence>
  <comments />
</plot>