<?xml version='1.0' standalone='yes' ?>
<plot step="1" created="2017-09-12T16:24:13.419+07:00" modified="2017-09-12T16:24:19.010+07:00">
  <id>
    <value>95</value>
  </id>
  <location>
    <x>104.106872850076</x>
    <y>11.4913178366403</y>
    <srs>EPSG:4326</srs>
  </location>
  <operator>
    <value>chealy</value>
  </operator>
  <elevation>
    <value>192</value>
  </elevation>
  <slope>
    <value>0.0720403399302913</value>
  </slope>
  <aspect>
    <value>0.719833135120226</value>
  </aspect>
  <region>
    <value>K&#226;mp&#243;ng Sp&#339;</value>
  </region>
  <country>
    <value>Cambodia</value>
  </country>
  <geometry>
    <value>points</value>
  </geometry>
  <area>
    <value>1.0</value>
  </area>
  <map_class>
    <code>Degradation</code>
  </map_class>
  <actively_saved>
    <value>true</value>
  </actively_saved>
  <actively_saved_on>
    <year>2017</year>
    <month>9</month>
    <day>12</day>
  </actively_saved_on>
  <plot_file>
    <value>pts_grp_7.csv</value>
  </plot_file>
  <ref_class>
    <code>Non Forest stable</code>
  </ref_class>
  <confidence>
    <code>hi</code>
  </confidence>
  <comments />
</plot>