<?xml version='1.0' standalone='yes' ?>
<plot step="1" created="2017-09-12T16:25:17.057+07:00" modified="2017-09-12T16:26:14.399+07:00">
  <id>
    <value>791</value>
  </id>
  <location>
    <x>104.451080763531</x>
    <y>13.3156362033713</y>
    <srs>EPSG:4326</srs>
  </location>
  <operator>
    <value>chealy</value>
  </operator>
  <elevation>
    <value>49</value>
  </elevation>
  <slope>
    <value>0.00516229370307696</value>
  </slope>
  <aspect>
    <value>3.19526390699863</value>
  </aspect>
  <region>
    <value>Siemr&#233;ab</value>
  </region>
  <country>
    <value>Cambodia</value>
  </country>
  <geometry>
    <value>points</value>
  </geometry>
  <area>
    <value>1.0</value>
  </area>
  <map_class>
    <code>Management</code>
  </map_class>
  <actively_saved>
    <value>true</value>
  </actively_saved>
  <actively_saved_on>
    <year>2017</year>
    <month>9</month>
    <day>12</day>
  </actively_saved_on>
  <plot_file>
    <value>pts_grp_7.csv</value>
  </plot_file>
  <ref_class>
    <code>Forest stable</code>
  </ref_class>
  <confidence>
    <code>hi</code>
  </confidence>
  <comments />
</plot>