<?xml version='1.0' standalone='yes' ?>
<plot step="1" created="2017-09-12T16:28:04.627+07:00" modified="2017-09-12T16:28:23.294+07:00">
  <id>
    <value>609</value>
  </id>
  <location>
    <x>105.893656772313</x>
    <y>13.5823603095506</y>
    <srs>EPSG:4326</srs>
  </location>
  <operator>
    <value>chealy</value>
  </operator>
  <elevation>
    <value>74</value>
  </elevation>
  <slope>
    <value>0.0108640494630791</value>
  </slope>
  <aspect>
    <value>0.742644997743963</value>
  </aspect>
  <region>
    <value>St&#339;ng Tr&#234;ng</value>
  </region>
  <country>
    <value>Cambodia</value>
  </country>
  <geometry>
    <value>points</value>
  </geometry>
  <area>
    <value>1.0</value>
  </area>
  <map_class>
    <code>Forest stable</code>
  </map_class>
  <actively_saved>
    <value>true</value>
  </actively_saved>
  <actively_saved_on>
    <year>2017</year>
    <month>9</month>
    <day>12</day>
  </actively_saved_on>
  <plot_file>
    <value>pts_grp_7.csv</value>
  </plot_file>
  <ref_class>
    <code>Non Forest stable</code>
  </ref_class>
  <confidence>
    <code>hi</code>
  </confidence>
  <comments />
</plot>