<?xml version='1.0' standalone='yes' ?>
<plot step="1" created="2017-09-12T15:08:22.076+07:00" modified="2017-09-12T15:08:48.570+07:00">
  <id>
    <value>400</value>
  </id>
  <location>
    <x>103.684675460947</x>
    <y>11.0069662620448</y>
    <srs>EPSG:4326</srs>
  </location>
  <operator>
    <value>interemi</value>
  </operator>
  <elevation>
    <value>13</value>
  </elevation>
  <slope>
    <value>0.00608828520178149</value>
  </slope>
  <aspect>
    <value>4.96000376987396</value>
  </aspect>
  <region>
    <value>Ka&#244;h Kong</value>
  </region>
  <country>
    <value>Cambodia</value>
  </country>
  <geometry>
    <value>points</value>
  </geometry>
  <area>
    <value>1.0</value>
  </area>
  <map_class>
    <code>Enhancement</code>
  </map_class>
  <actively_saved>
    <value>true</value>
  </actively_saved>
  <actively_saved_on>
    <year>2017</year>
    <month>9</month>
    <day>12</day>
  </actively_saved_on>
  <plot_file>
    <value>pts_grp_7.csv</value>
  </plot_file>
  <ref_class>
    <code>Forest stable</code>
  </ref_class>
  <confidence>
    <code>hi</code>
  </confidence>
  <comments />
</plot>