<?xml version='1.0' standalone='yes' ?>
<plot step="1" created="2017-09-12T16:33:42.208+07:00" modified="2017-09-12T16:33:48.265+07:00">
  <id>
    <value>522</value>
  </id>
  <location>
    <x>103.251507851108</x>
    <y>12.1688677749532</y>
    <srs>EPSG:4326</srs>
  </location>
  <operator>
    <value>chealy</value>
  </operator>
  <elevation>
    <value>620</value>
  </elevation>
  <slope>
    <value>0.0197062260116523</value>
  </slope>
  <aspect>
    <value>4.97702069576947</value>
  </aspect>
  <region>
    <value>Pouthisat</value>
  </region>
  <country>
    <value>Cambodia</value>
  </country>
  <geometry>
    <value>points</value>
  </geometry>
  <area>
    <value>1.0</value>
  </area>
  <map_class>
    <code>Forest stable</code>
  </map_class>
  <actively_saved>
    <value>true</value>
  </actively_saved>
  <actively_saved_on>
    <year>2017</year>
    <month>9</month>
    <day>12</day>
  </actively_saved_on>
  <plot_file>
    <value>pts_grp_7.csv</value>
  </plot_file>
  <ref_class>
    <code>Forest stable</code>
  </ref_class>
  <confidence>
    <code>hi</code>
  </confidence>
  <comments />
</plot>