<?xml version='1.0' standalone='yes' ?>
<plot step="1" created="2017-09-12T16:37:14.046+07:00" modified="2017-09-12T16:37:34.963+07:00">
  <id>
    <value>448</value>
  </id>
  <location>
    <x>104.179935254388</x>
    <y>12.5022018471903</y>
    <srs>EPSG:4326</srs>
  </location>
  <operator>
    <value>chealy</value>
  </operator>
  <elevation>
    <value>24</value>
  </elevation>
  <slope>
    <value>0.00369062763089503</value>
  </slope>
  <aspect>
    <value>5.59419437105052</value>
  </aspect>
  <region>
    <value>Pouthisat</value>
  </region>
  <country>
    <value>Cambodia</value>
  </country>
  <geometry>
    <value>points</value>
  </geometry>
  <area>
    <value>1.0</value>
  </area>
  <map_class>
    <code>Non Forest stable</code>
  </map_class>
  <actively_saved>
    <value>true</value>
  </actively_saved>
  <actively_saved_on>
    <year>2017</year>
    <month>9</month>
    <day>12</day>
  </actively_saved_on>
  <plot_file>
    <value>pts_grp_7.csv</value>
  </plot_file>
  <ref_class>
    <code>Non Forest stable</code>
  </ref_class>
  <confidence>
    <code>hi</code>
  </confidence>
  <comments />
</plot>