<?xml version='1.0' standalone='yes' ?>
<plot step="1" created="2017-09-12T16:37:39.730+07:00" modified="2017-09-12T16:37:44.248+07:00">
  <id>
    <value>13</value>
  </id>
  <location>
    <x>105.588797141336</x>
    <y>11.5841324107199</y>
    <srs>EPSG:4326</srs>
  </location>
  <operator>
    <value>chealy</value>
  </operator>
  <elevation>
    <value>10</value>
  </elevation>
  <slope>
    <value>4.34377861293518E-4</value>
  </slope>
  <aspect>
    <value>1.88840757159355</value>
  </aspect>
  <region>
    <value>Prey V&#234;ng</value>
  </region>
  <country>
    <value>Cambodia</value>
  </country>
  <geometry>
    <value>points</value>
  </geometry>
  <area>
    <value>1.0</value>
  </area>
  <map_class>
    <code>Non Forest stable</code>
  </map_class>
  <actively_saved>
    <value>true</value>
  </actively_saved>
  <actively_saved_on>
    <year>2017</year>
    <month>9</month>
    <day>12</day>
  </actively_saved_on>
  <plot_file>
    <value>pts_grp_7.csv</value>
  </plot_file>
  <ref_class>
    <code>Non Forest stable</code>
  </ref_class>
  <confidence>
    <code>hi</code>
  </confidence>
  <comments />
</plot>