<?xml version='1.0' standalone='yes' ?>
<plot step="1" created="2017-09-12T15:09:34.897+07:00" modified="2017-09-12T15:09:42.005+07:00">
  <id>
    <value>779</value>
  </id>
  <location>
    <x>103.922682706705</x>
    <y>11.3801675449051</y>
    <srs>EPSG:4326</srs>
  </location>
  <operator>
    <value>interemi</value>
  </operator>
  <elevation>
    <value>368</value>
  </elevation>
  <slope>
    <value>0.0666720077062812</value>
  </slope>
  <aspect>
    <value>5.27850290323752</value>
  </aspect>
  <region>
    <value>Ka&#244;h Kong</value>
  </region>
  <country>
    <value>Cambodia</value>
  </country>
  <geometry>
    <value>points</value>
  </geometry>
  <area>
    <value>1.0</value>
  </area>
  <map_class>
    <code>Forest stable</code>
  </map_class>
  <actively_saved>
    <value>true</value>
  </actively_saved>
  <actively_saved_on>
    <year>2017</year>
    <month>9</month>
    <day>12</day>
  </actively_saved_on>
  <plot_file>
    <value>pts_grp_7.csv</value>
  </plot_file>
  <ref_class>
    <code>Forest stable</code>
  </ref_class>
  <confidence>
    <code>hi</code>
  </confidence>
  <comments />
</plot>