<?xml version='1.0' standalone='yes' ?>
<plot step="1" created="2017-09-12T16:45:14.344+07:00" modified="2017-09-12T16:45:19.516+07:00">
  <id>
    <value>813</value>
  </id>
  <location>
    <x>103.24638551383</x>
    <y>13.9352451087368</y>
    <srs>EPSG:4326</srs>
  </location>
  <operator>
    <value>chealy</value>
  </operator>
  <elevation>
    <value>45</value>
  </elevation>
  <slope>
    <value>0.004846343263726</value>
  </slope>
  <aspect>
    <value>2.93969415039357</value>
  </aspect>
  <region>
    <value>B&#226;nt&#233;ay M&#233;anchey</value>
  </region>
  <country>
    <value>Cambodia</value>
  </country>
  <geometry>
    <value>points</value>
  </geometry>
  <area>
    <value>1.0</value>
  </area>
  <map_class>
    <code>Deforestation other</code>
  </map_class>
  <actively_saved>
    <value>true</value>
  </actively_saved>
  <actively_saved_on>
    <year>2017</year>
    <month>9</month>
    <day>12</day>
  </actively_saved_on>
  <plot_file>
    <value>pts_grp_7.csv</value>
  </plot_file>
  <ref_class>
    <code>Non Forest stable</code>
  </ref_class>
  <confidence>
    <code>hi</code>
  </confidence>
  <comments />
</plot>