<?xml version='1.0' standalone='yes' ?>
<plot step="1" created="2017-09-13T08:26:14.113+07:00" modified="2017-09-13T08:26:19.626+07:00">
  <id>
    <value>158</value>
  </id>
  <location>
    <x>102.599734942421</x>
    <y>12.914052903531</y>
    <srs>EPSG:4326</srs>
  </location>
  <operator>
    <value>chealy</value>
  </operator>
  <elevation>
    <value>137</value>
  </elevation>
  <slope>
    <value>0.00649597597519909</value>
  </slope>
  <aspect>
    <value>6.0904651172378</value>
  </aspect>
  <region>
    <value>Krong Pailin</value>
  </region>
  <country>
    <value>Cambodia</value>
  </country>
  <geometry>
    <value>points</value>
  </geometry>
  <area>
    <value>1.0</value>
  </area>
  <map_class>
    <code>Non Forest stable</code>
  </map_class>
  <actively_saved>
    <value>true</value>
  </actively_saved>
  <actively_saved_on>
    <year>2017</year>
    <month>9</month>
    <day>13</day>
  </actively_saved_on>
  <plot_file>
    <value>pts_grp_7.csv</value>
  </plot_file>
  <ref_class>
    <code>Non Forest stable</code>
  </ref_class>
  <confidence>
    <code>hi</code>
  </confidence>
  <comments />
</plot>