<?xml version='1.0' standalone='yes' ?>
<plot step="1" created="2017-09-13T08:27:57.663+07:00" modified="2017-09-13T08:28:05.776+07:00">
  <id>
    <value>776</value>
  </id>
  <location>
    <x>106.205561353288</x>
    <y>13.3128286632535</y>
    <srs>EPSG:4326</srs>
  </location>
  <operator>
    <value>chealy</value>
  </operator>
  <elevation>
    <value>173</value>
  </elevation>
  <slope>
    <value>0.0139401535791149</value>
  </slope>
  <aspect>
    <value>2.59885208058424</value>
  </aspect>
  <region>
    <value>Kr&#226;ch&#233;h</value>
  </region>
  <country>
    <value>Cambodia</value>
  </country>
  <geometry>
    <value>points</value>
  </geometry>
  <area>
    <value>1.0</value>
  </area>
  <map_class>
    <code>Forest stable</code>
  </map_class>
  <actively_saved>
    <value>true</value>
  </actively_saved>
  <actively_saved_on>
    <year>2017</year>
    <month>9</month>
    <day>13</day>
  </actively_saved_on>
  <plot_file>
    <value>pts_grp_7.csv</value>
  </plot_file>
  <ref_class>
    <code>Deforestation other</code>
  </ref_class>
  <confidence>
    <code>hi</code>
  </confidence>
  <comments />
</plot>