<?xml version='1.0' standalone='yes' ?>
<plot step="1" created="2017-09-13T08:31:04.852+07:00" modified="2017-09-13T08:31:10.652+07:00">
  <id>
    <value>215</value>
  </id>
  <location>
    <x>103.28147611018</x>
    <y>11.2572545241287</y>
    <srs>EPSG:4326</srs>
  </location>
  <operator>
    <value>chealy</value>
  </operator>
  <elevation>
    <value>28</value>
  </elevation>
  <slope>
    <value>0.010458082574546</value>
  </slope>
  <aspect>
    <value>0.699317649220793</value>
  </aspect>
  <region>
    <value>Ka&#244;h Kong</value>
  </region>
  <country>
    <value>Cambodia</value>
  </country>
  <geometry>
    <value>points</value>
  </geometry>
  <area>
    <value>1.0</value>
  </area>
  <map_class>
    <code>Forest stable</code>
  </map_class>
  <actively_saved>
    <value>true</value>
  </actively_saved>
  <actively_saved_on>
    <year>2017</year>
    <month>9</month>
    <day>13</day>
  </actively_saved_on>
  <plot_file>
    <value>pts_grp_7.csv</value>
  </plot_file>
  <ref_class>
    <code>Forest stable</code>
  </ref_class>
  <confidence>
    <code>hi</code>
  </confidence>
  <comments />
</plot>