<?xml version='1.0' standalone='yes' ?>
<plot step="1" created="2017-09-13T08:31:17.632+07:00" modified="2017-09-13T08:31:24.386+07:00">
  <id>
    <value>751</value>
  </id>
  <location>
    <x>104.63511959572</x>
    <y>11.5864887264319</y>
    <srs>EPSG:4326</srs>
  </location>
  <operator>
    <value>chealy</value>
  </operator>
  <elevation>
    <value>33</value>
  </elevation>
  <slope>
    <value>0.0017183311554642</value>
  </slope>
  <aspect>
    <value>2.81565658954123</value>
  </aspect>
  <region>
    <value>K&#226;mp&#243;ng Sp&#339;</value>
  </region>
  <country>
    <value>Cambodia</value>
  </country>
  <geometry>
    <value>points</value>
  </geometry>
  <area>
    <value>1.0</value>
  </area>
  <map_class>
    <code>Non Forest stable</code>
  </map_class>
  <actively_saved>
    <value>true</value>
  </actively_saved>
  <actively_saved_on>
    <year>2017</year>
    <month>9</month>
    <day>13</day>
  </actively_saved_on>
  <plot_file>
    <value>pts_grp_7.csv</value>
  </plot_file>
  <ref_class>
    <code>Non Forest stable</code>
  </ref_class>
  <confidence>
    <code>hi</code>
  </confidence>
  <comments />
</plot>