<?xml version='1.0' standalone='yes' ?>
<plot step="1" created="2017-09-13T08:33:42.790+07:00" modified="2017-09-13T08:33:48.329+07:00">
  <id>
    <value>542</value>
  </id>
  <location>
    <x>106.460454829513</x>
    <y>12.6917401980266</y>
    <srs>EPSG:4326</srs>
  </location>
  <operator>
    <value>chealy</value>
  </operator>
  <elevation>
    <value>92</value>
  </elevation>
  <slope>
    <value>0.00475216427064282</value>
  </slope>
  <aspect>
    <value>3.56066681753189</value>
  </aspect>
  <region>
    <value>M&#244;nd&#243;l Kiri</value>
  </region>
  <country>
    <value>Cambodia</value>
  </country>
  <geometry>
    <value>points</value>
  </geometry>
  <area>
    <value>1.0</value>
  </area>
  <map_class>
    <code>Forest stable</code>
  </map_class>
  <actively_saved>
    <value>true</value>
  </actively_saved>
  <actively_saved_on>
    <year>2017</year>
    <month>9</month>
    <day>13</day>
  </actively_saved_on>
  <plot_file>
    <value>pts_grp_7.csv</value>
  </plot_file>
  <ref_class>
    <code>Forest stable</code>
  </ref_class>
  <confidence>
    <code>hi</code>
  </confidence>
  <comments />
</plot>