<?xml version='1.0' standalone='yes' ?>
<plot step="1" created="2017-09-13T08:34:51.415+07:00" modified="2017-09-13T08:34:57.133+07:00">
  <id>
    <value>660</value>
  </id>
  <location>
    <x>102.980725581974</x>
    <y>11.8299339704205</y>
    <srs>EPSG:4326</srs>
  </location>
  <operator>
    <value>chealy</value>
  </operator>
  <elevation>
    <value>497</value>
  </elevation>
  <slope>
    <value>0.0331744717155528</value>
  </slope>
  <aspect>
    <value>2.8599418393693</value>
  </aspect>
  <region>
    <value>Ka&#244;h Kong</value>
  </region>
  <country>
    <value>Cambodia</value>
  </country>
  <geometry>
    <value>points</value>
  </geometry>
  <area>
    <value>1.0</value>
  </area>
  <map_class>
    <code>Forest stable</code>
  </map_class>
  <actively_saved>
    <value>true</value>
  </actively_saved>
  <actively_saved_on>
    <year>2017</year>
    <month>9</month>
    <day>13</day>
  </actively_saved_on>
  <plot_file>
    <value>pts_grp_7.csv</value>
  </plot_file>
  <ref_class>
    <code>Forest stable</code>
  </ref_class>
  <confidence>
    <code>hi</code>
  </confidence>
  <comments />
</plot>