<?xml version='1.0' standalone='yes' ?>
<plot step="1" created="2017-09-13T08:35:05.661+07:00" modified="2017-09-13T08:35:11.452+07:00">
  <id>
    <value>258</value>
  </id>
  <location>
    <x>104.490598486668</x>
    <y>10.5256432601716</y>
    <srs>EPSG:4326</srs>
  </location>
  <operator>
    <value>chealy</value>
  </operator>
  <elevation>
    <value>6</value>
  </elevation>
  <slope>
    <value>1.92837942113376E-4</value>
  </slope>
  <aspect>
    <value>0.790530308540077</value>
  </aspect>
  <region>
    <value>K&#226;mp&#244;t</value>
  </region>
  <country>
    <value>Cambodia</value>
  </country>
  <geometry>
    <value>points</value>
  </geometry>
  <area>
    <value>1.0</value>
  </area>
  <map_class>
    <code>Non Forest stable</code>
  </map_class>
  <actively_saved>
    <value>true</value>
  </actively_saved>
  <actively_saved_on>
    <year>2017</year>
    <month>9</month>
    <day>13</day>
  </actively_saved_on>
  <plot_file>
    <value>pts_grp_7.csv</value>
  </plot_file>
  <ref_class>
    <code>Non Forest stable</code>
  </ref_class>
  <confidence>
    <code>hi</code>
  </confidence>
  <comments />
</plot>