<?xml version='1.0' standalone='yes' ?>
<plot step="1" created="2017-09-13T08:35:48.516+07:00" modified="2017-09-13T08:35:55.182+07:00">
  <id>
    <value>546</value>
  </id>
  <location>
    <x>105.448281919509</x>
    <y>13.8572287002887</y>
    <srs>EPSG:4326</srs>
  </location>
  <operator>
    <value>chealy</value>
  </operator>
  <elevation>
    <value>138</value>
  </elevation>
  <slope>
    <value>0.00131368862573368</value>
  </slope>
  <aspect>
    <value>1.25582542378889</value>
  </aspect>
  <region>
    <value>Preah Vih&#233;ar</value>
  </region>
  <country>
    <value>Cambodia</value>
  </country>
  <geometry>
    <value>points</value>
  </geometry>
  <area>
    <value>1.0</value>
  </area>
  <map_class>
    <code>Forest stable</code>
  </map_class>
  <actively_saved>
    <value>true</value>
  </actively_saved>
  <actively_saved_on>
    <year>2017</year>
    <month>9</month>
    <day>13</day>
  </actively_saved_on>
  <plot_file>
    <value>pts_grp_7.csv</value>
  </plot_file>
  <ref_class>
    <code>Forest stable</code>
  </ref_class>
  <confidence>
    <code>hi</code>
  </confidence>
  <comments />
</plot>