<?xml version='1.0' standalone='yes' ?>
<plot step="1" created="2017-09-13T08:36:29.183+07:00" modified="2017-09-13T08:36:34.140+07:00">
  <id>
    <value>122</value>
  </id>
  <location>
    <x>106.557220971204</x>
    <y>12.3679180913838</y>
    <srs>EPSG:4326</srs>
  </location>
  <operator>
    <value>chealy</value>
  </operator>
  <elevation>
    <value>92</value>
  </elevation>
  <slope>
    <value>0.00428616419578457</value>
  </slope>
  <aspect>
    <value>2.48362290424395</value>
  </aspect>
  <region>
    <value>Kr&#226;ch&#233;h</value>
  </region>
  <country>
    <value>Cambodia</value>
  </country>
  <geometry>
    <value>points</value>
  </geometry>
  <area>
    <value>1.0</value>
  </area>
  <map_class>
    <code>Forest stable</code>
  </map_class>
  <actively_saved>
    <value>true</value>
  </actively_saved>
  <actively_saved_on>
    <year>2017</year>
    <month>9</month>
    <day>13</day>
  </actively_saved_on>
  <plot_file>
    <value>pts_grp_7.csv</value>
  </plot_file>
  <ref_class>
    <code>Forest stable</code>
  </ref_class>
  <confidence>
    <code>hi</code>
  </confidence>
  <comments />
</plot>