<?xml version='1.0' standalone='yes' ?>
<plot step="1" created="2017-09-13T08:37:55.403+07:00" modified="2017-09-13T08:38:00.694+07:00">
  <id>
    <value>101</value>
  </id>
  <location>
    <x>105.710461740218</x>
    <y>12.499999779</y>
    <srs>EPSG:4326</srs>
  </location>
  <operator>
    <value>chealy</value>
  </operator>
  <elevation>
    <value>95</value>
  </elevation>
  <slope>
    <value>0.02088095114156</value>
  </slope>
  <aspect>
    <value>2.98231042246996</value>
  </aspect>
  <region>
    <value>K&#226;mp&#243;ng Thum</value>
  </region>
  <country>
    <value>Cambodia</value>
  </country>
  <geometry>
    <value>points</value>
  </geometry>
  <area>
    <value>1.0</value>
  </area>
  <map_class>
    <code>Deforestation crops</code>
  </map_class>
  <actively_saved>
    <value>true</value>
  </actively_saved>
  <actively_saved_on>
    <year>2017</year>
    <month>9</month>
    <day>13</day>
  </actively_saved_on>
  <plot_file>
    <value>pts_grp_7.csv</value>
  </plot_file>
  <ref_class>
    <code>Deforestation other</code>
  </ref_class>
  <confidence>
    <code>hi</code>
  </confidence>
  <comments />
</plot>