<?xml version='1.0' standalone='yes' ?>
<plot step="1" created="2017-09-13T08:38:29.355+07:00" modified="2017-09-13T08:38:35.106+07:00">
  <id>
    <value>348</value>
  </id>
  <location>
    <x>106.994045542608</x>
    <y>13.5853824599409</y>
    <srs>EPSG:4326</srs>
  </location>
  <operator>
    <value>chealy</value>
  </operator>
  <elevation>
    <value>176</value>
  </elevation>
  <slope>
    <value>0.0237696132735371</value>
  </slope>
  <aspect>
    <value>2.76543000804968</value>
  </aspect>
  <region>
    <value>R&#244;t&#226;n&#244;kiri</value>
  </region>
  <country>
    <value>Cambodia</value>
  </country>
  <geometry>
    <value>points</value>
  </geometry>
  <area>
    <value>1.0</value>
  </area>
  <map_class>
    <code>Non Forest stable</code>
  </map_class>
  <actively_saved>
    <value>true</value>
  </actively_saved>
  <actively_saved_on>
    <year>2017</year>
    <month>9</month>
    <day>13</day>
  </actively_saved_on>
  <plot_file>
    <value>pts_grp_7.csv</value>
  </plot_file>
  <ref_class>
    <code>Non Forest stable</code>
  </ref_class>
  <confidence>
    <code>hi</code>
  </confidence>
  <comments />
</plot>