<?xml version='1.0' standalone='yes' ?>
<plot step="1" modified_by="admin" created="2017-09-12T15:04:23.099+07:00" modified="2017-09-14T10:38:10.173+07:00">
  <id>
    <value>748</value>
  </id>
  <location>
    <x>103.73980885972</x>
    <y>10.7844436528148</y>
    <srs>EPSG:4326</srs>
  </location>
  <operator>
    <value>chealy</value>
  </operator>
  <elevation>
    <value>32</value>
  </elevation>
  <slope>
    <value>0.0059732021596317</value>
  </slope>
  <aspect>
    <value>3.67122042164398</value>
  </aspect>
  <region>
    <value>Krong Preah Sihanouk</value>
  </region>
  <country>
    <value>Cambodia</value>
  </country>
  <geometry>
    <value>points</value>
  </geometry>
  <area>
    <value>1.0</value>
  </area>
  <map_class>
    <code>Deforestation rubber</code>
  </map_class>
  <actively_saved>
    <value>true</value>
  </actively_saved>
  <actively_saved_on>
    <year>2017</year>
    <month>9</month>
    <day>14</day>
  </actively_saved_on>
  <plot_file>
    <value>check_gp3_Dfo_20170913.csv</value>
  </plot_file>
  <ref_class>
    <code>Management</code>
  </ref_class>
  <confidence>
    <code>hi</code>
  </confidence>
  <comments />
</plot>