<?xml version='1.0' standalone='yes' ?>
<plot step="1" modified_by="admin" created="2017-09-13T03:25:59.736+07:00" modified="2017-09-14T10:38:07.644+07:00">
  <id>
    <value>534</value>
  </id>
  <location>
    <x>105.054914675306</x>
    <y>11.1248876500775</y>
    <srs>EPSG:4326</srs>
  </location>
  <operator>
    <value>gr2borey</value>
  </operator>
  <elevation>
    <value>8</value>
  </elevation>
  <slope>
    <value>0.0013998027565944</value>
  </slope>
  <aspect>
    <value>4.90744413075391</value>
  </aspect>
  <region>
    <value>K&#226;ndal</value>
  </region>
  <country>
    <value>Cambodia</value>
  </country>
  <geometry>
    <value>points</value>
  </geometry>
  <area>
    <value>1.0</value>
  </area>
  <map_class>
    <code>Non Forest stable</code>
  </map_class>
  <actively_saved>
    <value>true</value>
  </actively_saved>
  <actively_saved_on>
    <year>2017</year>
    <month>9</month>
    <day>13</day>
  </actively_saved_on>
  <plot_file>
    <value>pts_grp_2.csv</value>
  </plot_file>
  <ref_class>
    <code>Non Forest stable</code>
  </ref_class>
  <confidence>
    <code>hi</code>
  </confidence>
  <comments />
</plot>