<?xml version='1.0' standalone='yes' ?>
<plot step="1" modified_by="admin" created="2017-09-13T04:40:07.897+07:00" modified="2017-09-14T10:38:07.768+07:00">
  <id>
    <value>782</value>
  </id>
  <location>
    <x>104.924227227052</x>
    <y>11.6102825933239</y>
    <srs>EPSG:4326</srs>
  </location>
  <operator>
    <value>gr2borey</value>
  </operator>
  <elevation>
    <value>9</value>
  </elevation>
  <slope>
    <value>4.29587130355359E-4</value>
  </slope>
  <aspect>
    <value>5.9572220733558</value>
  </aspect>
  <region>
    <value>Phnom Penh</value>
  </region>
  <country>
    <value>Cambodia</value>
  </country>
  <geometry>
    <value>points</value>
  </geometry>
  <area>
    <value>1.0</value>
  </area>
  <map_class>
    <code>Non Forest stable</code>
  </map_class>
  <actively_saved>
    <value>true</value>
  </actively_saved>
  <actively_saved_on>
    <year>2017</year>
    <month>9</month>
    <day>13</day>
  </actively_saved_on>
  <plot_file>
    <value>pts_grp_2.csv</value>
  </plot_file>
  <ref_class>
    <code>Non Forest stable</code>
  </ref_class>
  <confidence>
    <code>hi</code>
  </confidence>
  <comments />
</plot>