<?xml version='1.0' standalone='yes' ?>
<plot step="1" modified_by="admin" created="2017-09-13T14:33:47.193+07:00" modified="2017-09-14T13:43:27.378+07:00">
  <id>
    <value>774</value>
  </id>
  <location>
    <x>106.215197684237</x>
    <y>13.1130983567002</y>
    <srs>EPSG:4326</srs>
  </location>
  <operator>
    <value>remi_linux</value>
  </operator>
  <elevation>
    <value>79</value>
  </elevation>
  <slope>
    <value>0.00825589006689712</value>
  </slope>
  <aspect>
    <value>3.30996627727673</value>
  </aspect>
  <region>
    <value>Kr&#226;ch&#233;h</value>
  </region>
  <country>
    <value>Cambodia</value>
  </country>
  <geometry>
    <value>points</value>
  </geometry>
  <area>
    <value>1.0</value>
  </area>
  <map_class>
    <code>Management</code>
  </map_class>
  <actively_saved>
    <value>true</value>
  </actively_saved>
  <actively_saved_on>
    <year>2017</year>
    <month>9</month>
    <day>14</day>
  </actively_saved_on>
  <plot_file>
    <value>pts_grp_2.csv</value>
  </plot_file>
  <ref_class>
    <code>Deforestation rubber</code>
  </ref_class>
  <confidence>
    <code>hi</code>
  </confidence>
  <comments />
</plot>