<?xml version='1.0' standalone='yes' ?>
<plot step="1" modified_by="admin" created="2017-09-13T14:56:48.221+07:00" modified="2017-09-14T10:38:08.103+07:00">
  <id>
    <value>560</value>
  </id>
  <location>
    <x>106.254848307662</x>
    <y>13.1187590320906</y>
    <srs>EPSG:4326</srs>
  </location>
  <operator>
    <value>norin123</value>
  </operator>
  <elevation>
    <value>81</value>
  </elevation>
  <slope>
    <value>0.00325571861388453</value>
  </slope>
  <aspect>
    <value>3.14159265358979</value>
  </aspect>
  <region>
    <value>Kr&#226;ch&#233;h</value>
  </region>
  <country>
    <value>Cambodia</value>
  </country>
  <geometry>
    <value>points</value>
  </geometry>
  <area>
    <value>1.0</value>
  </area>
  <map_class>
    <code>Degradation</code>
  </map_class>
  <actively_saved>
    <value>true</value>
  </actively_saved>
  <actively_saved_on>
    <year>2017</year>
    <month>9</month>
    <day>14</day>
  </actively_saved_on>
  <plot_file>
    <value>pts_grp_2.csv</value>
  </plot_file>
  <ref_class>
    <code>Non Forest stable</code>
  </ref_class>
  <confidence>
    <code>hi</code>
  </confidence>
  <comments />
</plot>