<?xml version='1.0' standalone='yes' ?>
<plot step="1" modified_by="admin" created="2017-09-12T14:54:46.163+07:00" modified="2017-09-14T10:38:08.132+07:00">
  <id>
    <value>129</value>
  </id>
  <location>
    <x>105.720962063078</x>
    <y>12.6827501488969</y>
    <srs>EPSG:4326</srs>
  </location>
  <operator>
    <value>khidorang</value>
  </operator>
  <elevation>
    <value>107</value>
  </elevation>
  <slope>
    <value>0.00167944195034397</value>
  </slope>
  <aspect>
    <value>4.87464809670625</value>
  </aspect>
  <region>
    <value>Kr&#226;ch&#233;h</value>
  </region>
  <country>
    <value>Cambodia</value>
  </country>
  <geometry>
    <value>points</value>
  </geometry>
  <area>
    <value>1.0</value>
  </area>
  <map_class>
    <code>Non Forest stable</code>
  </map_class>
  <actively_saved>
    <value>true</value>
  </actively_saved>
  <actively_saved_on>
    <year>2017</year>
    <month>9</month>
    <day>12</day>
  </actively_saved_on>
  <plot_file>
    <value>pts_grp_3.csv</value>
  </plot_file>
  <ref_class>
    <code>Non Forest stable</code>
  </ref_class>
  <confidence>
    <code>hi</code>
  </confidence>
  <comments />
</plot>