<?xml version='1.0' standalone='yes' ?>
<plot step="1" modified_by="admin" created="2017-09-13T11:35:22.028+07:00" modified="2017-09-14T10:38:08.659+07:00">
  <id>
    <value>99</value>
  </id>
  <location>
    <x>104.262957092587</x>
    <y>11.9813572118948</y>
    <srs>EPSG:4326</srs>
  </location>
  <operator>
    <value>khidorang</value>
  </operator>
  <elevation>
    <value>983</value>
  </elevation>
  <slope>
    <value>0.180896235014971</value>
  </slope>
  <aspect>
    <value>2.91908963308137</value>
  </aspect>
  <region>
    <value>K&#226;mp&#243;ng Sp&#339;</value>
  </region>
  <country>
    <value>Cambodia</value>
  </country>
  <geometry>
    <value>points</value>
  </geometry>
  <area>
    <value>1.0</value>
  </area>
  <map_class>
    <code>Forest stable</code>
  </map_class>
  <actively_saved>
    <value>true</value>
  </actively_saved>
  <actively_saved_on>
    <year>2017</year>
    <month>9</month>
    <day>13</day>
  </actively_saved_on>
  <plot_file>
    <value>pts_grp_3.csv</value>
  </plot_file>
  <ref_class>
    <code>Forest stable</code>
  </ref_class>
  <confidence>
    <code>hi</code>
  </confidence>
  <comments />
</plot>