<?xml version='1.0' standalone='yes' ?>
<plot step="1" modified_by="admin" created="2017-09-13T14:09:02.995+07:00" modified="2017-09-14T10:38:08.811+07:00">
  <id>
    <value>372</value>
  </id>
  <location>
    <x>103.223216305392</x>
    <y>12.2077420374477</y>
    <srs>EPSG:4326</srs>
  </location>
  <operator>
    <value>khidorang</value>
  </operator>
  <elevation>
    <value>565</value>
  </elevation>
  <slope>
    <value>0.0368173124415512</value>
  </slope>
  <aspect>
    <value>2.14726626051683</value>
  </aspect>
  <region>
    <value>Pouthisat</value>
  </region>
  <country>
    <value>Cambodia</value>
  </country>
  <geometry>
    <value>points</value>
  </geometry>
  <area>
    <value>1.0</value>
  </area>
  <map_class>
    <code>Forest stable</code>
  </map_class>
  <actively_saved>
    <value>true</value>
  </actively_saved>
  <actively_saved_on>
    <year>2017</year>
    <month>9</month>
    <day>13</day>
  </actively_saved_on>
  <plot_file>
    <value>pts_grp_3.csv</value>
  </plot_file>
  <ref_class>
    <code>Forest stable</code>
  </ref_class>
  <confidence>
    <code>hi</code>
  </confidence>
  <comments />
</plot>