<?xml version='1.0' standalone='yes' ?>
<plot step="1" modified_by="admin" created="2017-09-12T15:20:45.884+07:00" modified="2017-09-14T10:38:08.938+07:00">
  <id>
    <value>731</value>
  </id>
  <location>
    <x>106.756458615839</x>
    <y>14.293330029659</y>
    <srs>EPSG:4326</srs>
  </location>
  <operator>
    <value>sereyoudom</value>
  </operator>
  <elevation>
    <value>743</value>
  </elevation>
  <slope>
    <value>0.0464071929082652</value>
  </slope>
  <aspect>
    <value>5.00271385453205</value>
  </aspect>
  <region>
    <value>R&#244;t&#226;n&#244;kiri</value>
  </region>
  <country>
    <value>Cambodia</value>
  </country>
  <geometry>
    <value>points</value>
  </geometry>
  <area>
    <value>1.0</value>
  </area>
  <map_class>
    <code>Forest stable</code>
  </map_class>
  <actively_saved>
    <value>true</value>
  </actively_saved>
  <actively_saved_on>
    <year>2017</year>
    <month>9</month>
    <day>12</day>
  </actively_saved_on>
  <plot_file>
    <value>pts_grp_6.csv</value>
  </plot_file>
  <ref_class>
    <code>Forest stable</code>
  </ref_class>
  <confidence>
    <code>hi</code>
  </confidence>
  <comments />
</plot>