<?xml version='1.0' standalone='yes' ?>
<plot step="1" modified_by="admin" created="2017-09-12T15:27:08.846+07:00" modified="2017-09-14T10:38:09.541+07:00">
  <id>
    <value>777</value>
  </id>
  <location>
    <x>103.892225132681</x>
    <y>10.7302627848357</y>
    <srs>EPSG:4326</srs>
  </location>
  <operator>
    <value>khidorang</value>
  </operator>
  <elevation>
    <value>22</value>
  </elevation>
  <slope>
    <value>0.0443663770337952</value>
  </slope>
  <aspect>
    <value>4.13366706144714</value>
  </aspect>
  <region>
    <value>Krong Preah Sihanouk</value>
  </region>
  <country>
    <value>Cambodia</value>
  </country>
  <geometry>
    <value>points</value>
  </geometry>
  <area>
    <value>1.0</value>
  </area>
  <map_class>
    <code>Non Forest stable</code>
  </map_class>
  <actively_saved>
    <value>true</value>
  </actively_saved>
  <actively_saved_on>
    <year>2017</year>
    <month>9</month>
    <day>13</day>
  </actively_saved_on>
  <plot_file>
    <value>check_gp1_FNF_20170913.csv</value>
  </plot_file>
  <ref_class>
    <code>Forest stable</code>
  </ref_class>
  <confidence>
    <code>hi</code>
  </confidence>
  <comments />
</plot>