<?xml version='1.0' standalone='yes' ?>
<plot step="1" modified_by="admin" created="2017-09-13T10:58:03.208+07:00" modified="2017-09-14T10:38:09.102+07:00">
  <id>
    <value>163</value>
  </id>
  <location>
    <x>107.243790178133</x>
    <y>14.0523769330339</y>
    <srs>EPSG:4326</srs>
  </location>
  <operator>
    <value>sophyra</value>
  </operator>
  <elevation>
    <value>122</value>
  </elevation>
  <slope>
    <value>0.0102929336646164</value>
  </slope>
  <aspect>
    <value>4.65964851110176</value>
  </aspect>
  <region>
    <value>R&#244;t&#226;n&#244;kiri</value>
  </region>
  <country>
    <value>Cambodia</value>
  </country>
  <geometry>
    <value>points</value>
  </geometry>
  <area>
    <value>1.0</value>
  </area>
  <map_class>
    <code>Non Forest stable</code>
  </map_class>
  <actively_saved>
    <value>true</value>
  </actively_saved>
  <actively_saved_on>
    <year>2017</year>
    <month>9</month>
    <day>15</day>
  </actively_saved_on>
  <plot_file>
    <value>pts_grp_6.csv</value>
  </plot_file>
  <ref_class>
    <code>Non Forest stable</code>
  </ref_class>
  <confidence>
    <code>hi</code>
  </confidence>
  <comments />
</plot>