<?xml version='1.0' standalone='yes' ?>
<plot step="1" modified_by="admin" created="2017-09-13T11:20:41.927+07:00" modified="2017-09-14T10:38:09.192+07:00">
  <id>
    <value>161</value>
  </id>
  <location>
    <x>106.128475477154</x>
    <y>13.9072227476246</y>
    <srs>EPSG:4326</srs>
  </location>
  <operator>
    <value>sereyoudom</value>
  </operator>
  <elevation>
    <value>107</value>
  </elevation>
  <slope>
    <value>0.0047754719350213</value>
  </slope>
  <aspect>
    <value>0.550630753180912</value>
  </aspect>
  <region>
    <value>St&#339;ng Tr&#234;ng</value>
  </region>
  <country>
    <value>Cambodia</value>
  </country>
  <geometry>
    <value>points</value>
  </geometry>
  <area>
    <value>1.0</value>
  </area>
  <map_class>
    <code>Non Forest stable</code>
  </map_class>
  <actively_saved>
    <value>true</value>
  </actively_saved>
  <actively_saved_on>
    <year>2017</year>
    <month>9</month>
    <day>13</day>
  </actively_saved_on>
  <plot_file>
    <value>pts_grp_6.csv</value>
  </plot_file>
  <ref_class>
    <code>Non Forest stable</code>
  </ref_class>
  <confidence>
    <code>hi</code>
  </confidence>
  <comments />
</plot>