<?xml version='1.0' standalone='yes' ?>
<plot step="1" modified_by="admin" created="2017-09-12T16:37:59.464+07:00" modified="2017-09-14T10:38:07.260+07:00">
  <id>
    <value>742</value>
  </id>
  <location>
    <x>104.441947447468</x>
    <y>11.4994135664352</y>
    <srs>EPSG:4326</srs>
  </location>
  <operator>
    <value>sophyra</value>
  </operator>
  <elevation>
    <value>49</value>
  </elevation>
  <slope>
    <value>0.00300697272395223</value>
  </slope>
  <aspect>
    <value>2.81575568084933</value>
  </aspect>
  <region>
    <value>K&#226;mp&#243;ng Sp&#339;</value>
  </region>
  <country>
    <value>Cambodia</value>
  </country>
  <geometry>
    <value>points</value>
  </geometry>
  <area>
    <value>1.0</value>
  </area>
  <map_class>
    <code>Non Forest stable</code>
  </map_class>
  <actively_saved>
    <value>true</value>
  </actively_saved>
  <actively_saved_on>
    <year>2017</year>
    <month>9</month>
    <day>12</day>
  </actively_saved_on>
  <plot_file>
    <value>pts_grp_1.csv</value>
  </plot_file>
  <ref_class>
    <code>Non Forest stable</code>
  </ref_class>
  <confidence>
    <code>hi</code>
  </confidence>
  <comments />
</plot>