<?xml version='1.0' standalone='yes' ?>
<plot step="1" created="2017-09-13T16:44:53.175+07:00" modified="2017-09-13T16:45:45.728+07:00">
  <id>
    <value>905</value>
  </id>
  <location>
    <x>103.661451287981</x>
    <y>13.1757883445962</y>
    <srs>EPSG:4326</srs>
  </location>
  <operator>
    <value>khidorang</value>
  </operator>
  <elevation>
    <value>7</value>
  </elevation>
  <slope>
    <value>1.93790653794068E-4</value>
  </slope>
  <aspect>
    <value>3.93697730538027</value>
  </aspect>
  <region>
    <value>Batd&#226;mb&#226;ng</value>
  </region>
  <country>
    <value>Cambodia</value>
  </country>
  <geometry>
    <value>points</value>
  </geometry>
  <area>
    <value>1.0</value>
  </area>
  <map_class>
    <code>Forest stable</code>
  </map_class>
  <actively_saved>
    <value>true</value>
  </actively_saved>
  <actively_saved_on>
    <year>2017</year>
    <month>9</month>
    <day>13</day>
  </actively_saved_on>
  <plot_file>
    <value>check_gp1_FNF_20170913.csv</value>
  </plot_file>
  <ref_class>
    <code>Forest stable</code>
  </ref_class>
  <confidence>
    <code>hi</code>
  </confidence>
  <comments />
</plot>