<?xml version='1.0' standalone='yes' ?>
<plot step="1" created="2017-09-13T16:45:13.737+07:00" modified="2017-09-13T16:45:17.359+07:00">
  <id>
    <value>714</value>
  </id>
  <location>
    <x>104.533825700011</x>
    <y>13.1876708242482</y>
    <srs>EPSG:4326</srs>
  </location>
  <operator>
    <value>khidorang</value>
  </operator>
  <elevation>
    <value>45</value>
  </elevation>
  <slope>
    <value>0.00633221385649151</value>
  </slope>
  <aspect>
    <value>4.12162917609235</value>
  </aspect>
  <region>
    <value>K&#226;mp&#243;ng Thum</value>
  </region>
  <country>
    <value>Cambodia</value>
  </country>
  <geometry>
    <value>points</value>
  </geometry>
  <area>
    <value>1.0</value>
  </area>
  <map_class>
    <code>Forest stable</code>
  </map_class>
  <actively_saved>
    <value>true</value>
  </actively_saved>
  <actively_saved_on>
    <year>2017</year>
    <month>9</month>
    <day>13</day>
  </actively_saved_on>
  <plot_file>
    <value>check_gp1_FNF_20170913.csv</value>
  </plot_file>
  <ref_class>
    <code>Non Forest stable</code>
  </ref_class>
  <confidence>
    <code>hi</code>
  </confidence>
  <comments />
</plot>