<?xml version='1.0' standalone='yes' ?>
<plot step="1" created="2017-09-13T16:50:02.884+07:00" modified="2017-09-13T16:50:36.132+07:00">
  <id>
    <value>937</value>
  </id>
  <location>
    <x>103.758676942143</x>
    <y>13.8489361191395</y>
    <srs>EPSG:4326</srs>
  </location>
  <operator>
    <value>khidorang</value>
  </operator>
  <elevation>
    <value>43</value>
  </elevation>
  <slope>
    <value>0.00146573993895997</value>
  </slope>
  <aspect>
    <value>2.75316962897669</value>
  </aspect>
  <region>
    <value>Siemr&#233;ab</value>
  </region>
  <country>
    <value>Cambodia</value>
  </country>
  <geometry>
    <value>points</value>
  </geometry>
  <area>
    <value>1.0</value>
  </area>
  <map_class>
    <code>Forest stable</code>
  </map_class>
  <actively_saved>
    <value>true</value>
  </actively_saved>
  <actively_saved_on>
    <year>2017</year>
    <month>9</month>
    <day>13</day>
  </actively_saved_on>
  <plot_file>
    <value>check_gp1_FNF_20170913.csv</value>
  </plot_file>
  <ref_class>
    <code>Deforestation other</code>
  </ref_class>
  <confidence>
    <code>hi</code>
  </confidence>
  <comments />
</plot>