<?xml version='1.0' standalone='yes' ?>
<plot step="1" created="2017-09-13T16:53:01.011+07:00" modified="2017-09-13T16:53:04.734+07:00">
  <id>
    <value>675</value>
  </id>
  <location>
    <x>106.820149361886</x>
    <y>13.7661879012827</y>
    <srs>EPSG:4326</srs>
  </location>
  <operator>
    <value>khidorang</value>
  </operator>
  <elevation>
    <value>124</value>
  </elevation>
  <slope>
    <value>0.00474389899608209</value>
  </slope>
  <aspect>
    <value>6.04704724330057</value>
  </aspect>
  <region>
    <value>R&#244;t&#226;n&#244;kiri</value>
  </region>
  <country>
    <value>Cambodia</value>
  </country>
  <geometry>
    <value>points</value>
  </geometry>
  <area>
    <value>1.0</value>
  </area>
  <map_class>
    <code>Forest stable</code>
  </map_class>
  <actively_saved>
    <value>true</value>
  </actively_saved>
  <actively_saved_on>
    <year>2017</year>
    <month>9</month>
    <day>13</day>
  </actively_saved_on>
  <plot_file>
    <value>check_gp1_FNF_20170913.csv</value>
  </plot_file>
  <ref_class>
    <code>Forest stable</code>
  </ref_class>
  <confidence>
    <code>hi</code>
  </confidence>
  <comments />
</plot>