<?xml version='1.0' standalone='yes' ?>
<plot step="1" created="2017-09-13T17:03:45.571+07:00" modified="2017-09-13T17:03:50.333+07:00">
  <id>
    <value>903</value>
  </id>
  <location>
    <x>104.961403721059</x>
    <y>14.3022987718039</y>
    <srs>EPSG:4326</srs>
  </location>
  <operator>
    <value>khidorang</value>
  </operator>
  <elevation>
    <value>103</value>
  </elevation>
  <slope>
    <value>0.0450958837286756</value>
  </slope>
  <aspect>
    <value>4.4227763530718</value>
  </aspect>
  <region>
    <value>Preah Vih&#233;ar</value>
  </region>
  <country>
    <value>Cambodia</value>
  </country>
  <geometry>
    <value>points</value>
  </geometry>
  <area>
    <value>1.0</value>
  </area>
  <map_class>
    <code>Forest stable</code>
  </map_class>
  <actively_saved>
    <value>true</value>
  </actively_saved>
  <actively_saved_on>
    <year>2017</year>
    <month>9</month>
    <day>13</day>
  </actively_saved_on>
  <plot_file>
    <value>check_gp1_FNF_20170913.csv</value>
  </plot_file>
  <ref_class>
    <code>Forest stable</code>
  </ref_class>
  <confidence>
    <code>hi</code>
  </confidence>
  <comments />
</plot>