<?xml version='1.0' standalone='yes' ?>
<plot step="1" created="2017-09-13T17:10:16.147+07:00" modified="2017-09-13T17:10:21.177+07:00">
  <id>
    <value>92</value>
  </id>
  <location>
    <x>104.357338399943</x>
    <y>11.9928410401381</y>
    <srs>EPSG:4326</srs>
  </location>
  <operator>
    <value>khidorang</value>
  </operator>
  <elevation>
    <value>96</value>
  </elevation>
  <slope>
    <value>0.0182239365526016</value>
  </slope>
  <aspect>
    <value>1.82663961259313</value>
  </aspect>
  <region>
    <value>K&#226;mp&#243;ng Chhnang</value>
  </region>
  <country>
    <value>Cambodia</value>
  </country>
  <geometry>
    <value>points</value>
  </geometry>
  <area>
    <value>1.0</value>
  </area>
  <map_class>
    <code>Non Forest stable</code>
  </map_class>
  <actively_saved>
    <value>true</value>
  </actively_saved>
  <actively_saved_on>
    <year>2017</year>
    <month>9</month>
    <day>13</day>
  </actively_saved_on>
  <plot_file>
    <value>check_gp1_FNF_20170913.csv</value>
  </plot_file>
  <ref_class>
    <code>Non Forest stable</code>
  </ref_class>
  <confidence>
    <code>hi</code>
  </confidence>
  <comments />
</plot>