<?xml version='1.0' standalone='yes' ?>
<plot step="1" created="2017-09-13T17:11:58.391+07:00" modified="2017-09-13T17:12:02.264+07:00">
  <id>
    <value>66</value>
  </id>
  <location>
    <x>105.444772314424</x>
    <y>12.0575740205752</y>
    <srs>EPSG:4326</srs>
  </location>
  <operator>
    <value>khidorang</value>
  </operator>
  <elevation>
    <value>39</value>
  </elevation>
  <slope>
    <value>0.00755406941855595</value>
  </slope>
  <aspect>
    <value>0.716333116387005</value>
  </aspect>
  <region>
    <value>K&#226;mp&#243;ng Cham</value>
  </region>
  <country>
    <value>Cambodia</value>
  </country>
  <geometry>
    <value>points</value>
  </geometry>
  <area>
    <value>1.0</value>
  </area>
  <map_class>
    <code>Non Forest stable</code>
  </map_class>
  <actively_saved>
    <value>true</value>
  </actively_saved>
  <actively_saved_on>
    <year>2017</year>
    <month>9</month>
    <day>13</day>
  </actively_saved_on>
  <plot_file>
    <value>check_gp1_FNF_20170913.csv</value>
  </plot_file>
  <ref_class>
    <code>Non Forest stable</code>
  </ref_class>
  <confidence>
    <code>hi</code>
  </confidence>
  <comments />
</plot>