<?xml version='1.0' standalone='yes' ?>
<plot step="1" created="2017-09-13T16:32:11.183+07:00" modified="2017-09-13T16:32:17.461+07:00">
  <id>
    <value>209</value>
  </id>
  <location>
    <x>102.929540957517</x>
    <y>11.968320577405</y>
    <srs>EPSG:4326</srs>
  </location>
  <operator>
    <value>khidorang</value>
  </operator>
  <elevation>
    <value>763</value>
  </elevation>
  <slope>
    <value>0.058070167279488</value>
  </slope>
  <aspect>
    <value>3.25079915741122</value>
  </aspect>
  <region>
    <value>Ka&#244;h Kong</value>
  </region>
  <country>
    <value>Cambodia</value>
  </country>
  <geometry>
    <value>points</value>
  </geometry>
  <area>
    <value>1.0</value>
  </area>
  <map_class>
    <code>Forest stable</code>
  </map_class>
  <actively_saved>
    <value>true</value>
  </actively_saved>
  <actively_saved_on>
    <year>2017</year>
    <month>9</month>
    <day>13</day>
  </actively_saved_on>
  <plot_file>
    <value>check_gp1_FNF_20170913.csv</value>
  </plot_file>
  <ref_class>
    <code>Forest stable</code>
  </ref_class>
  <confidence>
    <code>hi</code>
  </confidence>
  <comments />
</plot>