<?xml version='1.0' standalone='yes' ?>
<plot step="1" created="2017-09-13T17:18:44.120+07:00" modified="2017-09-13T17:18:50.158+07:00">
  <id>
    <value>632</value>
  </id>
  <location>
    <x>104.242019933628</x>
    <y>12.4623137192131</y>
    <srs>EPSG:4326</srs>
  </location>
  <operator>
    <value>khidorang</value>
  </operator>
  <elevation>
    <value>34</value>
  </elevation>
  <slope>
    <value>0.00464568996199223</value>
  </slope>
  <aspect>
    <value>6.01255327862047</value>
  </aspect>
  <region>
    <value>Pouthisat</value>
  </region>
  <country>
    <value>Cambodia</value>
  </country>
  <geometry>
    <value>points</value>
  </geometry>
  <area>
    <value>1.0</value>
  </area>
  <map_class>
    <code>Non Forest stable</code>
  </map_class>
  <actively_saved>
    <value>true</value>
  </actively_saved>
  <actively_saved_on>
    <year>2017</year>
    <month>9</month>
    <day>13</day>
  </actively_saved_on>
  <plot_file>
    <value>check_gp1_FNF_20170913.csv</value>
  </plot_file>
  <ref_class>
    <code>Non Forest stable</code>
  </ref_class>
  <confidence>
    <code>hi</code>
  </confidence>
  <comments />
</plot>