<?xml version='1.0' standalone='yes' ?>
<plot step="1" created="2017-09-13T17:20:27.985+07:00" modified="2017-09-14T08:57:33.483+07:00">
  <id>
    <value>835</value>
  </id>
  <location>
    <x>107.167638711343</x>
    <y>12.3943918113765</y>
    <srs>EPSG:4326</srs>
  </location>
  <operator>
    <value>khidorang</value>
  </operator>
  <elevation>
    <value>716</value>
  </elevation>
  <slope>
    <value>0.0194753026060998</value>
  </slope>
  <aspect>
    <value>4.31173646982776</value>
  </aspect>
  <region>
    <value>M&#244;nd&#243;l Kiri</value>
  </region>
  <country>
    <value>Cambodia</value>
  </country>
  <geometry>
    <value>points</value>
  </geometry>
  <area>
    <value>1.0</value>
  </area>
  <map_class>
    <code>Non Forest stable</code>
  </map_class>
  <actively_saved>
    <value>true</value>
  </actively_saved>
  <actively_saved_on>
    <year>2017</year>
    <month>9</month>
    <day>14</day>
  </actively_saved_on>
  <plot_file>
    <value>check_gp1_FNF_20170913.csv</value>
  </plot_file>
  <ref_class>
    <code>Non Forest stable</code>
  </ref_class>
  <confidence>
    <code>hi</code>
  </confidence>
  <comments />
</plot>