<?xml version='1.0' standalone='yes' ?>
<plot step="1" created="2017-09-13T17:22:15.869+07:00" modified="2017-09-13T17:22:20.437+07:00">
  <id>
    <value>797</value>
  </id>
  <location>
    <x>106.21195638885</x>
    <y>12.5198621380703</y>
    <srs>EPSG:4326</srs>
  </location>
  <operator>
    <value>khidorang</value>
  </operator>
  <elevation>
    <value>52</value>
  </elevation>
  <slope>
    <value>0.00447872643179362</value>
  </slope>
  <aspect>
    <value>3.17241636336348</value>
  </aspect>
  <region>
    <value>Kr&#226;ch&#233;h</value>
  </region>
  <country>
    <value>Cambodia</value>
  </country>
  <geometry>
    <value>points</value>
  </geometry>
  <area>
    <value>1.0</value>
  </area>
  <map_class>
    <code>Non Forest stable</code>
  </map_class>
  <actively_saved>
    <value>true</value>
  </actively_saved>
  <actively_saved_on>
    <year>2017</year>
    <month>9</month>
    <day>13</day>
  </actively_saved_on>
  <plot_file>
    <value>check_gp1_FNF_20170913.csv</value>
  </plot_file>
  <ref_class>
    <code>Non Forest stable</code>
  </ref_class>
  <confidence>
    <code>hi</code>
  </confidence>
  <comments />
</plot>