<?xml version='1.0' standalone='yes' ?>
<plot step="1" created="2017-09-13T17:24:27.509+07:00" modified="2017-09-13T17:24:31.852+07:00">
  <id>
    <value>413</value>
  </id>
  <location>
    <x>103.57480314407</x>
    <y>13.3119557648809</y>
    <srs>EPSG:4326</srs>
  </location>
  <operator>
    <value>khidorang</value>
  </operator>
  <elevation>
    <value>8</value>
  </elevation>
  <slope>
    <value>4.29877816422226E-4</value>
  </slope>
  <aspect>
    <value>5.95522746899285</value>
  </aspect>
  <region>
    <value>Siemr&#233;ab</value>
  </region>
  <country>
    <value>Cambodia</value>
  </country>
  <geometry>
    <value>points</value>
  </geometry>
  <area>
    <value>1.0</value>
  </area>
  <map_class>
    <code>Non Forest stable</code>
  </map_class>
  <actively_saved>
    <value>true</value>
  </actively_saved>
  <actively_saved_on>
    <year>2017</year>
    <month>9</month>
    <day>13</day>
  </actively_saved_on>
  <plot_file>
    <value>check_gp1_FNF_20170913.csv</value>
  </plot_file>
  <ref_class>
    <code>Forest stable</code>
  </ref_class>
  <confidence>
    <code>hi</code>
  </confidence>
  <comments />
</plot>