<?xml version='1.0' standalone='yes' ?>
<plot step="1" created="2017-09-13T17:24:50.108+07:00" modified="2017-09-13T17:24:55.877+07:00">
  <id>
    <value>159</value>
  </id>
  <location>
    <x>105.883616899435</x>
    <y>13.3435679394637</y>
    <srs>EPSG:4326</srs>
  </location>
  <operator>
    <value>khidorang</value>
  </operator>
  <elevation>
    <value>60</value>
  </elevation>
  <slope>
    <value>0.0127629430908828</value>
  </slope>
  <aspect>
    <value>0.0434141855447028</value>
  </aspect>
  <region>
    <value>St&#339;ng Tr&#234;ng</value>
  </region>
  <country>
    <value>Cambodia</value>
  </country>
  <geometry>
    <value>points</value>
  </geometry>
  <area>
    <value>1.0</value>
  </area>
  <map_class>
    <code>Non Forest stable</code>
  </map_class>
  <actively_saved>
    <value>true</value>
  </actively_saved>
  <actively_saved_on>
    <year>2017</year>
    <month>9</month>
    <day>13</day>
  </actively_saved_on>
  <plot_file>
    <value>check_gp1_FNF_20170913.csv</value>
  </plot_file>
  <ref_class>
    <code>Non Forest stable</code>
  </ref_class>
  <confidence>
    <code>hi</code>
  </confidence>
  <comments />
</plot>