<?xml version='1.0' standalone='yes' ?>
<plot step="1" created="2017-09-13T16:32:51.585+07:00" modified="2017-09-13T16:32:55.456+07:00">
  <id>
    <value>743</value>
  </id>
  <location>
    <x>102.848565770233</x>
    <y>12.0400314472875</y>
    <srs>EPSG:4326</srs>
  </location>
  <operator>
    <value>khidorang</value>
  </operator>
  <elevation>
    <value>456</value>
  </elevation>
  <slope>
    <value>0.162271308872587</value>
  </slope>
  <aspect>
    <value>2.69797555963412</value>
  </aspect>
  <region>
    <value>Pouthisat</value>
  </region>
  <country>
    <value>Cambodia</value>
  </country>
  <geometry>
    <value>points</value>
  </geometry>
  <area>
    <value>1.0</value>
  </area>
  <map_class>
    <code>Forest stable</code>
  </map_class>
  <actively_saved>
    <value>true</value>
  </actively_saved>
  <actively_saved_on>
    <year>2017</year>
    <month>9</month>
    <day>13</day>
  </actively_saved_on>
  <plot_file>
    <value>check_gp1_FNF_20170913.csv</value>
  </plot_file>
  <ref_class>
    <code>Forest stable</code>
  </ref_class>
  <confidence>
    <code>hi</code>
  </confidence>
  <comments />
</plot>