<?xml version='1.0' standalone='yes' ?>
<plot step="1" created="2017-09-14T08:54:19.925+07:00" modified="2017-09-14T08:54:24.332+07:00">
  <id>
    <value>851</value>
  </id>
  <location>
    <x>105.03994696058</x>
    <y>13.9560224719598</y>
    <srs>EPSG:4326</srs>
  </location>
  <operator>
    <value>khidorang</value>
  </operator>
  <elevation>
    <value>111</value>
  </elevation>
  <slope>
    <value>0.0209666507022113</value>
  </slope>
  <aspect>
    <value>5.47691449208426</value>
  </aspect>
  <region>
    <value>Preah Vih&#233;ar</value>
  </region>
  <country>
    <value>Cambodia</value>
  </country>
  <geometry>
    <value>points</value>
  </geometry>
  <area>
    <value>1.0</value>
  </area>
  <map_class>
    <code>Forest stable</code>
  </map_class>
  <actively_saved>
    <value>true</value>
  </actively_saved>
  <actively_saved_on>
    <year>2017</year>
    <month>9</month>
    <day>14</day>
  </actively_saved_on>
  <plot_file>
    <value>check_gp1_FNF_20170913.csv</value>
  </plot_file>
  <ref_class>
    <code>Forest stable</code>
  </ref_class>
  <confidence>
    <code>hi</code>
  </confidence>
  <comments />
</plot>