<?xml version='1.0' standalone='yes' ?>
<plot step="1" created="2017-09-14T08:56:40.556+07:00" modified="2017-09-14T08:56:44.971+07:00">
  <id>
    <value>906</value>
  </id>
  <location>
    <x>102.75156578586</x>
    <y>12.2215571860041</y>
    <srs>EPSG:4326</srs>
  </location>
  <operator>
    <value>khidorang</value>
  </operator>
  <elevation>
    <value>349</value>
  </elevation>
  <slope>
    <value>0.014481683576589</value>
  </slope>
  <aspect>
    <value>2.95971640401912</value>
  </aspect>
  <region>
    <value>Pouthisat</value>
  </region>
  <country>
    <value>Cambodia</value>
  </country>
  <geometry>
    <value>points</value>
  </geometry>
  <area>
    <value>1.0</value>
  </area>
  <map_class>
    <code>Non Forest stable</code>
  </map_class>
  <actively_saved>
    <value>true</value>
  </actively_saved>
  <actively_saved_on>
    <year>2017</year>
    <month>9</month>
    <day>14</day>
  </actively_saved_on>
  <plot_file>
    <value>check_gp1_FNF_20170913.csv</value>
  </plot_file>
  <ref_class>
    <code>Forest stable</code>
  </ref_class>
  <confidence>
    <code>hi</code>
  </confidence>
  <comments />
</plot>