<?xml version='1.0' standalone='yes' ?>
<plot step="1" created="2017-09-14T09:01:29.444+07:00" modified="2017-09-14T09:01:35.591+07:00">
  <id>
    <value>374</value>
  </id>
  <location>
    <x>107.044191451016</x>
    <y>13.0224539460481</y>
    <srs>EPSG:4326</srs>
  </location>
  <operator>
    <value>khidorang</value>
  </operator>
  <elevation>
    <value>147</value>
  </elevation>
  <slope>
    <value>0.00339783445491138</value>
  </slope>
  <aspect>
    <value>5.25808256533321</value>
  </aspect>
  <region>
    <value>M&#244;nd&#243;l Kiri</value>
  </region>
  <country>
    <value>Cambodia</value>
  </country>
  <geometry>
    <value>points</value>
  </geometry>
  <area>
    <value>1.0</value>
  </area>
  <map_class>
    <code>Non Forest stable</code>
  </map_class>
  <actively_saved>
    <value>true</value>
  </actively_saved>
  <actively_saved_on>
    <year>2017</year>
    <month>9</month>
    <day>14</day>
  </actively_saved_on>
  <plot_file>
    <value>check_gp1_FNF_20170913.csv</value>
  </plot_file>
  <ref_class>
    <code>Forest stable</code>
  </ref_class>
  <confidence>
    <code>hi</code>
  </confidence>
  <comments />
</plot>