<?xml version='1.0' standalone='yes' ?>
<plot step="1" created="2017-09-13T16:34:02.774+07:00" modified="2017-09-13T16:34:09.077+07:00">
  <id>
    <value>796</value>
  </id>
  <location>
    <x>103.414072371477</x>
    <y>12.0382634616068</y>
    <srs>EPSG:4326</srs>
  </location>
  <operator>
    <value>khidorang</value>
  </operator>
  <elevation>
    <value>1001</value>
  </elevation>
  <slope>
    <value>0.0519370713846948</value>
  </slope>
  <aspect>
    <value>5.58687444799634</value>
  </aspect>
  <region>
    <value>Ka&#244;h Kong</value>
  </region>
  <country>
    <value>Cambodia</value>
  </country>
  <geometry>
    <value>points</value>
  </geometry>
  <area>
    <value>1.0</value>
  </area>
  <map_class>
    <code>Forest stable</code>
  </map_class>
  <actively_saved>
    <value>true</value>
  </actively_saved>
  <actively_saved_on>
    <year>2017</year>
    <month>9</month>
    <day>13</day>
  </actively_saved_on>
  <plot_file>
    <value>check_gp1_FNF_20170913.csv</value>
  </plot_file>
  <ref_class>
    <code>Forest stable</code>
  </ref_class>
  <confidence>
    <code>hi</code>
  </confidence>
  <comments />
</plot>