<?xml version='1.0' standalone='yes' ?>
<plot step="1" created="2017-09-13T16:34:37.854+07:00" modified="2017-09-13T16:34:42.357+07:00">
  <id>
    <value>681</value>
  </id>
  <location>
    <x>104.850003122857</x>
    <y>12.3133903673668</y>
    <srs>EPSG:4326</srs>
  </location>
  <operator>
    <value>khidorang</value>
  </operator>
  <elevation>
    <value>8</value>
  </elevation>
  <slope>
    <value>2.16840434497101E-19</value>
  </slope>
  <aspect>
    <value>4.71238898038469</value>
  </aspect>
  <region>
    <value>K&#226;mp&#243;ng Chhnang</value>
  </region>
  <country>
    <value>Cambodia</value>
  </country>
  <geometry>
    <value>points</value>
  </geometry>
  <area>
    <value>1.0</value>
  </area>
  <map_class>
    <code>Forest stable</code>
  </map_class>
  <actively_saved>
    <value>true</value>
  </actively_saved>
  <actively_saved_on>
    <year>2017</year>
    <month>9</month>
    <day>13</day>
  </actively_saved_on>
  <plot_file>
    <value>check_gp1_FNF_20170913.csv</value>
  </plot_file>
  <ref_class>
    <code>Non Forest stable</code>
  </ref_class>
  <confidence>
    <code>hi</code>
  </confidence>
  <comments />
</plot>