<?xml version='1.0' standalone='yes' ?>
<plot step="1" created="2017-09-14T06:55:14.908+07:00" modified="2017-09-14T06:55:34.514+07:00">
  <id>
    <value>229</value>
  </id>
  <location>
    <x>106.219959198285</x>
    <y>13.0946498854135</y>
    <srs>EPSG:4326</srs>
  </location>
  <operator>
    <value>sophyra</value>
  </operator>
  <elevation>
    <value>65</value>
  </elevation>
  <slope>
    <value>0.00549220869628689</value>
  </slope>
  <aspect>
    <value>2.52366184562266</value>
  </aspect>
  <region>
    <value>Kr&#226;ch&#233;h</value>
  </region>
  <country>
    <value>Cambodia</value>
  </country>
  <geometry>
    <value>points</value>
  </geometry>
  <area>
    <value>1.0</value>
  </area>
  <map_class>
    <code>Degradation</code>
  </map_class>
  <actively_saved>
    <value>true</value>
  </actively_saved>
  <actively_saved_on>
    <year>2017</year>
    <month>9</month>
    <day>14</day>
  </actively_saved_on>
  <plot_file>
    <value>pts_grp_1.csv</value>
  </plot_file>
  <ref_class>
    <code>Deforestation crops</code>
  </ref_class>
  <confidence>
    <code>hi</code>
  </confidence>
  <comments />
</plot>