<?xml version='1.0' standalone='yes' ?>
<plot step="1" created="2017-09-14T06:58:00.885+07:00" modified="2017-09-13T16:44:34.016+07:00">
  <id>
    <value>686</value>
  </id>
  <location>
    <x>104.230148718973</x>
    <y>11.3882657043097</y>
    <srs>EPSG:4326</srs>
  </location>
  <operator>
    <value>norin123</value>
  </operator>
  <elevation>
    <value>70</value>
  </elevation>
  <slope>
    <value>0.00319486007741675</value>
  </slope>
  <aspect>
    <value>0.216809945947063</value>
  </aspect>
  <region>
    <value>K&#226;mp&#243;ng Sp&#339;</value>
  </region>
  <country>
    <value>Cambodia</value>
  </country>
  <geometry>
    <value>points</value>
  </geometry>
  <area>
    <value>1.0</value>
  </area>
  <map_class>
    <code>Degradation</code>
  </map_class>
  <actively_saved>
    <value>true</value>
  </actively_saved>
  <actively_saved_on>
    <year>2017</year>
    <month>9</month>
    <day>13</day>
  </actively_saved_on>
  <plot_file>
    <value>pts_grp_1.csv</value>
  </plot_file>
  <ref_class>
    <code>Non Forest stable</code>
  </ref_class>
  <confidence>
    <code>hi</code>
  </confidence>
  <comments />
</plot>