<?xml version='1.0' standalone='yes' ?>
<plot step="1" created="2017-09-14T07:08:22.304+07:00" modified="2017-09-14T08:34:21.538+07:00">
  <id>
    <value>505</value>
  </id>
  <location>
    <x>103.695244848614</x>
    <y>11.037331026615</y>
    <srs>EPSG:4326</srs>
  </location>
  <operator>
    <value>norin123</value>
  </operator>
  <elevation>
    <value>14</value>
  </elevation>
  <slope>
    <value>0.00389280479011479</value>
  </slope>
  <aspect>
    <value>0.436973842113807</value>
  </aspect>
  <region>
    <value>Ka&#244;h Kong</value>
  </region>
  <country>
    <value>Cambodia</value>
  </country>
  <geometry>
    <value>points</value>
  </geometry>
  <area>
    <value>1.0</value>
  </area>
  <map_class>
    <code>Enhancement</code>
  </map_class>
  <actively_saved>
    <value>true</value>
  </actively_saved>
  <actively_saved_on>
    <year>2017</year>
    <month>9</month>
    <day>14</day>
  </actively_saved_on>
  <plot_file>
    <value>pts_grp_1.csv</value>
  </plot_file>
  <ref_class>
    <code>Forest stable</code>
  </ref_class>
  <confidence>
    <code>hi</code>
  </confidence>
  <comments />
</plot>