<?xml version='1.0' standalone='yes' ?>
<plot step="1" created="2017-09-14T07:19:46.541+07:00" modified="2017-09-14T07:19:51.246+07:00">
  <id>
    <value>166</value>
  </id>
  <location>
    <x>104.264408686642</x>
    <y>12.9235468711284</y>
    <srs>EPSG:4326</srs>
  </location>
  <operator>
    <value>sophyra</value>
  </operator>
  <elevation>
    <value>9</value>
  </elevation>
  <slope>
    <value>1.93687448614182E-4</value>
  </slope>
  <aspect>
    <value>3.93645486524385</value>
  </aspect>
  <region>
    <value>Siemr&#233;ab</value>
  </region>
  <country>
    <value>Cambodia</value>
  </country>
  <geometry>
    <value>points</value>
  </geometry>
  <area>
    <value>1.0</value>
  </area>
  <map_class>
    <code>Non Forest stable</code>
  </map_class>
  <actively_saved>
    <value>true</value>
  </actively_saved>
  <actively_saved_on>
    <year>2017</year>
    <month>9</month>
    <day>14</day>
  </actively_saved_on>
  <plot_file>
    <value>pts_grp_1.csv</value>
  </plot_file>
  <ref_class>
    <code>Non Forest stable</code>
  </ref_class>
  <confidence>
    <code>hi</code>
  </confidence>
  <comments />
</plot>