<?xml version='1.0' standalone='yes' ?>
<plot step="1" created="2017-09-14T07:23:09.102+07:00" modified="2017-09-14T07:24:33.013+07:00">
  <id>
    <value>601</value>
  </id>
  <location>
    <x>103.621331061804</x>
    <y>10.6740476578084</y>
    <srs>EPSG:4326</srs>
  </location>
  <operator>
    <value>sophyra</value>
  </operator>
  <elevation>
    <value>41</value>
  </elevation>
  <slope>
    <value>0.0177692754198927</value>
  </slope>
  <aspect>
    <value>3.01782423724084</value>
  </aspect>
  <region>
    <value>Krong Preah Sihanouk</value>
  </region>
  <country>
    <value>Cambodia</value>
  </country>
  <geometry>
    <value>points</value>
  </geometry>
  <area>
    <value>1.0</value>
  </area>
  <map_class>
    <code>Degradation</code>
  </map_class>
  <actively_saved>
    <value>true</value>
  </actively_saved>
  <actively_saved_on>
    <year>2017</year>
    <month>9</month>
    <day>14</day>
  </actively_saved_on>
  <plot_file>
    <value>pts_grp_1.csv</value>
  </plot_file>
  <ref_class>
    <code>Degradation</code>
  </ref_class>
  <confidence>
    <code>hi</code>
  </confidence>
  <comments />
</plot>