<?xml version='1.0' standalone='yes' ?>
<plot step="1" created="2017-09-14T07:26:43.845+07:00" modified="2017-09-14T08:54:14.871+07:00">
  <id>
    <value>468</value>
  </id>
  <location>
    <x>103.714322382017</x>
    <y>13.2767226823301</y>
    <srs>EPSG:4326</srs>
  </location>
  <operator>
    <value>norin123</value>
  </operator>
  <elevation>
    <value>7</value>
  </elevation>
  <slope>
    <value>4.29871685272444E-4</value>
  </slope>
  <aspect>
    <value>5.95526939065761</value>
  </aspect>
  <region>
    <value>Siemr&#233;ab</value>
  </region>
  <country>
    <value>Cambodia</value>
  </country>
  <geometry>
    <value>points</value>
  </geometry>
  <area>
    <value>1.0</value>
  </area>
  <map_class>
    <code>Enhancement</code>
  </map_class>
  <actively_saved>
    <value>true</value>
  </actively_saved>
  <actively_saved_on>
    <year>2017</year>
    <month>9</month>
    <day>14</day>
  </actively_saved_on>
  <plot_file>
    <value>pts_grp_1.csv</value>
  </plot_file>
  <ref_class>
    <code>Forest stable</code>
  </ref_class>
  <confidence>
    <code>hi</code>
  </confidence>
  <comments />
</plot>