<?xml version='1.0' standalone='yes' ?>
<plot step="1" created="2017-09-13T03:34:19.687+07:00" modified="2017-09-13T03:34:25.659+07:00">
  <id>
    <value>308</value>
  </id>
  <location>
    <x>104.637739918476</x>
    <y>10.7886020765017</y>
    <srs>EPSG:4326</srs>
  </location>
  <operator>
    <value>gr2borey</value>
  </operator>
  <elevation>
    <value>26</value>
  </elevation>
  <slope>
    <value>0.0147069621242168</value>
  </slope>
  <aspect>
    <value>1.63540384872592</value>
  </aspect>
  <region>
    <value>K&#226;mp&#244;t</value>
  </region>
  <country>
    <value>Cambodia</value>
  </country>
  <geometry>
    <value>points</value>
  </geometry>
  <area>
    <value>1.0</value>
  </area>
  <map_class>
    <code>Non Forest stable</code>
  </map_class>
  <actively_saved>
    <value>true</value>
  </actively_saved>
  <actively_saved_on>
    <year>2017</year>
    <month>9</month>
    <day>13</day>
  </actively_saved_on>
  <plot_file>
    <value>pts_grp_2.csv</value>
  </plot_file>
  <ref_class>
    <code>Non Forest stable</code>
  </ref_class>
  <confidence>
    <code>hi</code>
  </confidence>
  <comments />
</plot>