<?xml version='1.0' standalone='yes' ?>
<plot step="1" created="2017-09-13T04:25:11.226+07:00" modified="2017-09-13T04:25:16.250+07:00">
  <id>
    <value>878</value>
  </id>
  <location>
    <x>104.935492116946</x>
    <y>12.6355148543622</y>
    <srs>EPSG:4326</srs>
  </location>
  <operator>
    <value>gr2borey</value>
  </operator>
  <elevation>
    <value>12</value>
  </elevation>
  <slope>
    <value>6.15404937164722E-4</value>
  </slope>
  <aspect>
    <value>2.02735904525174</value>
  </aspect>
  <region>
    <value>K&#226;mp&#243;ng Thum</value>
  </region>
  <country>
    <value>Cambodia</value>
  </country>
  <geometry>
    <value>points</value>
  </geometry>
  <area>
    <value>1.0</value>
  </area>
  <map_class>
    <code>Non Forest stable</code>
  </map_class>
  <actively_saved>
    <value>true</value>
  </actively_saved>
  <actively_saved_on>
    <year>2017</year>
    <month>9</month>
    <day>13</day>
  </actively_saved_on>
  <plot_file>
    <value>pts_grp_2.csv</value>
  </plot_file>
  <ref_class>
    <code>Non Forest stable</code>
  </ref_class>
  <confidence>
    <code>hi</code>
  </confidence>
  <comments />
</plot>