<?xml version='1.0' standalone='yes' ?>
<plot step="1" created="2017-09-13T14:18:18.293+07:00" modified="2017-09-13T14:19:32.145+07:00">
  <id>
    <value>541</value>
  </id>
  <location>
    <x>103.61407572344</x>
    <y>10.6807749510423</y>
    <srs>EPSG:4326</srs>
  </location>
  <operator>
    <value>gr2borey</value>
  </operator>
  <elevation>
    <value>66</value>
  </elevation>
  <slope>
    <value>0.0149436474890436</value>
  </slope>
  <aspect>
    <value>3.0865131848379</value>
  </aspect>
  <region>
    <value>Krong Preah Sihanouk</value>
  </region>
  <country>
    <value>Cambodia</value>
  </country>
  <geometry>
    <value>points</value>
  </geometry>
  <area>
    <value>1.0</value>
  </area>
  <map_class>
    <code>Degradation</code>
  </map_class>
  <actively_saved>
    <value>true</value>
  </actively_saved>
  <actively_saved_on>
    <year>2017</year>
    <month>9</month>
    <day>13</day>
  </actively_saved_on>
  <plot_file>
    <value>pts_grp_2.csv</value>
  </plot_file>
  <ref_class>
    <code>Degradation</code>
  </ref_class>
  <confidence>
    <code>hi</code>
  </confidence>
  <comments />
</plot>