<?xml version='1.0' standalone='yes' ?>
<plot step="1" created="2017-09-13T14:52:10.717+07:00" modified="2017-09-13T14:52:15.047+07:00">
  <id>
    <value>366</value>
  </id>
  <location>
    <x>103.343641835458</x>
    <y>12.4492770184054</y>
    <srs>EPSG:4326</srs>
  </location>
  <operator>
    <value>gr2borey</value>
  </operator>
  <elevation>
    <value>208</value>
  </elevation>
  <slope>
    <value>0.0145038038244984</value>
  </slope>
  <aspect>
    <value>4.75916822388074</value>
  </aspect>
  <region>
    <value>Pouthisat</value>
  </region>
  <country>
    <value>Cambodia</value>
  </country>
  <geometry>
    <value>points</value>
  </geometry>
  <area>
    <value>1.0</value>
  </area>
  <map_class>
    <code>Forest stable</code>
  </map_class>
  <actively_saved>
    <value>true</value>
  </actively_saved>
  <actively_saved_on>
    <year>2017</year>
    <month>9</month>
    <day>13</day>
  </actively_saved_on>
  <plot_file>
    <value>pts_grp_2.csv</value>
  </plot_file>
  <ref_class>
    <code>Deforestation other</code>
  </ref_class>
  <confidence>
    <code>hi</code>
  </confidence>
  <comments />
</plot>