<?xml version='1.0' standalone='yes' ?>
<plot step="1" created="2017-09-12T15:02:27.830+07:00" modified="2017-09-12T15:02:32.338+07:00">
  <id>
    <value>60</value>
  </id>
  <location>
    <x>103.655214917698</x>
    <y>12.1574790426178</y>
    <srs>EPSG:4326</srs>
  </location>
  <operator>
    <value>khidorang</value>
  </operator>
  <elevation>
    <value>314</value>
  </elevation>
  <slope>
    <value>0.0241465400332229</value>
  </slope>
  <aspect>
    <value>1.30363452744713</value>
  </aspect>
  <region>
    <value>Pouthisat</value>
  </region>
  <country>
    <value>Cambodia</value>
  </country>
  <geometry>
    <value>points</value>
  </geometry>
  <area>
    <value>1.0</value>
  </area>
  <map_class>
    <code>Forest stable</code>
  </map_class>
  <actively_saved>
    <value>true</value>
  </actively_saved>
  <actively_saved_on>
    <year>2017</year>
    <month>9</month>
    <day>12</day>
  </actively_saved_on>
  <plot_file>
    <value>pts_grp_3.csv</value>
  </plot_file>
  <ref_class>
    <code>Forest stable</code>
  </ref_class>
  <confidence>
    <code>lo</code>
  </confidence>
  <comments />
</plot>