<?xml version='1.0' standalone='yes' ?>
<plot step="1" created="2017-09-12T15:21:23.486+07:00" modified="2017-09-12T15:22:13.621+07:00">
  <id>
    <value>654</value>
  </id>
  <location>
    <x>106.441575436476</x>
    <y>13.6111388725805</y>
    <srs>EPSG:4326</srs>
  </location>
  <operator>
    <value>khidorang</value>
  </operator>
  <elevation>
    <value>108</value>
  </elevation>
  <slope>
    <value>0.00339420519898794</value>
  </slope>
  <aspect>
    <value>0.0408578226171648</value>
  </aspect>
  <region>
    <value>St&#339;ng Tr&#234;ng</value>
  </region>
  <country>
    <value>Cambodia</value>
  </country>
  <geometry>
    <value>points</value>
  </geometry>
  <area>
    <value>1.0</value>
  </area>
  <map_class>
    <code>Forest stable</code>
  </map_class>
  <actively_saved>
    <value>true</value>
  </actively_saved>
  <actively_saved_on>
    <year>2017</year>
    <month>9</month>
    <day>12</day>
  </actively_saved_on>
  <plot_file>
    <value>pts_grp_3.csv</value>
  </plot_file>
  <ref_class>
    <code>Deforestation crops</code>
  </ref_class>
  <confidence>
    <code>lo</code>
  </confidence>
  <comments />
</plot>