<?xml version='1.0' standalone='yes' ?>
<plot step="1" created="2017-09-12T16:03:51.100+07:00" modified="2017-09-12T16:04:04.495+07:00">
  <id>
    <value>272</value>
  </id>
  <location>
    <x>104.929912526838</x>
    <y>14.0868220861111</y>
    <srs>EPSG:4326</srs>
  </location>
  <operator>
    <value>khidorang</value>
  </operator>
  <elevation>
    <value>69</value>
  </elevation>
  <slope>
    <value>0.00403688226270559</value>
  </slope>
  <aspect>
    <value>1.94942010900181</value>
  </aspect>
  <region>
    <value>Preah Vih&#233;ar</value>
  </region>
  <country>
    <value>Cambodia</value>
  </country>
  <geometry>
    <value>points</value>
  </geometry>
  <area>
    <value>1.0</value>
  </area>
  <map_class>
    <code>Forest stable</code>
  </map_class>
  <actively_saved>
    <value>true</value>
  </actively_saved>
  <actively_saved_on>
    <year>2017</year>
    <month>9</month>
    <day>12</day>
  </actively_saved_on>
  <plot_file>
    <value>pts_grp_3.csv</value>
  </plot_file>
  <ref_class>
    <code>Forest stable</code>
  </ref_class>
  <confidence>
    <code>hi</code>
  </confidence>
  <comments />
</plot>