<?xml version='1.0' standalone='yes' ?>
<plot step="1" created="2017-09-12T15:32:38.007+07:00" modified="2017-09-14T08:37:29.033+07:00">
  <id>
    <value>613</value>
  </id>
  <location>
    <x>103.46784955552</x>
    <y>11.2380960670973</y>
    <srs>EPSG:4326</srs>
  </location>
  <operator>
    <value>norin123</value>
  </operator>
  <elevation>
    <value>17</value>
  </elevation>
  <slope>
    <value>0.0204879721022263</value>
  </slope>
  <aspect>
    <value>2.75670719414017</value>
  </aspect>
  <region>
    <value>Ka&#244;h Kong</value>
  </region>
  <country>
    <value>Cambodia</value>
  </country>
  <geometry>
    <value>points</value>
  </geometry>
  <area>
    <value>1.0</value>
  </area>
  <map_class>
    <code>Enhancement</code>
  </map_class>
  <actively_saved>
    <value>true</value>
  </actively_saved>
  <actively_saved_on>
    <year>2017</year>
    <month>9</month>
    <day>14</day>
  </actively_saved_on>
  <plot_file>
    <value>pts_grp_1.csv</value>
  </plot_file>
  <ref_class>
    <code>Forest stable</code>
  </ref_class>
  <confidence>
    <code>hi</code>
  </confidence>
  <comments />
</plot>