<?xml version='1.0' standalone='yes' ?>
<plot step="1" created="2017-09-12T16:47:09.283+07:00" modified="2017-09-14T08:38:33.113+07:00">
  <id>
    <value>856</value>
  </id>
  <location>
    <x>103.499334684934</x>
    <y>11.24254973311</y>
    <srs>EPSG:4326</srs>
  </location>
  <operator>
    <value>norin123</value>
  </operator>
  <elevation>
    <value>67</value>
  </elevation>
  <slope>
    <value>0.0298317533639868</value>
  </slope>
  <aspect>
    <value>3.65141304716189</value>
  </aspect>
  <region>
    <value>Ka&#244;h Kong</value>
  </region>
  <country>
    <value>Cambodia</value>
  </country>
  <geometry>
    <value>points</value>
  </geometry>
  <area>
    <value>1.0</value>
  </area>
  <map_class>
    <code>Enhancement</code>
  </map_class>
  <actively_saved>
    <value>true</value>
  </actively_saved>
  <actively_saved_on>
    <year>2017</year>
    <month>9</month>
    <day>14</day>
  </actively_saved_on>
  <plot_file>
    <value>pts_grp_3.csv</value>
  </plot_file>
  <ref_class>
    <code>Deforestation crops</code>
  </ref_class>
  <confidence>
    <code>hi</code>
  </confidence>
  <comments />
</plot>