<?xml version='1.0' standalone='yes' ?>
<plot step="1" created="2017-09-13T11:14:34.724+07:00" modified="2017-09-13T11:16:12.779+07:00">
  <id>
    <value>832</value>
  </id>
  <location>
    <x>106.352476072374</x>
    <y>12.3666916134137</y>
    <srs>EPSG:4326</srs>
  </location>
  <operator>
    <value>khidorang</value>
  </operator>
  <elevation>
    <value>57</value>
  </elevation>
  <slope>
    <value>0.00598187763616438</value>
  </slope>
  <aspect>
    <value>3.67369263042516</value>
  </aspect>
  <region>
    <value>Kr&#226;ch&#233;h</value>
  </region>
  <country>
    <value>Cambodia</value>
  </country>
  <geometry>
    <value>points</value>
  </geometry>
  <area>
    <value>1.0</value>
  </area>
  <map_class>
    <code>Non Forest stable</code>
  </map_class>
  <actively_saved>
    <value>true</value>
  </actively_saved>
  <actively_saved_on>
    <year>2017</year>
    <month>9</month>
    <day>13</day>
  </actively_saved_on>
  <plot_file>
    <value>pts_grp_3.csv</value>
  </plot_file>
  <ref_class>
    <code>Deforestation crops</code>
  </ref_class>
  <confidence>
    <code>hi</code>
  </confidence>
  <comments />
</plot>