<?xml version='1.0' standalone='yes' ?>
<plot step="1" created="2017-09-13T11:45:02.970+07:00" modified="2017-09-13T11:45:09.737+07:00">
  <id>
    <value>384</value>
  </id>
  <location>
    <x>103.761582228778</x>
    <y>10.7031153656602</y>
    <srs>EPSG:4326</srs>
  </location>
  <operator>
    <value>khidorang</value>
  </operator>
  <elevation>
    <value>130</value>
  </elevation>
  <slope>
    <value>0.0431207866317909</value>
  </slope>
  <aspect>
    <value>4.37595936819691</value>
  </aspect>
  <region>
    <value>Krong Preah Sihanouk</value>
  </region>
  <country>
    <value>Cambodia</value>
  </country>
  <geometry>
    <value>points</value>
  </geometry>
  <area>
    <value>1.0</value>
  </area>
  <map_class>
    <code>Forest stable</code>
  </map_class>
  <actively_saved>
    <value>true</value>
  </actively_saved>
  <actively_saved_on>
    <year>2017</year>
    <month>9</month>
    <day>13</day>
  </actively_saved_on>
  <plot_file>
    <value>pts_grp_3.csv</value>
  </plot_file>
  <ref_class>
    <code>Forest stable</code>
  </ref_class>
  <confidence>
    <code>hi</code>
  </confidence>
  <comments />
</plot>