<?xml version='1.0' standalone='yes' ?>
<plot step="1" created="2017-09-13T12:01:43.577+07:00" modified="2017-09-13T16:53:27.576+07:00">
  <id>
    <value>323</value>
  </id>
  <location>
    <x>104.14754165786</x>
    <y>11.5138528183832</y>
    <srs>EPSG:4326</srs>
  </location>
  <operator>
    <value>norin123</value>
  </operator>
  <elevation>
    <value>125</value>
  </elevation>
  <slope>
    <value>0.00910690110280594</value>
  </slope>
  <aspect>
    <value>3.44837312789715</value>
  </aspect>
  <region>
    <value>K&#226;mp&#243;ng Sp&#339;</value>
  </region>
  <country>
    <value>Cambodia</value>
  </country>
  <geometry>
    <value>points</value>
  </geometry>
  <area>
    <value>1.0</value>
  </area>
  <map_class>
    <code>Degradation</code>
  </map_class>
  <actively_saved>
    <value>true</value>
  </actively_saved>
  <actively_saved_on>
    <year>2017</year>
    <month>9</month>
    <day>13</day>
  </actively_saved_on>
  <plot_file>
    <value>pts_grp_3.csv</value>
  </plot_file>
  <ref_class>
    <code>Non Forest stable</code>
  </ref_class>
  <confidence>
    <code>hi</code>
  </confidence>
  <comments />
</plot>