<?xml version='1.0' standalone='yes' ?>
<plot step="1" created="2017-09-13T12:02:29.575+07:00" modified="2017-09-13T12:02:33.191+07:00">
  <id>
    <value>389</value>
  </id>
  <location>
    <x>102.862778261219</x>
    <y>13.4207105160455</y>
    <srs>EPSG:4326</srs>
  </location>
  <operator>
    <value>khidorang</value>
  </operator>
  <elevation>
    <value>16</value>
  </elevation>
  <slope>
    <value>1.9388926752732E-4</value>
  </slope>
  <aspect>
    <value>0.79588308027057</value>
  </aspect>
  <region>
    <value>B&#226;nt&#233;ay M&#233;anchey</value>
  </region>
  <country>
    <value>Cambodia</value>
  </country>
  <geometry>
    <value>points</value>
  </geometry>
  <area>
    <value>1.0</value>
  </area>
  <map_class>
    <code>Non Forest stable</code>
  </map_class>
  <actively_saved>
    <value>true</value>
  </actively_saved>
  <actively_saved_on>
    <year>2017</year>
    <month>9</month>
    <day>13</day>
  </actively_saved_on>
  <plot_file>
    <value>pts_grp_3.csv</value>
  </plot_file>
  <ref_class>
    <code>Non Forest stable</code>
  </ref_class>
  <confidence>
    <code>hi</code>
  </confidence>
  <comments />
</plot>