<?xml version='1.0' standalone='yes' ?>
<plot step="1" created="2017-09-12T14:59:26.658+07:00" modified="2017-09-12T15:45:21.397+07:00">
  <id>
    <value>787</value>
  </id>
  <location>
    <x>105.684362931535</x>
    <y>11.330294246081</y>
    <srs>EPSG:4326</srs>
  </location>
  <operator>
    <value>sereyoudom</value>
  </operator>
  <elevation>
    <value>7</value>
  </elevation>
  <slope>
    <value>4.29542968814344E-4</value>
  </slope>
  <aspect>
    <value>0.325658942272422</value>
  </aspect>
  <region>
    <value>Svay Rieng</value>
  </region>
  <country>
    <value>Cambodia</value>
  </country>
  <geometry>
    <value>points</value>
  </geometry>
  <area>
    <value>1.0</value>
  </area>
  <map_class>
    <code>Non Forest stable</code>
  </map_class>
  <actively_saved>
    <value>true</value>
  </actively_saved>
  <actively_saved_on>
    <year>2017</year>
    <month>9</month>
    <day>12</day>
  </actively_saved_on>
  <plot_file>
    <value>pts_grp_6.csv</value>
  </plot_file>
  <ref_class>
    <code>Non Forest stable</code>
  </ref_class>
  <confidence>
    <code>hi</code>
  </confidence>
  <comments />
</plot>