<?xml version='1.0' standalone='yes' ?>
<plot step="1" created="2017-09-12T15:03:43.266+07:00" modified="2017-09-12T15:49:27.163+07:00">
  <id>
    <value>253</value>
  </id>
  <location>
    <x>105.438137631123</x>
    <y>13.9810874477572</y>
    <srs>EPSG:4326</srs>
  </location>
  <operator>
    <value>sereyoudom</value>
  </operator>
  <elevation>
    <value>115</value>
  </elevation>
  <slope>
    <value>0.00217048333637999</value>
  </slope>
  <aspect>
    <value>1.55431223447522E-15</value>
  </aspect>
  <region>
    <value>Preah Vih&#233;ar</value>
  </region>
  <country>
    <value>Cambodia</value>
  </country>
  <geometry>
    <value>points</value>
  </geometry>
  <area>
    <value>1.0</value>
  </area>
  <map_class>
    <code>Forest stable</code>
  </map_class>
  <actively_saved>
    <value>true</value>
  </actively_saved>
  <actively_saved_on>
    <year>2017</year>
    <month>9</month>
    <day>12</day>
  </actively_saved_on>
  <plot_file>
    <value>pts_grp_6.csv</value>
  </plot_file>
  <ref_class>
    <code>Degradation</code>
  </ref_class>
  <confidence>
    <code>hi</code>
  </confidence>
  <comments />
</plot>