<?xml version='1.0' standalone='yes' ?>
<plot step="1" created="2017-09-12T15:07:30.369+07:00" modified="2017-09-13T10:28:36.039+07:00">
  <id>
    <value>214</value>
  </id>
  <location>
    <x>104.374532204732</x>
    <y>12.3795392232332</y>
    <srs>EPSG:4326</srs>
  </location>
  <operator>
    <value>sereyoudom</value>
  </operator>
  <elevation>
    <value>39</value>
  </elevation>
  <slope>
    <value>0.00817561797358906</value>
  </slope>
  <aspect>
    <value>2.25300363342601</value>
  </aspect>
  <region>
    <value>K&#226;mp&#243;ng Chhnang</value>
  </region>
  <country>
    <value>Cambodia</value>
  </country>
  <geometry>
    <value>points</value>
  </geometry>
  <area>
    <value>1.0</value>
  </area>
  <map_class>
    <code>Non Forest stable</code>
  </map_class>
  <actively_saved>
    <value>true</value>
  </actively_saved>
  <actively_saved_on>
    <year>2017</year>
    <month>9</month>
    <day>13</day>
  </actively_saved_on>
  <plot_file>
    <value>pts_grp_6.csv</value>
  </plot_file>
  <ref_class>
    <code>Degradation</code>
  </ref_class>
  <confidence>
    <code>lo</code>
  </confidence>
  <comments />
</plot>