<?xml version='1.0' standalone='yes' ?>
<plot step="1" created="2017-09-12T15:36:11.392+07:00" modified="2017-09-14T08:49:29.543+07:00">
  <id>
    <value>234</value>
  </id>
  <location>
    <x>106.390959006707</x>
    <y>13.0872827343793</y>
    <srs>EPSG:4326</srs>
  </location>
  <operator>
    <value>norin123</value>
  </operator>
  <elevation>
    <value>82</value>
  </elevation>
  <slope>
    <value>0.00363785093080841</value>
  </slope>
  <aspect>
    <value>4.20629140372754</value>
  </aspect>
  <region>
    <value>M&#244;nd&#243;l Kiri</value>
  </region>
  <country>
    <value>Cambodia</value>
  </country>
  <geometry>
    <value>points</value>
  </geometry>
  <area>
    <value>1.0</value>
  </area>
  <map_class>
    <code>Enhancement</code>
  </map_class>
  <actively_saved>
    <value>true</value>
  </actively_saved>
  <actively_saved_on>
    <year>2017</year>
    <month>9</month>
    <day>14</day>
  </actively_saved_on>
  <plot_file>
    <value>pts_grp_6.csv</value>
  </plot_file>
  <ref_class>
    <code>Forest stable</code>
  </ref_class>
  <confidence>
    <code>hi</code>
  </confidence>
  <comments />
</plot>