<?xml version='1.0' standalone='yes' ?>
<plot step="1" created="2017-09-12T16:44:21.639+07:00" modified="2017-09-13T10:29:01.021+07:00">
  <id>
    <value>555</value>
  </id>
  <location>
    <x>106.692594632924</x>
    <y>13.5769224870405</y>
    <srs>EPSG:4326</srs>
  </location>
  <operator>
    <value>sereyoudom</value>
  </operator>
  <elevation>
    <value>116</value>
  </elevation>
  <slope>
    <value>0.00228336398167645</value>
  </slope>
  <aspect>
    <value>4.95232546529097</value>
  </aspect>
  <region>
    <value>R&#244;t&#226;n&#244;kiri</value>
  </region>
  <country>
    <value>Cambodia</value>
  </country>
  <geometry>
    <value>points</value>
  </geometry>
  <area>
    <value>1.0</value>
  </area>
  <map_class>
    <code>Non Forest stable</code>
  </map_class>
  <actively_saved>
    <value>true</value>
  </actively_saved>
  <actively_saved_on>
    <year>2017</year>
    <month>9</month>
    <day>13</day>
  </actively_saved_on>
  <plot_file>
    <value>pts_grp_6.csv</value>
  </plot_file>
  <ref_class>
    <code>Deforestation other</code>
  </ref_class>
  <confidence>
    <code>lo</code>
  </confidence>
  <comments />
</plot>