<?xml version='1.0' standalone='yes' ?>
<plot step="1" created="2017-09-13T10:48:56.471+07:00" modified="2017-09-13T10:49:00.752+07:00">
  <id>
    <value>309</value>
  </id>
  <location>
    <x>104.327089185255</x>
    <y>12.289033983139</y>
    <srs>EPSG:4326</srs>
  </location>
  <operator>
    <value>sereyoudom</value>
  </operator>
  <elevation>
    <value>48</value>
  </elevation>
  <slope>
    <value>0.00232285343944673</value>
  </slope>
  <aspect>
    <value>0.364214948559618</value>
  </aspect>
  <region>
    <value>K&#226;mp&#243;ng Chhnang</value>
  </region>
  <country>
    <value>Cambodia</value>
  </country>
  <geometry>
    <value>points</value>
  </geometry>
  <area>
    <value>1.0</value>
  </area>
  <map_class>
    <code>Non Forest stable</code>
  </map_class>
  <actively_saved>
    <value>true</value>
  </actively_saved>
  <actively_saved_on>
    <year>2017</year>
    <month>9</month>
    <day>13</day>
  </actively_saved_on>
  <plot_file>
    <value>pts_grp_6.csv</value>
  </plot_file>
  <ref_class>
    <code>Non Forest stable</code>
  </ref_class>
  <confidence>
    <code>hi</code>
  </confidence>
  <comments />
</plot>