<?xml version='1.0' standalone='yes' ?>
<plot step="1" created="2017-09-13T11:01:07.245+07:00" modified="2017-09-13T16:56:21.512+07:00">
  <id>
    <value>21</value>
  </id>
  <location>
    <x>104.100509071142</x>
    <y>11.5883323100035</y>
    <srs>EPSG:4326</srs>
  </location>
  <operator>
    <value>norin123</value>
  </operator>
  <elevation>
    <value>143</value>
  </elevation>
  <slope>
    <value>0.0231565450075309</value>
  </slope>
  <aspect>
    <value>0.179125580736745</value>
  </aspect>
  <region>
    <value>K&#226;mp&#243;ng Sp&#339;</value>
  </region>
  <country>
    <value>Cambodia</value>
  </country>
  <geometry>
    <value>points</value>
  </geometry>
  <area>
    <value>1.0</value>
  </area>
  <map_class>
    <code>Degradation</code>
  </map_class>
  <actively_saved>
    <value>true</value>
  </actively_saved>
  <actively_saved_on>
    <year>2017</year>
    <month>9</month>
    <day>13</day>
  </actively_saved_on>
  <plot_file>
    <value>pts_grp_6.csv</value>
  </plot_file>
  <ref_class>
    <code>Non Forest stable</code>
  </ref_class>
  <confidence>
    <code>hi</code>
  </confidence>
  <comments />
</plot>