<?xml version='1.0' standalone='yes' ?>
<plot step="1" created="2017-09-13T11:07:05.174+07:00" modified="2017-09-13T11:09:30.442+07:00">
  <id>
    <value>50</value>
  </id>
  <location>
    <x>104.661877520945</x>
    <y>13.2819626516471</y>
    <srs>EPSG:4326</srs>
  </location>
  <operator>
    <value>sereyoudom</value>
  </operator>
  <elevation>
    <value>97</value>
  </elevation>
  <slope>
    <value>0.00176894491265885</value>
  </slope>
  <aspect>
    <value>3.06324613507951</value>
  </aspect>
  <region>
    <value>Preah Vih&#233;ar</value>
  </region>
  <country>
    <value>Cambodia</value>
  </country>
  <geometry>
    <value>points</value>
  </geometry>
  <area>
    <value>1.0</value>
  </area>
  <map_class>
    <code>Forest stable</code>
  </map_class>
  <actively_saved>
    <value>true</value>
  </actively_saved>
  <actively_saved_on>
    <year>2017</year>
    <month>9</month>
    <day>13</day>
  </actively_saved_on>
  <plot_file>
    <value>pts_grp_6.csv</value>
  </plot_file>
  <ref_class>
    <code>Forest stable</code>
  </ref_class>
  <confidence>
    <code>hi</code>
  </confidence>
  <comments />
</plot>