<?xml version='1.0' standalone='yes' ?>
<plot step="1" created="2017-09-13T11:25:11.157+07:00" modified="2017-09-13T11:27:10.977+07:00">
  <id>
    <value>327</value>
  </id>
  <location>
    <x>104.68004819741</x>
    <y>12.9612360449339</y>
    <srs>EPSG:4326</srs>
  </location>
  <operator>
    <value>sereyoudom</value>
  </operator>
  <elevation>
    <value>19</value>
  </elevation>
  <slope>
    <value>1.93703940767375E-4</value>
  </slope>
  <aspect>
    <value>0.794945752766957</value>
  </aspect>
  <region>
    <value>K&#226;mp&#243;ng Thum</value>
  </region>
  <country>
    <value>Cambodia</value>
  </country>
  <geometry>
    <value>points</value>
  </geometry>
  <area>
    <value>1.0</value>
  </area>
  <map_class>
    <code>Non Forest stable</code>
  </map_class>
  <actively_saved>
    <value>true</value>
  </actively_saved>
  <actively_saved_on>
    <year>2017</year>
    <month>9</month>
    <day>13</day>
  </actively_saved_on>
  <plot_file>
    <value>pts_grp_6.csv</value>
  </plot_file>
  <ref_class>
    <code>Non Forest stable</code>
  </ref_class>
  <confidence>
    <code>hi</code>
  </confidence>
  <comments />
</plot>