<?xml version='1.0' standalone='yes' ?>
<plot step="1" created="2017-09-12T14:42:47.713+07:00" modified="2017-09-12T14:44:25.053+07:00">
  <id>
    <value>75</value>
  </id>
  <location>
    <x>102.72324988443</x>
    <y>12.8280688775049</y>
    <srs>EPSG:4326</srs>
  </location>
  <operator>
    <value>sophyra</value>
  </operator>
  <elevation>
    <value>134</value>
  </elevation>
  <slope>
    <value>0.00662036357509259</value>
  </slope>
  <aspect>
    <value>0.882528553799261</value>
  </aspect>
  <region>
    <value>Krong Pailin</value>
  </region>
  <country>
    <value>Cambodia</value>
  </country>
  <geometry>
    <value>points</value>
  </geometry>
  <area>
    <value>1.0</value>
  </area>
  <map_class>
    <code>Non Forest stable</code>
  </map_class>
  <actively_saved>
    <value>true</value>
  </actively_saved>
  <actively_saved_on>
    <year>2017</year>
    <month>9</month>
    <day>12</day>
  </actively_saved_on>
  <plot_file>
    <value>pts_grp_1.csv</value>
  </plot_file>
  <ref_class>
    <code>Non Forest stable</code>
  </ref_class>
  <confidence>
    <code>hi</code>
  </confidence>
  <comments />
</plot>