<?xml version='1.0' standalone='yes' ?>
<plot step="1" created="2017-09-12T16:05:13.333+07:00" modified="2017-09-13T16:51:31.583+07:00">
  <id>
    <value>608</value>
  </id>
  <location>
    <x>104.136627932366</x>
    <y>11.4947517702095</y>
    <srs>EPSG:4326</srs>
  </location>
  <operator>
    <value>norin123</value>
  </operator>
  <elevation>
    <value>123</value>
  </elevation>
  <slope>
    <value>0.0108633753271461</value>
  </slope>
  <aspect>
    <value>1.58328357007504</value>
  </aspect>
  <region>
    <value>K&#226;mp&#243;ng Sp&#339;</value>
  </region>
  <country>
    <value>Cambodia</value>
  </country>
  <geometry>
    <value>points</value>
  </geometry>
  <area>
    <value>1.0</value>
  </area>
  <map_class>
    <code>Degradation</code>
  </map_class>
  <actively_saved>
    <value>true</value>
  </actively_saved>
  <actively_saved_on>
    <year>2017</year>
    <month>9</month>
    <day>13</day>
  </actively_saved_on>
  <plot_file>
    <value>pts_grp_1.csv</value>
  </plot_file>
  <ref_class>
    <code>Non Forest stable</code>
  </ref_class>
  <confidence>
    <code>lo</code>
  </confidence>
  <comments />
</plot>