<?xml version='1.0' standalone='yes' ?>
<plot step="1" created="2017-09-12T16:17:41.678+07:00" modified="2017-09-12T16:17:45.766+07:00">
  <id>
    <value>744</value>
  </id>
  <location>
    <x>104.6109750144</x>
    <y>10.5491075710731</y>
    <srs>EPSG:4326</srs>
  </location>
  <operator>
    <value>sophyra</value>
  </operator>
  <elevation>
    <value>3</value>
  </elevation>
  <slope>
    <value>1.92843213096768E-4</value>
  </slope>
  <aspect>
    <value>5.49262794512562</value>
  </aspect>
  <region>
    <value>K&#226;mp&#244;t</value>
  </region>
  <country>
    <value>Cambodia</value>
  </country>
  <geometry>
    <value>points</value>
  </geometry>
  <area>
    <value>1.0</value>
  </area>
  <map_class>
    <code>Non Forest stable</code>
  </map_class>
  <actively_saved>
    <value>true</value>
  </actively_saved>
  <actively_saved_on>
    <year>2017</year>
    <month>9</month>
    <day>12</day>
  </actively_saved_on>
  <plot_file>
    <value>pts_grp_1.csv</value>
  </plot_file>
  <ref_class>
    <code>Non Forest stable</code>
  </ref_class>
  <confidence>
    <code>hi</code>
  </confidence>
  <comments />
</plot>