<?xml version='1.0' standalone='yes' ?>
<plot step="1" created="2017-09-14T04:45:47.329+07:00" modified="2017-09-14T04:45:54.690+07:00">
  <id>
    <value>412</value>
  </id>
  <location>
    <x>107.167998056672</x>
    <y>13.1351146947028</y>
    <srs>EPSG:4326</srs>
  </location>
  <operator>
    <value>sophyra</value>
  </operator>
  <elevation>
    <value>146</value>
  </elevation>
  <slope>
    <value>0.00511249699145547</value>
  </slope>
  <aspect>
    <value>2.1941295284557</value>
  </aspect>
  <region>
    <value>M&#244;nd&#243;l Kiri</value>
  </region>
  <country>
    <value>Cambodia</value>
  </country>
  <geometry>
    <value>points</value>
  </geometry>
  <area>
    <value>1.0</value>
  </area>
  <map_class>
    <code>Forest stable</code>
  </map_class>
  <actively_saved>
    <value>true</value>
  </actively_saved>
  <actively_saved_on>
    <year>2017</year>
    <month>9</month>
    <day>14</day>
  </actively_saved_on>
  <plot_file>
    <value>pts_grp_1.csv</value>
  </plot_file>
  <ref_class>
    <code>Forest stable</code>
  </ref_class>
  <confidence>
    <code>hi</code>
  </confidence>
  <comments />
</plot>