<?xml version='1.0' standalone='yes' ?>
<plot step="1" created="2017-09-14T04:49:31.795+07:00" modified="2017-09-14T04:49:38.817+07:00">
  <id>
    <value>225</value>
  </id>
  <location>
    <x>105.725180246658</x>
    <y>12.5344871567304</y>
    <srs>EPSG:4326</srs>
  </location>
  <operator>
    <value>sophyra</value>
  </operator>
  <elevation>
    <value>95</value>
  </elevation>
  <slope>
    <value>0.0102111907855227</value>
  </slope>
  <aspect>
    <value>1.10215616877682</value>
  </aspect>
  <region>
    <value>K&#226;mp&#243;ng Thum</value>
  </region>
  <country>
    <value>Cambodia</value>
  </country>
  <geometry>
    <value>points</value>
  </geometry>
  <area>
    <value>1.0</value>
  </area>
  <map_class>
    <code>Management</code>
  </map_class>
  <actively_saved>
    <value>true</value>
  </actively_saved>
  <actively_saved_on>
    <year>2017</year>
    <month>9</month>
    <day>14</day>
  </actively_saved_on>
  <plot_file>
    <value>pts_grp_1.csv</value>
  </plot_file>
  <ref_class>
    <code>Forest stable</code>
  </ref_class>
  <confidence>
    <code>lo</code>
  </confidence>
  <comments />
</plot>