<?xml version='1.0' standalone='yes' ?>
<plot step="1" created="2017-09-14T05:01:32.792+07:00" modified="2017-09-14T08:41:54.264+07:00">
  <id>
    <value>771</value>
  </id>
  <location>
    <x>103.091796795154</x>
    <y>12.694530135143</y>
    <srs>EPSG:4326</srs>
  </location>
  <operator>
    <value>norin123</value>
  </operator>
  <elevation>
    <value>67</value>
  </elevation>
  <slope>
    <value>0.0045396668458686</value>
  </slope>
  <aspect>
    <value>5.70361310627574</value>
  </aspect>
  <region>
    <value>Batd&#226;mb&#226;ng</value>
  </region>
  <country>
    <value>Cambodia</value>
  </country>
  <geometry>
    <value>points</value>
  </geometry>
  <area>
    <value>1.0</value>
  </area>
  <map_class>
    <code>Enhancement</code>
  </map_class>
  <actively_saved>
    <value>true</value>
  </actively_saved>
  <actively_saved_on>
    <year>2017</year>
    <month>9</month>
    <day>14</day>
  </actively_saved_on>
  <plot_file>
    <value>pts_grp_1.csv</value>
  </plot_file>
  <ref_class>
    <code>Non Forest stable</code>
  </ref_class>
  <confidence>
    <code>hi</code>
  </confidence>
  <comments />
</plot>