<?xml version='1.0' standalone='yes' ?>
<plot step="1" created="2017-09-12T15:38:21.934+07:00" modified="2017-09-12T15:38:32.505+07:00">
  <id>
    <value>269</value>
  </id>
  <location>
    <x>105.288352109988</x>
    <y>13.1857280341522</y>
    <srs>EPSG:4326</srs>
  </location>
  <operator>
    <value>sophyra</value>
  </operator>
  <elevation>
    <value>56</value>
  </elevation>
  <slope>
    <value>0.0196472450986304</value>
  </slope>
  <aspect>
    <value>4.8300223640791</value>
  </aspect>
  <region>
    <value>K&#226;mp&#243;ng Thum</value>
  </region>
  <country>
    <value>Cambodia</value>
  </country>
  <geometry>
    <value>points</value>
  </geometry>
  <area>
    <value>1.0</value>
  </area>
  <map_class>
    <code>Deforestation rubber</code>
  </map_class>
  <actively_saved>
    <value>true</value>
  </actively_saved>
  <actively_saved_on>
    <year>2017</year>
    <month>9</month>
    <day>12</day>
  </actively_saved_on>
  <plot_file>
    <value>pts_grp_1.csv</value>
  </plot_file>
  <ref_class>
    <code>Deforestation rubber</code>
  </ref_class>
  <confidence>
    <code>hi</code>
  </confidence>
  <comments />
</plot>