<?xml version='1.0' standalone='yes' ?>
<plot step="1" created="2017-09-12T15:54:42.735+07:00" modified="2017-09-12T15:54:47.597+07:00">
  <id>
    <value>134</value>
  </id>
  <location>
    <x>103.618391673565</x>
    <y>13.4933655694474</y>
    <srs>EPSG:4326</srs>
  </location>
  <operator>
    <value>sophyra</value>
  </operator>
  <elevation>
    <value>14</value>
  </elevation>
  <slope>
    <value>0.0011754926912115</value>
  </slope>
  <aspect>
    <value>2.51124197335802</value>
  </aspect>
  <region>
    <value>Siemr&#233;ab</value>
  </region>
  <country>
    <value>Cambodia</value>
  </country>
  <geometry>
    <value>points</value>
  </geometry>
  <area>
    <value>1.0</value>
  </area>
  <map_class>
    <code>Non Forest stable</code>
  </map_class>
  <actively_saved>
    <value>true</value>
  </actively_saved>
  <actively_saved_on>
    <year>2017</year>
    <month>9</month>
    <day>12</day>
  </actively_saved_on>
  <plot_file>
    <value>pts_grp_1.csv</value>
  </plot_file>
  <ref_class>
    <code>Non Forest stable</code>
  </ref_class>
  <confidence>
    <code>hi</code>
  </confidence>
  <comments />
</plot>