<?xml version='1.0' standalone='yes' ?>
<plot step="1" created="2017-09-12T15:55:01.522+07:00" modified="2017-09-12T15:55:06.121+07:00">
  <id>
    <value>474</value>
  </id>
  <location>
    <x>104.687921980061</x>
    <y>11.6853483601584</y>
    <srs>EPSG:4326</srs>
  </location>
  <operator>
    <value>sophyra</value>
  </operator>
  <elevation>
    <value>26</value>
  </elevation>
  <slope>
    <value>0.00156735687090579</value>
  </slope>
  <aspect>
    <value>1.30813543563375</value>
  </aspect>
  <region>
    <value>K&#226;mp&#243;ng Sp&#339;</value>
  </region>
  <country>
    <value>Cambodia</value>
  </country>
  <geometry>
    <value>points</value>
  </geometry>
  <area>
    <value>1.0</value>
  </area>
  <map_class>
    <code>Non Forest stable</code>
  </map_class>
  <actively_saved>
    <value>true</value>
  </actively_saved>
  <actively_saved_on>
    <year>2017</year>
    <month>9</month>
    <day>12</day>
  </actively_saved_on>
  <plot_file>
    <value>pts_grp_1.csv</value>
  </plot_file>
  <ref_class>
    <code>Non Forest stable</code>
  </ref_class>
  <confidence>
    <code>hi</code>
  </confidence>
  <comments />
</plot>