<?xml version='1.0' standalone='yes' ?>
<plot step="1" created="2017-09-12T14:54:21.533+07:00" modified="2017-09-12T14:54:28.839+07:00">
  <id>
    <value>465</value>
  </id>
  <location>
    <x>104.191554407674</x>
    <y>11.5327689518229</y>
    <srs>EPSG:4326</srs>
  </location>
  <operator>
    <value>sophyra</value>
  </operator>
  <elevation>
    <value>91</value>
  </elevation>
  <slope>
    <value>0.0146015436776865</value>
  </slope>
  <aspect>
    <value>1.12925670552955</value>
  </aspect>
  <region>
    <value>K&#226;mp&#243;ng Sp&#339;</value>
  </region>
  <country>
    <value>Cambodia</value>
  </country>
  <geometry>
    <value>points</value>
  </geometry>
  <area>
    <value>1.0</value>
  </area>
  <map_class>
    <code>Degradation</code>
  </map_class>
  <actively_saved>
    <value>true</value>
  </actively_saved>
  <actively_saved_on>
    <year>2017</year>
    <month>9</month>
    <day>12</day>
  </actively_saved_on>
  <plot_file>
    <value>pts_grp_1.csv</value>
  </plot_file>
  <ref_class>
    <code>Non Forest stable</code>
  </ref_class>
  <confidence>
    <code>hi</code>
  </confidence>
  <comments />
</plot>