<?xml version='1.0' standalone='yes' ?>
<plot step="1" created="2017-09-13T16:47:33.359+07:00" modified="2017-09-13T16:47:37.109+07:00">
  <id>
    <value>864</value>
  </id>
  <location>
    <x>105.68715230324</x>
    <y>12.8588826894395</y>
    <srs>EPSG:4326</srs>
  </location>
  <operator>
    <value>chealy</value>
  </operator>
  <elevation>
    <value>125</value>
  </elevation>
  <slope>
    <value>0.00631891476377784</value>
  </slope>
  <aspect>
    <value>5.70461770128177</value>
  </aspect>
  <region>
    <value>K&#226;mp&#243;ng Thum</value>
  </region>
  <country>
    <value>Cambodia</value>
  </country>
  <geometry>
    <value>points</value>
  </geometry>
  <area>
    <value>1.0</value>
  </area>
  <map_class>
    <code>Deforestation crops</code>
  </map_class>
  <actively_saved>
    <value>true</value>
  </actively_saved>
  <actively_saved_on>
    <year>2017</year>
    <month>9</month>
    <day>13</day>
  </actively_saved_on>
  <plot_file>
    <value>check_gp3_Dfo_20170913.csv</value>
  </plot_file>
  <ref_class>
    <code>Non Forest stable</code>
  </ref_class>
  <confidence>
    <code>hi</code>
  </confidence>
  <comments />
</plot>