<?xml version='1.0' standalone='yes' ?>
<plot step="1" created="2017-09-13T16:49:35.260+07:00" modified="2017-09-13T16:50:01.168+07:00">
  <id>
    <value>37</value>
  </id>
  <location>
    <x>103.562683233522</x>
    <y>13.7971853922024</y>
    <srs>EPSG:4326</srs>
  </location>
  <operator>
    <value>chealy</value>
  </operator>
  <elevation>
    <value>25</value>
  </elevation>
  <slope>
    <value>6.09462433502519E-4</value>
  </slope>
  <aspect>
    <value>2.66886190143132</value>
  </aspect>
  <region>
    <value>Siemr&#233;ab</value>
  </region>
  <country>
    <value>Cambodia</value>
  </country>
  <geometry>
    <value>points</value>
  </geometry>
  <area>
    <value>1.0</value>
  </area>
  <map_class>
    <code>Deforestation crops</code>
  </map_class>
  <actively_saved>
    <value>true</value>
  </actively_saved>
  <actively_saved_on>
    <year>2017</year>
    <month>9</month>
    <day>13</day>
  </actively_saved_on>
  <plot_file>
    <value>check_gp3_Dfo_20170913.csv</value>
  </plot_file>
  <ref_class>
    <code>Deforestation other</code>
  </ref_class>
  <confidence>
    <code>hi</code>
  </confidence>
  <comments />
</plot>