<?xml version='1.0' standalone='yes' ?>
<plot step="1" created="2017-09-13T16:51:07.695+07:00" modified="2017-09-13T16:51:12.057+07:00">
  <id>
    <value>707</value>
  </id>
  <location>
    <x>105.407291262087</x>
    <y>13.8139710841484</y>
    <srs>EPSG:4326</srs>
  </location>
  <operator>
    <value>chealy</value>
  </operator>
  <elevation>
    <value>109</value>
  </elevation>
  <slope>
    <value>0.00700106943838555</value>
  </slope>
  <aspect>
    <value>4.16184152996077</value>
  </aspect>
  <region>
    <value>Preah Vih&#233;ar</value>
  </region>
  <country>
    <value>Cambodia</value>
  </country>
  <geometry>
    <value>points</value>
  </geometry>
  <area>
    <value>1.0</value>
  </area>
  <map_class>
    <code>Deforestation crops</code>
  </map_class>
  <actively_saved>
    <value>true</value>
  </actively_saved>
  <actively_saved_on>
    <year>2017</year>
    <month>9</month>
    <day>13</day>
  </actively_saved_on>
  <plot_file>
    <value>check_gp3_Dfo_20170913.csv</value>
  </plot_file>
  <ref_class>
    <code>Non Forest stable</code>
  </ref_class>
  <confidence>
    <code>hi</code>
  </confidence>
  <comments />
</plot>