<?xml version='1.0' standalone='yes' ?>
<plot step="1" created="2017-09-13T16:51:34.292+07:00" modified="2017-09-13T16:51:39.115+07:00">
  <id>
    <value>131</value>
  </id>
  <location>
    <x>103.759849072627</x>
    <y>13.8716678639584</y>
    <srs>EPSG:4326</srs>
  </location>
  <operator>
    <value>chealy</value>
  </operator>
  <elevation>
    <value>62</value>
  </elevation>
  <slope>
    <value>0.0189101377262065</value>
  </slope>
  <aspect>
    <value>3.54907224804718</value>
  </aspect>
  <region>
    <value>Siemr&#233;ab</value>
  </region>
  <country>
    <value>Cambodia</value>
  </country>
  <geometry>
    <value>points</value>
  </geometry>
  <area>
    <value>1.0</value>
  </area>
  <map_class>
    <code>Deforestation crops</code>
  </map_class>
  <actively_saved>
    <value>true</value>
  </actively_saved>
  <actively_saved_on>
    <year>2017</year>
    <month>9</month>
    <day>13</day>
  </actively_saved_on>
  <plot_file>
    <value>check_gp3_Dfo_20170913.csv</value>
  </plot_file>
  <ref_class>
    <code>Non Forest stable</code>
  </ref_class>
  <confidence>
    <code>hi</code>
  </confidence>
  <comments />
</plot>