<?xml version='1.0' standalone='yes' ?>
<plot step="1" created="2017-09-13T16:52:45.863+07:00" modified="2017-09-13T16:52:49.713+07:00">
  <id>
    <value>727</value>
  </id>
  <location>
    <x>104.31541674322</x>
    <y>10.8576502655863</y>
    <srs>EPSG:4326</srs>
  </location>
  <operator>
    <value>chealy</value>
  </operator>
  <elevation>
    <value>50</value>
  </elevation>
  <slope>
    <value>0.0185206327067528</value>
  </slope>
  <aspect>
    <value>4.70506519585973</value>
  </aspect>
  <region>
    <value>K&#226;mp&#244;t</value>
  </region>
  <country>
    <value>Cambodia</value>
  </country>
  <geometry>
    <value>points</value>
  </geometry>
  <area>
    <value>1.0</value>
  </area>
  <map_class>
    <code>Deforestation other</code>
  </map_class>
  <actively_saved>
    <value>true</value>
  </actively_saved>
  <actively_saved_on>
    <year>2017</year>
    <month>9</month>
    <day>13</day>
  </actively_saved_on>
  <plot_file>
    <value>check_gp3_Dfo_20170913.csv</value>
  </plot_file>
  <ref_class>
    <code>Non Forest stable</code>
  </ref_class>
  <confidence>
    <code>hi</code>
  </confidence>
  <comments />
</plot>