<?xml version='1.0' standalone='yes' ?>
<plot step="1" created="2017-09-13T16:43:19.209+07:00" modified="2017-09-13T16:43:25.265+07:00">
  <id>
    <value>462</value>
  </id>
  <location>
    <x>104.257515425712</x>
    <y>11.3826835909869</y>
    <srs>EPSG:4326</srs>
  </location>
  <operator>
    <value>chealy</value>
  </operator>
  <elevation>
    <value>71</value>
  </elevation>
  <slope>
    <value>0.00326504384122275</value>
  </slope>
  <aspect>
    <value>0.299119796190281</value>
  </aspect>
  <region>
    <value>K&#226;mp&#243;ng Sp&#339;</value>
  </region>
  <country>
    <value>Cambodia</value>
  </country>
  <geometry>
    <value>points</value>
  </geometry>
  <area>
    <value>1.0</value>
  </area>
  <map_class>
    <code>Deforestation crops</code>
  </map_class>
  <actively_saved>
    <value>true</value>
  </actively_saved>
  <actively_saved_on>
    <year>2017</year>
    <month>9</month>
    <day>13</day>
  </actively_saved_on>
  <plot_file>
    <value>check_gp3_Dfo_20170913.csv</value>
  </plot_file>
  <ref_class>
    <code>Deforestation other</code>
  </ref_class>
  <confidence>
    <code>hi</code>
  </confidence>
  <comments />
</plot>