<?xml version='1.0' standalone='yes' ?>
<plot step="1" created="2017-09-13T16:55:42.750+07:00" modified="2017-09-13T16:55:46.932+07:00">
  <id>
    <value>636</value>
  </id>
  <location>
    <x>102.743351087465</x>
    <y>13.18244816055</y>
    <srs>EPSG:4326</srs>
  </location>
  <operator>
    <value>chealy</value>
  </operator>
  <elevation>
    <value>39</value>
  </elevation>
  <slope>
    <value>0.00175099636647509</value>
  </slope>
  <aspect>
    <value>0.684505277637239</value>
  </aspect>
  <region>
    <value>Batd&#226;mb&#226;ng</value>
  </region>
  <country>
    <value>Cambodia</value>
  </country>
  <geometry>
    <value>points</value>
  </geometry>
  <area>
    <value>1.0</value>
  </area>
  <map_class>
    <code>Deforestation other</code>
  </map_class>
  <actively_saved>
    <value>true</value>
  </actively_saved>
  <actively_saved_on>
    <year>2017</year>
    <month>9</month>
    <day>13</day>
  </actively_saved_on>
  <plot_file>
    <value>check_gp3_Dfo_20170913.csv</value>
  </plot_file>
  <ref_class>
    <code>Non Forest stable</code>
  </ref_class>
  <confidence>
    <code>hi</code>
  </confidence>
  <comments />
</plot>