<?xml version='1.0' standalone='yes' ?>
<plot step="1" created="2017-09-13T16:56:46.469+07:00" modified="2017-09-13T16:56:50.554+07:00">
  <id>
    <value>657</value>
  </id>
  <location>
    <x>104.445705845435</x>
    <y>13.3458382743728</y>
    <srs>EPSG:4326</srs>
  </location>
  <operator>
    <value>chealy</value>
  </operator>
  <elevation>
    <value>38</value>
  </elevation>
  <slope>
    <value>0.00148738212937368</value>
  </slope>
  <aspect>
    <value>5.08582450751524</value>
  </aspect>
  <region>
    <value>Siemr&#233;ab</value>
  </region>
  <country>
    <value>Cambodia</value>
  </country>
  <geometry>
    <value>points</value>
  </geometry>
  <area>
    <value>1.0</value>
  </area>
  <map_class>
    <code>Deforestation other</code>
  </map_class>
  <actively_saved>
    <value>true</value>
  </actively_saved>
  <actively_saved_on>
    <year>2017</year>
    <month>9</month>
    <day>13</day>
  </actively_saved_on>
  <plot_file>
    <value>check_gp3_Dfo_20170913.csv</value>
  </plot_file>
  <ref_class>
    <code>Non Forest stable</code>
  </ref_class>
  <confidence>
    <code>hi</code>
  </confidence>
  <comments />
</plot>