<?xml version='1.0' standalone='yes' ?>
<plot step="1" created="2017-09-13T16:59:17.866+07:00" modified="2017-09-13T16:59:36.771+07:00">
  <id>
    <value>254</value>
  </id>
  <location>
    <x>106.660239949401</x>
    <y>13.4676280735915</y>
    <srs>EPSG:4326</srs>
  </location>
  <operator>
    <value>chealy</value>
  </operator>
  <elevation>
    <value>88</value>
  </elevation>
  <slope>
    <value>0.00153017554660234</value>
  </slope>
  <aspect>
    <value>4.62361900690217</value>
  </aspect>
  <region>
    <value>R&#244;t&#226;n&#244;kiri</value>
  </region>
  <country>
    <value>Cambodia</value>
  </country>
  <geometry>
    <value>points</value>
  </geometry>
  <area>
    <value>1.0</value>
  </area>
  <map_class>
    <code>Deforestation other</code>
  </map_class>
  <actively_saved>
    <value>true</value>
  </actively_saved>
  <actively_saved_on>
    <year>2017</year>
    <month>9</month>
    <day>13</day>
  </actively_saved_on>
  <plot_file>
    <value>check_gp3_Dfo_20170913.csv</value>
  </plot_file>
  <ref_class>
    <code>Forest stable</code>
  </ref_class>
  <confidence>
    <code>hi</code>
  </confidence>
  <comments />
</plot>