<?xml version='1.0' standalone='yes' ?>
<plot step="1" created="2017-09-14T08:52:24.623+07:00" modified="2017-09-14T08:52:30.643+07:00">
  <id>
    <value>740</value>
  </id>
  <location>
    <x>106.277263266023</x>
    <y>14.1115928359214</y>
    <srs>EPSG:4326</srs>
  </location>
  <operator>
    <value>chealy</value>
  </operator>
  <elevation>
    <value>81</value>
  </elevation>
  <slope>
    <value>0.00398055825470471</value>
  </slope>
  <aspect>
    <value>0.55103532253627</value>
  </aspect>
  <region>
    <value>St&#339;ng Tr&#234;ng</value>
  </region>
  <country>
    <value>Cambodia</value>
  </country>
  <geometry>
    <value>points</value>
  </geometry>
  <area>
    <value>1.0</value>
  </area>
  <map_class>
    <code>Deforestation other</code>
  </map_class>
  <actively_saved>
    <value>true</value>
  </actively_saved>
  <actively_saved_on>
    <year>2017</year>
    <month>9</month>
    <day>14</day>
  </actively_saved_on>
  <plot_file>
    <value>check_gp3_Dfo_20170913.csv</value>
  </plot_file>
  <ref_class>
    <code>Non Forest stable</code>
  </ref_class>
  <confidence>
    <code>hi</code>
  </confidence>
  <comments />
</plot>