<?xml version='1.0' standalone='yes' ?>
<plot step="1" created="2017-09-14T08:54:06.867+07:00" modified="2017-09-14T08:54:11.496+07:00">
  <id>
    <value>854</value>
  </id>
  <location>
    <x>106.408074120394</x>
    <y>14.1112041245192</y>
    <srs>EPSG:4326</srs>
  </location>
  <operator>
    <value>chealy</value>
  </operator>
  <elevation>
    <value>70</value>
  </elevation>
  <slope>
    <value>0.00201943354403983</value>
  </slope>
  <aspect>
    <value>1.84283903516419</value>
  </aspect>
  <region>
    <value>St&#339;ng Tr&#234;ng</value>
  </region>
  <country>
    <value>Cambodia</value>
  </country>
  <geometry>
    <value>points</value>
  </geometry>
  <area>
    <value>1.0</value>
  </area>
  <map_class>
    <code>Deforestation other</code>
  </map_class>
  <actively_saved>
    <value>true</value>
  </actively_saved>
  <actively_saved_on>
    <year>2017</year>
    <month>9</month>
    <day>14</day>
  </actively_saved_on>
  <plot_file>
    <value>check_gp3_Dfo_20170913.csv</value>
  </plot_file>
  <ref_class>
    <code>Deforestation other</code>
  </ref_class>
  <confidence>
    <code>hi</code>
  </confidence>
  <comments />
</plot>