<?xml version='1.0' standalone='yes' ?>
<plot step="1" created="2017-09-14T08:56:20.041+07:00" modified="2017-09-14T08:56:25.239+07:00">
  <id>
    <value>98</value>
  </id>
  <location>
    <x>103.257863684083</x>
    <y>14.1934006315337</y>
    <srs>EPSG:4326</srs>
  </location>
  <operator>
    <value>chealy</value>
  </operator>
  <elevation>
    <value>57</value>
  </elevation>
  <slope>
    <value>0.00234340061393994</value>
  </slope>
  <aspect>
    <value>2.26109806875333</value>
  </aspect>
  <region>
    <value>Otdar Mean Chey</value>
  </region>
  <country>
    <value>Cambodia</value>
  </country>
  <geometry>
    <value>points</value>
  </geometry>
  <area>
    <value>1.0</value>
  </area>
  <map_class>
    <code>Deforestation other</code>
  </map_class>
  <actively_saved>
    <value>true</value>
  </actively_saved>
  <actively_saved_on>
    <year>2017</year>
    <month>9</month>
    <day>14</day>
  </actively_saved_on>
  <plot_file>
    <value>check_gp3_Dfo_20170913.csv</value>
  </plot_file>
  <ref_class>
    <code>Non Forest stable</code>
  </ref_class>
  <confidence>
    <code>hi</code>
  </confidence>
  <comments />
</plot>