<?xml version='1.0' standalone='yes' ?>
<plot step="1" created="2017-09-14T08:59:06.722+07:00" modified="2017-09-14T08:59:10.967+07:00">
  <id>
    <value>620</value>
  </id>
  <location>
    <x>103.620054589371</x>
    <y>11.1274706762637</y>
    <srs>EPSG:4326</srs>
  </location>
  <operator>
    <value>chealy</value>
  </operator>
  <elevation>
    <value>19</value>
  </elevation>
  <slope>
    <value>0.00128853692342604</value>
  </slope>
  <aspect>
    <value>5.95773637246744</value>
  </aspect>
  <region>
    <value>Ka&#244;h Kong</value>
  </region>
  <country>
    <value>Cambodia</value>
  </country>
  <geometry>
    <value>points</value>
  </geometry>
  <area>
    <value>1.0</value>
  </area>
  <map_class>
    <code>Deforestation rubber</code>
  </map_class>
  <actively_saved>
    <value>true</value>
  </actively_saved>
  <actively_saved_on>
    <year>2017</year>
    <month>9</month>
    <day>14</day>
  </actively_saved_on>
  <plot_file>
    <value>check_gp3_Dfo_20170913.csv</value>
  </plot_file>
  <ref_class>
    <code>Non Forest stable</code>
  </ref_class>
  <confidence>
    <code>hi</code>
  </confidence>
  <comments />
</plot>