<?xml version='1.0' standalone='yes' ?>
<plot step="1" created="2017-09-14T09:08:35.013+07:00" modified="2017-09-14T09:08:40.107+07:00">
  <id>
    <value>304</value>
  </id>
  <location>
    <x>106.27309029819</x>
    <y>12.8299715708665</y>
    <srs>EPSG:4326</srs>
  </location>
  <operator>
    <value>chealy</value>
  </operator>
  <elevation>
    <value>90</value>
  </elevation>
  <slope>
    <value>0.00691171335724231</value>
  </slope>
  <aspect>
    <value>4.30900658385979</value>
  </aspect>
  <region>
    <value>Kr&#226;ch&#233;h</value>
  </region>
  <country>
    <value>Cambodia</value>
  </country>
  <geometry>
    <value>points</value>
  </geometry>
  <area>
    <value>1.0</value>
  </area>
  <map_class>
    <code>Deforestation rubber</code>
  </map_class>
  <actively_saved>
    <value>true</value>
  </actively_saved>
  <actively_saved_on>
    <year>2017</year>
    <month>9</month>
    <day>14</day>
  </actively_saved_on>
  <plot_file>
    <value>check_gp3_Dfo_20170913.csv</value>
  </plot_file>
  <ref_class>
    <code>Deforestation other</code>
  </ref_class>
  <confidence>
    <code>hi</code>
  </confidence>
  <comments />
</plot>