<?xml version='1.0' standalone='yes' ?>
<plot step="1" created="2017-09-13T16:45:17.979+07:00" modified="2017-09-13T16:45:23.899+07:00">
  <id>
    <value>823</value>
  </id>
  <location>
    <x>104.247266459746</x>
    <y>11.8969293508593</y>
    <srs>EPSG:4326</srs>
  </location>
  <operator>
    <value>chealy</value>
  </operator>
  <elevation>
    <value>181</value>
  </elevation>
  <slope>
    <value>0.0393717250562149</value>
  </slope>
  <aspect>
    <value>1.48459653869686</value>
  </aspect>
  <region>
    <value>K&#226;mp&#243;ng Sp&#339;</value>
  </region>
  <country>
    <value>Cambodia</value>
  </country>
  <geometry>
    <value>points</value>
  </geometry>
  <area>
    <value>1.0</value>
  </area>
  <map_class>
    <code>Deforestation crops</code>
  </map_class>
  <actively_saved>
    <value>true</value>
  </actively_saved>
  <actively_saved_on>
    <year>2017</year>
    <month>9</month>
    <day>13</day>
  </actively_saved_on>
  <plot_file>
    <value>check_gp3_Dfo_20170913.csv</value>
  </plot_file>
  <ref_class>
    <code>Non Forest stable</code>
  </ref_class>
  <confidence>
    <code>hi</code>
  </confidence>
  <comments />
</plot>