<?xml version='1.0' standalone='yes' ?>
<plot step="1" created="2017-09-13T16:45:41.573+07:00" modified="2017-09-13T16:46:03.755+07:00">
  <id>
    <value>645</value>
  </id>
  <location>
    <x>106.465845553532</x>
    <y>12.1879951324059</y>
    <srs>EPSG:4326</srs>
  </location>
  <operator>
    <value>chealy</value>
  </operator>
  <elevation>
    <value>72</value>
  </elevation>
  <slope>
    <value>0.00140498631532082</value>
  </slope>
  <aspect>
    <value>1.76512262422061</value>
  </aspect>
  <region>
    <value>Kr&#226;ch&#233;h</value>
  </region>
  <country>
    <value>Cambodia</value>
  </country>
  <geometry>
    <value>points</value>
  </geometry>
  <area>
    <value>1.0</value>
  </area>
  <map_class>
    <code>Deforestation crops</code>
  </map_class>
  <actively_saved>
    <value>true</value>
  </actively_saved>
  <actively_saved_on>
    <year>2017</year>
    <month>9</month>
    <day>13</day>
  </actively_saved_on>
  <plot_file>
    <value>check_gp3_Dfo_20170913.csv</value>
  </plot_file>
  <ref_class>
    <code>Non Forest stable</code>
  </ref_class>
  <confidence>
    <code>hi</code>
  </confidence>
  <comments />
</plot>