<?xml version='1.0' standalone='yes' ?>
<plot step="1" created="2017-09-12T16:02:10.921+07:00" modified="2017-09-12T16:02:15.032+07:00">
  <id>
    <value>184</value>
  </id>
  <location>
    <x>103.616834907155</x>
    <y>10.6794880544812</y>
    <srs>EPSG:4326</srs>
  </location>
  <operator>
    <value>khidorang</value>
  </operator>
  <elevation>
    <value>84</value>
  </elevation>
  <slope>
    <value>0.0155521679061621</value>
  </slope>
  <aspect>
    <value>3.7955328330052</value>
  </aspect>
  <region>
    <value>Krong Preah Sihanouk</value>
  </region>
  <country>
    <value>Cambodia</value>
  </country>
  <geometry>
    <value>points</value>
  </geometry>
  <area>
    <value>1.0</value>
  </area>
  <map_class>
    <code>Degradation</code>
  </map_class>
  <actively_saved>
    <value>true</value>
  </actively_saved>
  <actively_saved_on>
    <year>2017</year>
    <month>9</month>
    <day>12</day>
  </actively_saved_on>
  <plot_file>
    <value>pts_grp_3.csv</value>
  </plot_file>
  <ref_class>
    <code>Non Forest stable</code>
  </ref_class>
  <confidence>
    <code>hi</code>
  </confidence>
  <comments />
</plot>