<?xml version='1.0' standalone='yes' ?>
<plot step="1" created="2017-09-12T16:32:24.524+07:00" modified="2017-09-12T16:32:29.822+07:00">
  <id>
    <value>896</value>
  </id>
  <location>
    <x>105.152165684133</x>
    <y>13.2450836103026</y>
    <srs>EPSG:4326</srs>
  </location>
  <operator>
    <value>khidorang</value>
  </operator>
  <elevation>
    <value>78</value>
  </elevation>
  <slope>
    <value>0.00864403386505705</value>
  </slope>
  <aspect>
    <value>1.04467787492169</value>
  </aspect>
  <region>
    <value>Preah Vih&#233;ar</value>
  </region>
  <country>
    <value>Cambodia</value>
  </country>
  <geometry>
    <value>points</value>
  </geometry>
  <area>
    <value>1.0</value>
  </area>
  <map_class>
    <code>Forest stable</code>
  </map_class>
  <actively_saved>
    <value>true</value>
  </actively_saved>
  <actively_saved_on>
    <year>2017</year>
    <month>9</month>
    <day>12</day>
  </actively_saved_on>
  <plot_file>
    <value>pts_grp_3.csv</value>
  </plot_file>
  <ref_class>
    <code>Forest stable</code>
  </ref_class>
  <confidence>
    <code>hi</code>
  </confidence>
  <comments />
</plot>