<?xml version='1.0' standalone='yes' ?>
<plot step="1" created="2017-09-12T15:05:37.954+07:00" modified="2017-09-12T15:06:53.913+07:00">
  <id>
    <value>860</value>
  </id>
  <location>
    <x>104.287169036112</x>
    <y>13.6454482455876</y>
    <srs>EPSG:4326</srs>
  </location>
  <operator>
    <value>khidorang</value>
  </operator>
  <elevation>
    <value>94</value>
  </elevation>
  <slope>
    <value>0.00533157476288689</value>
  </slope>
  <aspect>
    <value>1.72405684698922</value>
  </aspect>
  <region>
    <value>Siemr&#233;ab</value>
  </region>
  <country>
    <value>Cambodia</value>
  </country>
  <geometry>
    <value>points</value>
  </geometry>
  <area>
    <value>1.0</value>
  </area>
  <map_class>
    <code>Forest stable</code>
  </map_class>
  <actively_saved>
    <value>true</value>
  </actively_saved>
  <actively_saved_on>
    <year>2017</year>
    <month>9</month>
    <day>12</day>
  </actively_saved_on>
  <plot_file>
    <value>pts_grp_3.csv</value>
  </plot_file>
  <ref_class>
    <code>Deforestation crops</code>
  </ref_class>
  <confidence>
    <code>hi</code>
  </confidence>
  <comments />
</plot>