<?xml version='1.0' standalone='yes' ?>
<plot step="1" created="2017-09-13T11:46:59.593+07:00" modified="2017-09-13T11:47:10.003+07:00">
  <id>
    <value>769</value>
  </id>
  <location>
    <x>105.146065436044</x>
    <y>12.9841749807168</y>
    <srs>EPSG:4326</srs>
  </location>
  <operator>
    <value>norin123</value>
  </operator>
  <elevation>
    <value>42</value>
  </elevation>
  <slope>
    <value>0.0045412484600868</value>
  </slope>
  <aspect>
    <value>0.580104073085804</value>
  </aspect>
  <region>
    <value>K&#226;mp&#243;ng Thum</value>
  </region>
  <country>
    <value>Cambodia</value>
  </country>
  <geometry>
    <value>points</value>
  </geometry>
  <area>
    <value>1.0</value>
  </area>
  <map_class>
    <code>Management</code>
  </map_class>
  <actively_saved>
    <value>true</value>
  </actively_saved>
  <actively_saved_on>
    <year>2017</year>
    <month>9</month>
    <day>13</day>
  </actively_saved_on>
  <plot_file>
    <value>pts_grp_5.csv</value>
  </plot_file>
  <ref_class>
    <code>Forest stable</code>
  </ref_class>
  <confidence>
    <code>hi</code>
  </confidence>
  <comments />
</plot>