<?xml version='1.0' standalone='yes' ?>
<plot step="1" created="2017-09-13T11:48:21.481+07:00" modified="2017-09-13T11:48:29.219+07:00">
  <id>
    <value>449</value>
  </id>
  <location>
    <x>105.695488946903</x>
    <y>12.3676592497605</y>
    <srs>EPSG:4326</srs>
  </location>
  <operator>
    <value>norin123</value>
  </operator>
  <elevation>
    <value>31</value>
  </elevation>
  <slope>
    <value>0.0120630302195531</value>
  </slope>
  <aspect>
    <value>4.8137675960849</value>
  </aspect>
  <region>
    <value>K&#226;mp&#243;ng Cham</value>
  </region>
  <country>
    <value>Cambodia</value>
  </country>
  <geometry>
    <value>points</value>
  </geometry>
  <area>
    <value>1.0</value>
  </area>
  <map_class>
    <code>Management</code>
  </map_class>
  <actively_saved>
    <value>true</value>
  </actively_saved>
  <actively_saved_on>
    <year>2017</year>
    <month>9</month>
    <day>13</day>
  </actively_saved_on>
  <plot_file>
    <value>pts_grp_5.csv</value>
  </plot_file>
  <ref_class>
    <code>Non Forest stable</code>
  </ref_class>
  <confidence>
    <code>hi</code>
  </confidence>
  <comments />
</plot>