<?xml version='1.0' standalone='yes' ?>
<plot step="1" created="2017-09-13T11:55:32.136+07:00" modified="2017-09-13T11:55:38.840+07:00">
  <id>
    <value>502</value>
  </id>
  <location>
    <x>104.093875751922</x>
    <y>11.4935035310424</y>
    <srs>EPSG:4326</srs>
  </location>
  <operator>
    <value>norin123</value>
  </operator>
  <elevation>
    <value>212</value>
  </elevation>
  <slope>
    <value>0.0458526834496874</value>
  </slope>
  <aspect>
    <value>1.07807062852447</value>
  </aspect>
  <region>
    <value>K&#226;mp&#243;ng Sp&#339;</value>
  </region>
  <country>
    <value>Cambodia</value>
  </country>
  <geometry>
    <value>points</value>
  </geometry>
  <area>
    <value>1.0</value>
  </area>
  <map_class>
    <code>Degradation</code>
  </map_class>
  <actively_saved>
    <value>true</value>
  </actively_saved>
  <actively_saved_on>
    <year>2017</year>
    <month>9</month>
    <day>13</day>
  </actively_saved_on>
  <plot_file>
    <value>pts_grp_5.csv</value>
  </plot_file>
  <ref_class>
    <code>Forest stable</code>
  </ref_class>
  <confidence>
    <code>hi</code>
  </confidence>
  <comments />
</plot>