<?xml version='1.0' standalone='yes' ?>
<plot step="1" created="2017-09-13T12:00:47.235+07:00" modified="2017-09-13T12:00:55.907+07:00">
  <id>
    <value>661</value>
  </id>
  <location>
    <x>105.69095738969</x>
    <y>13.1079841594146</y>
    <srs>EPSG:4326</srs>
  </location>
  <operator>
    <value>norin123</value>
  </operator>
  <elevation>
    <value>134</value>
  </elevation>
  <slope>
    <value>0.0118502522985364</value>
  </slope>
  <aspect>
    <value>5.24022510699103</value>
  </aspect>
  <region>
    <value>Kr&#226;ch&#233;h</value>
  </region>
  <country>
    <value>Cambodia</value>
  </country>
  <geometry>
    <value>points</value>
  </geometry>
  <area>
    <value>1.0</value>
  </area>
  <map_class>
    <code>Forest stable</code>
  </map_class>
  <actively_saved>
    <value>true</value>
  </actively_saved>
  <actively_saved_on>
    <year>2017</year>
    <month>9</month>
    <day>13</day>
  </actively_saved_on>
  <plot_file>
    <value>pts_grp_5.csv</value>
  </plot_file>
  <ref_class>
    <code>Forest stable</code>
  </ref_class>
  <confidence>
    <code>hi</code>
  </confidence>
  <comments />
</plot>