<?xml version='1.0' standalone='yes' ?>
<plot step="1" created="2017-09-13T13:46:36.825+07:00" modified="2017-09-13T13:46:42.791+07:00">
  <id>
    <value>136</value>
  </id>
  <location>
    <x>104.743530393465</x>
    <y>14.1856256082584</y>
    <srs>EPSG:4326</srs>
  </location>
  <operator>
    <value>norin123</value>
  </operator>
  <elevation>
    <value>88</value>
  </elevation>
  <slope>
    <value>0.00365414648915562</value>
  </slope>
  <aspect>
    <value>4.8614343170544</value>
  </aspect>
  <region>
    <value>Preah Vih&#233;ar</value>
  </region>
  <country>
    <value>Cambodia</value>
  </country>
  <geometry>
    <value>points</value>
  </geometry>
  <area>
    <value>1.0</value>
  </area>
  <map_class>
    <code>Forest stable</code>
  </map_class>
  <actively_saved>
    <value>true</value>
  </actively_saved>
  <actively_saved_on>
    <year>2017</year>
    <month>9</month>
    <day>13</day>
  </actively_saved_on>
  <plot_file>
    <value>pts_grp_5.csv</value>
  </plot_file>
  <ref_class>
    <code>Non Forest stable</code>
  </ref_class>
  <confidence>
    <code>hi</code>
  </confidence>
  <comments />
</plot>