<?xml version='1.0' standalone='yes' ?>
<plot step="1" created="2017-09-13T13:48:52.682+07:00" modified="2017-09-13T13:48:57.494+07:00">
  <id>
    <value>20</value>
  </id>
  <location>
    <x>104.161083728258</x>
    <y>11.5141086131165</y>
    <srs>EPSG:4326</srs>
  </location>
  <operator>
    <value>norin123</value>
  </operator>
  <elevation>
    <value>127</value>
  </elevation>
  <slope>
    <value>0.0150944528037578</value>
  </slope>
  <aspect>
    <value>2.42623609233442</value>
  </aspect>
  <region>
    <value>K&#226;mp&#243;ng Sp&#339;</value>
  </region>
  <country>
    <value>Cambodia</value>
  </country>
  <geometry>
    <value>points</value>
  </geometry>
  <area>
    <value>1.0</value>
  </area>
  <map_class>
    <code>Degradation</code>
  </map_class>
  <actively_saved>
    <value>true</value>
  </actively_saved>
  <actively_saved_on>
    <year>2017</year>
    <month>9</month>
    <day>13</day>
  </actively_saved_on>
  <plot_file>
    <value>pts_grp_5.csv</value>
  </plot_file>
  <ref_class>
    <code>Non Forest stable</code>
  </ref_class>
  <confidence>
    <code>hi</code>
  </confidence>
  <comments />
</plot>