<?xml version='1.0' standalone='yes' ?>
<plot step="1" created="2017-09-13T13:50:08.073+07:00" modified="2017-09-13T13:50:17.510+07:00">
  <id>
    <value>369</value>
  </id>
  <location>
    <x>104.324192019621</x>
    <y>12.0490085103411</y>
    <srs>EPSG:4326</srs>
  </location>
  <operator>
    <value>norin123</value>
  </operator>
  <elevation>
    <value>114</value>
  </elevation>
  <slope>
    <value>0.00992298683606319</value>
  </slope>
  <aspect>
    <value>0.890739341899294</value>
  </aspect>
  <region>
    <value>K&#226;mp&#243;ng Chhnang</value>
  </region>
  <country>
    <value>Cambodia</value>
  </country>
  <geometry>
    <value>points</value>
  </geometry>
  <area>
    <value>1.0</value>
  </area>
  <map_class>
    <code>Deforestation other</code>
  </map_class>
  <actively_saved>
    <value>true</value>
  </actively_saved>
  <actively_saved_on>
    <year>2017</year>
    <month>9</month>
    <day>13</day>
  </actively_saved_on>
  <plot_file>
    <value>pts_grp_5.csv</value>
  </plot_file>
  <ref_class>
    <code>Non Forest stable</code>
  </ref_class>
  <confidence>
    <code>hi</code>
  </confidence>
  <comments />
</plot>