<?xml version='1.0' standalone='yes' ?>
<plot step="1" created="2017-09-12T15:11:29.549+07:00" modified="2017-09-12T15:11:37.798+07:00">
  <id>
    <value>103</value>
  </id>
  <location>
    <x>106.137372689917</x>
    <y>11.7802850948315</y>
    <srs>EPSG:4326</srs>
  </location>
  <operator>
    <value>norin123</value>
  </operator>
  <elevation>
    <value>54</value>
  </elevation>
  <slope>
    <value>0.00932020658525026</value>
  </slope>
  <aspect>
    <value>2.91821793891656</value>
  </aspect>
  <region>
    <value>Tbong Khmum</value>
  </region>
  <country>
    <value>Cambodia</value>
  </country>
  <geometry>
    <value>points</value>
  </geometry>
  <area>
    <value>1.0</value>
  </area>
  <map_class>
    <code>Non Forest stable</code>
  </map_class>
  <actively_saved>
    <value>true</value>
  </actively_saved>
  <actively_saved_on>
    <year>2017</year>
    <month>9</month>
    <day>12</day>
  </actively_saved_on>
  <plot_file>
    <value>pts_grp_5.csv</value>
  </plot_file>
  <ref_class>
    <code>Non Forest stable</code>
  </ref_class>
  <confidence>
    <code>hi</code>
  </confidence>
  <comments />
</plot>