<?xml version='1.0' standalone='yes' ?>
<plot step="1" created="2017-09-13T13:54:15.622+07:00" modified="2017-09-13T13:54:26.831+07:00">
  <id>
    <value>519</value>
  </id>
  <location>
    <x>105.038884983433</x>
    <y>13.1135814804846</y>
    <srs>EPSG:4326</srs>
  </location>
  <operator>
    <value>norin123</value>
  </operator>
  <elevation>
    <value>55</value>
  </elevation>
  <slope>
    <value>0.0134623966659643</value>
  </slope>
  <aspect>
    <value>4.12501086838259</value>
  </aspect>
  <region>
    <value>Preah Vih&#233;ar</value>
  </region>
  <country>
    <value>Cambodia</value>
  </country>
  <geometry>
    <value>points</value>
  </geometry>
  <area>
    <value>1.0</value>
  </area>
  <map_class>
    <code>Deforestation rubber</code>
  </map_class>
  <actively_saved>
    <value>true</value>
  </actively_saved>
  <actively_saved_on>
    <year>2017</year>
    <month>9</month>
    <day>13</day>
  </actively_saved_on>
  <plot_file>
    <value>pts_grp_5.csv</value>
  </plot_file>
  <ref_class>
    <code>Deforestation crops</code>
  </ref_class>
  <confidence>
    <code>hi</code>
  </confidence>
  <comments />
</plot>