<?xml version='1.0' standalone='yes' ?>
<plot step="1" created="2017-09-13T13:58:23.334+07:00" modified="2017-09-13T13:58:30.735+07:00">
  <id>
    <value>658</value>
  </id>
  <location>
    <x>105.225594246374</x>
    <y>13.6250088363549</y>
    <srs>EPSG:4326</srs>
  </location>
  <operator>
    <value>norin123</value>
  </operator>
  <elevation>
    <value>64</value>
  </elevation>
  <slope>
    <value>0.00272029027521479</value>
  </slope>
  <aspect>
    <value>4.96438698890802</value>
  </aspect>
  <region>
    <value>Preah Vih&#233;ar</value>
  </region>
  <country>
    <value>Cambodia</value>
  </country>
  <geometry>
    <value>points</value>
  </geometry>
  <area>
    <value>1.0</value>
  </area>
  <map_class>
    <code>Enhancement</code>
  </map_class>
  <actively_saved>
    <value>true</value>
  </actively_saved>
  <actively_saved_on>
    <year>2017</year>
    <month>9</month>
    <day>13</day>
  </actively_saved_on>
  <plot_file>
    <value>pts_grp_5.csv</value>
  </plot_file>
  <ref_class>
    <code>Non Forest stable</code>
  </ref_class>
  <confidence>
    <code>hi</code>
  </confidence>
  <comments />
</plot>