<?xml version='1.0' standalone='yes' ?>
<plot step="1" created="2017-09-13T14:01:13.283+07:00" modified="2017-09-13T14:01:19.435+07:00">
  <id>
    <value>616</value>
  </id>
  <location>
    <x>103.741192140289</x>
    <y>10.5889180420842</y>
    <srs>EPSG:4326</srs>
  </location>
  <operator>
    <value>norin123</value>
  </operator>
  <elevation>
    <value>17</value>
  </elevation>
  <slope>
    <value>0.0285153887366921</value>
  </slope>
  <aspect>
    <value>2.71021934079752</value>
  </aspect>
  <region>
    <value>Krong Preah Sihanouk</value>
  </region>
  <country>
    <value>Cambodia</value>
  </country>
  <geometry>
    <value>points</value>
  </geometry>
  <area>
    <value>1.0</value>
  </area>
  <map_class>
    <code>Non Forest stable</code>
  </map_class>
  <actively_saved>
    <value>true</value>
  </actively_saved>
  <actively_saved_on>
    <year>2017</year>
    <month>9</month>
    <day>13</day>
  </actively_saved_on>
  <plot_file>
    <value>pts_grp_5.csv</value>
  </plot_file>
  <ref_class>
    <code>Non Forest stable</code>
  </ref_class>
  <confidence>
    <code>hi</code>
  </confidence>
  <comments />
</plot>