<?xml version='1.0' standalone='yes' ?>
<plot step="1" created="2017-09-13T14:12:19.778+07:00" modified="2017-09-13T14:12:25.918+07:00">
  <id>
    <value>337</value>
  </id>
  <location>
    <x>104.116429746722</x>
    <y>12.1051545098618</y>
    <srs>EPSG:4326</srs>
  </location>
  <operator>
    <value>norin123</value>
  </operator>
  <elevation>
    <value>381</value>
  </elevation>
  <slope>
    <value>0.208057453567572</value>
  </slope>
  <aspect>
    <value>5.1674539829894</value>
  </aspect>
  <region>
    <value>Pouthisat</value>
  </region>
  <country>
    <value>Cambodia</value>
  </country>
  <geometry>
    <value>points</value>
  </geometry>
  <area>
    <value>1.0</value>
  </area>
  <map_class>
    <code>Forest stable</code>
  </map_class>
  <actively_saved>
    <value>true</value>
  </actively_saved>
  <actively_saved_on>
    <year>2017</year>
    <month>9</month>
    <day>13</day>
  </actively_saved_on>
  <plot_file>
    <value>pts_grp_5.csv</value>
  </plot_file>
  <ref_class>
    <code>Forest stable</code>
  </ref_class>
  <confidence>
    <code>hi</code>
  </confidence>
  <comments />
</plot>