<?xml version='1.0' standalone='yes' ?>
<plot step="1" created="2017-09-13T14:14:37.920+07:00" modified="2017-09-13T14:14:44.171+07:00">
  <id>
    <value>581</value>
  </id>
  <location>
    <x>103.362115175792</x>
    <y>11.9367297548307</y>
    <srs>EPSG:4326</srs>
  </location>
  <operator>
    <value>norin123</value>
  </operator>
  <elevation>
    <value>945</value>
  </elevation>
  <slope>
    <value>0.0446002219828437</value>
  </slope>
  <aspect>
    <value>3.36248776027727</value>
  </aspect>
  <region>
    <value>Ka&#244;h Kong</value>
  </region>
  <country>
    <value>Cambodia</value>
  </country>
  <geometry>
    <value>points</value>
  </geometry>
  <area>
    <value>1.0</value>
  </area>
  <map_class>
    <code>Forest stable</code>
  </map_class>
  <actively_saved>
    <value>true</value>
  </actively_saved>
  <actively_saved_on>
    <year>2017</year>
    <month>9</month>
    <day>13</day>
  </actively_saved_on>
  <plot_file>
    <value>pts_grp_5.csv</value>
  </plot_file>
  <ref_class>
    <code>Forest stable</code>
  </ref_class>
  <confidence>
    <code>hi</code>
  </confidence>
  <comments />
</plot>