<?xml version='1.0' standalone='yes' ?>
<plot step="1" created="2017-09-13T14:14:52.982+07:00" modified="2017-09-13T14:14:59.858+07:00">
  <id>
    <value>278</value>
  </id>
  <location>
    <x>106.295625473964</x>
    <y>12.2308839861891</y>
    <srs>EPSG:4326</srs>
  </location>
  <operator>
    <value>norin123</value>
  </operator>
  <elevation>
    <value>58</value>
  </elevation>
  <slope>
    <value>0.00249994894255687</value>
  </slope>
  <aspect>
    <value>3.53794899438145</value>
  </aspect>
  <region>
    <value>Kr&#226;ch&#233;h</value>
  </region>
  <country>
    <value>Cambodia</value>
  </country>
  <geometry>
    <value>points</value>
  </geometry>
  <area>
    <value>1.0</value>
  </area>
  <map_class>
    <code>Non Forest stable</code>
  </map_class>
  <actively_saved>
    <value>true</value>
  </actively_saved>
  <actively_saved_on>
    <year>2017</year>
    <month>9</month>
    <day>13</day>
  </actively_saved_on>
  <plot_file>
    <value>pts_grp_5.csv</value>
  </plot_file>
  <ref_class>
    <code>Non Forest stable</code>
  </ref_class>
  <confidence>
    <code>hi</code>
  </confidence>
  <comments />
</plot>