<?xml version='1.0' standalone='yes' ?>
<plot step="1" created="2017-09-12T15:20:36.198+07:00" modified="2017-09-12T15:20:44.635+07:00">
  <id>
    <value>171</value>
  </id>
  <location>
    <x>106.099505225585</x>
    <y>12.6667366603677</y>
    <srs>EPSG:4326</srs>
  </location>
  <operator>
    <value>norin123</value>
  </operator>
  <elevation>
    <value>47</value>
  </elevation>
  <slope>
    <value>0.0040653620502512</value>
  </slope>
  <aspect>
    <value>3.9359594541024</value>
  </aspect>
  <region>
    <value>Kr&#226;ch&#233;h</value>
  </region>
  <country>
    <value>Cambodia</value>
  </country>
  <geometry>
    <value>points</value>
  </geometry>
  <area>
    <value>1.0</value>
  </area>
  <map_class>
    <code>Forest stable</code>
  </map_class>
  <actively_saved>
    <value>true</value>
  </actively_saved>
  <actively_saved_on>
    <year>2017</year>
    <month>9</month>
    <day>12</day>
  </actively_saved_on>
  <plot_file>
    <value>pts_grp_5.csv</value>
  </plot_file>
  <ref_class>
    <code>Forest stable</code>
  </ref_class>
  <confidence>
    <code>hi</code>
  </confidence>
  <comments />
</plot>