<?xml version='1.0' standalone='yes' ?>
<plot step="1" created="2017-09-12T15:31:36.534+07:00" modified="2017-09-13T10:33:17.956+07:00">
  <id>
    <value>574</value>
  </id>
  <location>
    <x>104.917870274985</x>
    <y>13.5015320043964</y>
    <srs>EPSG:4326</srs>
  </location>
  <operator>
    <value>norin123</value>
  </operator>
  <elevation>
    <value>98</value>
  </elevation>
  <slope>
    <value>0.00448568361255189</value>
  </slope>
  <aspect>
    <value>2.47556641261007</value>
  </aspect>
  <region>
    <value>Preah Vih&#233;ar</value>
  </region>
  <country>
    <value>Cambodia</value>
  </country>
  <geometry>
    <value>points</value>
  </geometry>
  <area>
    <value>1.0</value>
  </area>
  <map_class>
    <code>Deforestation rubber</code>
  </map_class>
  <actively_saved>
    <value>true</value>
  </actively_saved>
  <actively_saved_on>
    <year>2017</year>
    <month>9</month>
    <day>13</day>
  </actively_saved_on>
  <plot_file>
    <value>pts_grp_5.csv</value>
  </plot_file>
  <ref_class>
    <code>Forest stable</code>
  </ref_class>
  <confidence>
    <code>hi</code>
  </confidence>
  <comments />
</plot>