<?xml version='1.0' standalone='yes' ?>
<plot step="1" created="2017-09-12T15:33:34.578+07:00" modified="2017-09-12T15:33:44.277+07:00">
  <id>
    <value>712</value>
  </id>
  <location>
    <x>105.38718407577</x>
    <y>11.7188761143609</y>
    <srs>EPSG:4326</srs>
  </location>
  <operator>
    <value>norin123</value>
  </operator>
  <elevation>
    <value>12</value>
  </elevation>
  <slope>
    <value>3.86475128325468E-4</value>
  </slope>
  <aspect>
    <value>3.93416784736718</value>
  </aspect>
  <region>
    <value>Prey V&#234;ng</value>
  </region>
  <country>
    <value>Cambodia</value>
  </country>
  <geometry>
    <value>points</value>
  </geometry>
  <area>
    <value>1.0</value>
  </area>
  <map_class>
    <code>Non Forest stable</code>
  </map_class>
  <actively_saved>
    <value>true</value>
  </actively_saved>
  <actively_saved_on>
    <year>2017</year>
    <month>9</month>
    <day>12</day>
  </actively_saved_on>
  <plot_file>
    <value>pts_grp_5.csv</value>
  </plot_file>
  <ref_class>
    <code>Non Forest stable</code>
  </ref_class>
  <confidence>
    <code>hi</code>
  </confidence>
  <comments />
</plot>