<?xml version='1.0' standalone='yes' ?>
<plot step="1" created="2017-09-12T15:38:11.041+07:00" modified="2017-09-12T15:38:21.293+07:00">
  <id>
    <value>761</value>
  </id>
  <location>
    <x>103.538321176115</x>
    <y>12.1960312332647</y>
    <srs>EPSG:4326</srs>
  </location>
  <operator>
    <value>norin123</value>
  </operator>
  <elevation>
    <value>400</value>
  </elevation>
  <slope>
    <value>0.182680998081658</value>
  </slope>
  <aspect>
    <value>5.42268746489669</value>
  </aspect>
  <region>
    <value>Pouthisat</value>
  </region>
  <country>
    <value>Cambodia</value>
  </country>
  <geometry>
    <value>points</value>
  </geometry>
  <area>
    <value>1.0</value>
  </area>
  <map_class>
    <code>Forest stable</code>
  </map_class>
  <actively_saved>
    <value>true</value>
  </actively_saved>
  <actively_saved_on>
    <year>2017</year>
    <month>9</month>
    <day>12</day>
  </actively_saved_on>
  <plot_file>
    <value>pts_grp_5.csv</value>
  </plot_file>
  <ref_class>
    <code>Forest stable</code>
  </ref_class>
  <confidence>
    <code>hi</code>
  </confidence>
  <comments />
</plot>