<?xml version='1.0' standalone='yes' ?>
<plot step="1" created="2017-09-12T15:41:53.504+07:00" modified="2017-09-12T15:42:13.996+07:00">
  <id>
    <value>615</value>
  </id>
  <location>
    <x>105.81966708754</x>
    <y>11.9193598545222</y>
    <srs>EPSG:4326</srs>
  </location>
  <operator>
    <value>norin123</value>
  </operator>
  <elevation>
    <value>47</value>
  </elevation>
  <slope>
    <value>0.00927552785139164</value>
  </slope>
  <aspect>
    <value>1.67334867711944</value>
  </aspect>
  <region>
    <value>Tbong Khmum</value>
  </region>
  <country>
    <value>Cambodia</value>
  </country>
  <geometry>
    <value>points</value>
  </geometry>
  <area>
    <value>1.0</value>
  </area>
  <map_class>
    <code>Non Forest stable</code>
  </map_class>
  <actively_saved>
    <value>true</value>
  </actively_saved>
  <actively_saved_on>
    <year>2017</year>
    <month>9</month>
    <day>12</day>
  </actively_saved_on>
  <plot_file>
    <value>pts_grp_5.csv</value>
  </plot_file>
  <ref_class>
    <code>Non Forest stable</code>
  </ref_class>
  <confidence>
    <code>hi</code>
  </confidence>
  <comments />
</plot>