<?xml version='1.0' standalone='yes' ?>
<plot step="1" created="2017-09-12T15:45:18.830+07:00" modified="2017-09-13T10:42:09.490+07:00">
  <id>
    <value>529</value>
  </id>
  <location>
    <x>103.749694882496</x>
    <y>13.2614375037703</y>
    <srs>EPSG:4326</srs>
  </location>
  <operator>
    <value>norin123</value>
  </operator>
  <elevation>
    <value>8</value>
  </elevation>
  <slope>
    <value>7.05365281128788E-4</value>
  </slope>
  <aspect>
    <value>1.37727124520771</value>
  </aspect>
  <region>
    <value>Siemr&#233;ab</value>
  </region>
  <country>
    <value>Cambodia</value>
  </country>
  <geometry>
    <value>points</value>
  </geometry>
  <area>
    <value>1.0</value>
  </area>
  <map_class>
    <code>Enhancement</code>
  </map_class>
  <actively_saved>
    <value>true</value>
  </actively_saved>
  <actively_saved_on>
    <year>2017</year>
    <month>9</month>
    <day>13</day>
  </actively_saved_on>
  <plot_file>
    <value>pts_grp_5.csv</value>
  </plot_file>
  <ref_class>
    <code>Forest stable</code>
  </ref_class>
  <confidence>
    <code>hi</code>
  </confidence>
  <comments />
</plot>