<?xml version='1.0' standalone='yes' ?>
<plot step="1" created="2017-09-12T15:47:58.626+07:00" modified="2017-09-12T15:48:12.068+07:00">
  <id>
    <value>94</value>
  </id>
  <location>
    <x>104.125324435827</x>
    <y>11.2839538259775</y>
    <srs>EPSG:4326</srs>
  </location>
  <operator>
    <value>norin123</value>
  </operator>
  <elevation>
    <value>136</value>
  </elevation>
  <slope>
    <value>0.0187649725241157</value>
  </slope>
  <aspect>
    <value>2.00340811302987</value>
  </aspect>
  <region>
    <value>K&#226;mp&#243;ng Sp&#339;</value>
  </region>
  <country>
    <value>Cambodia</value>
  </country>
  <geometry>
    <value>points</value>
  </geometry>
  <area>
    <value>1.0</value>
  </area>
  <map_class>
    <code>Deforestation crops</code>
  </map_class>
  <actively_saved>
    <value>true</value>
  </actively_saved>
  <actively_saved_on>
    <year>2017</year>
    <month>9</month>
    <day>12</day>
  </actively_saved_on>
  <plot_file>
    <value>pts_grp_5.csv</value>
  </plot_file>
  <ref_class>
    <code>Non Forest stable</code>
  </ref_class>
  <confidence>
    <code>hi</code>
  </confidence>
  <comments />
</plot>