<?xml version='1.0' standalone='yes' ?>
<plot step="1" created="2017-09-12T15:50:19.607+07:00" modified="2017-09-12T15:50:26.876+07:00">
  <id>
    <value>788</value>
  </id>
  <location>
    <x>106.609589002543</x>
    <y>14.1916208809836</y>
    <srs>EPSG:4326</srs>
  </location>
  <operator>
    <value>norin123</value>
  </operator>
  <elevation>
    <value>257</value>
  </elevation>
  <slope>
    <value>0.0326697508520957</value>
  </slope>
  <aspect>
    <value>3.6187992860123</value>
  </aspect>
  <region>
    <value>St&#339;ng Tr&#234;ng</value>
  </region>
  <country>
    <value>Cambodia</value>
  </country>
  <geometry>
    <value>points</value>
  </geometry>
  <area>
    <value>1.0</value>
  </area>
  <map_class>
    <code>Forest stable</code>
  </map_class>
  <actively_saved>
    <value>true</value>
  </actively_saved>
  <actively_saved_on>
    <year>2017</year>
    <month>9</month>
    <day>12</day>
  </actively_saved_on>
  <plot_file>
    <value>pts_grp_5.csv</value>
  </plot_file>
  <ref_class>
    <code>Forest stable</code>
  </ref_class>
  <confidence>
    <code>hi</code>
  </confidence>
  <comments />
</plot>