<?xml version='1.0' standalone='yes' ?>
<plot step="1" created="2017-09-12T15:57:19.421+07:00" modified="2017-09-13T10:46:24.428+07:00">
  <id>
    <value>679</value>
  </id>
  <location>
    <x>103.711590625375</x>
    <y>13.8436914297478</y>
    <srs>EPSG:4326</srs>
  </location>
  <operator>
    <value>norin123</value>
  </operator>
  <elevation>
    <value>42</value>
  </elevation>
  <slope>
    <value>0.00271693941399088</value>
  </slope>
  <aspect>
    <value>3.93837506644191</value>
  </aspect>
  <region>
    <value>Siemr&#233;ab</value>
  </region>
  <country>
    <value>Cambodia</value>
  </country>
  <geometry>
    <value>points</value>
  </geometry>
  <area>
    <value>1.0</value>
  </area>
  <map_class>
    <code>Management</code>
  </map_class>
  <actively_saved>
    <value>true</value>
  </actively_saved>
  <actively_saved_on>
    <year>2017</year>
    <month>9</month>
    <day>13</day>
  </actively_saved_on>
  <plot_file>
    <value>pts_grp_5.csv</value>
  </plot_file>
  <ref_class>
    <code>Forest stable</code>
  </ref_class>
  <confidence>
    <code>hi</code>
  </confidence>
  <comments />
</plot>