<?xml version='1.0' standalone='yes' ?>
<plot step="1" created="2017-09-12T15:58:47.448+07:00" modified="2017-09-12T15:58:54.556+07:00">
  <id>
    <value>55</value>
  </id>
  <location>
    <x>105.224737017656</x>
    <y>12.3377313535417</y>
    <srs>EPSG:4326</srs>
  </location>
  <operator>
    <value>norin123</value>
  </operator>
  <elevation>
    <value>96</value>
  </elevation>
  <slope>
    <value>0.00849087570690561</value>
  </slope>
  <aspect>
    <value>4.93796434195628</value>
  </aspect>
  <region>
    <value>K&#226;mp&#243;ng Cham</value>
  </region>
  <country>
    <value>Cambodia</value>
  </country>
  <geometry>
    <value>points</value>
  </geometry>
  <area>
    <value>1.0</value>
  </area>
  <map_class>
    <code>Non Forest stable</code>
  </map_class>
  <actively_saved>
    <value>true</value>
  </actively_saved>
  <actively_saved_on>
    <year>2017</year>
    <month>9</month>
    <day>12</day>
  </actively_saved_on>
  <plot_file>
    <value>pts_grp_5.csv</value>
  </plot_file>
  <ref_class>
    <code>Non Forest stable</code>
  </ref_class>
  <confidence>
    <code>hi</code>
  </confidence>
  <comments />
</plot>