<?xml version='1.0' standalone='yes' ?>
<plot step="1" created="2017-09-12T16:07:11.613+07:00" modified="2017-09-12T16:07:19.187+07:00">
  <id>
    <value>828</value>
  </id>
  <location>
    <x>107.473247431105</x>
    <y>12.9044929575094</y>
    <srs>EPSG:4326</srs>
  </location>
  <operator>
    <value>norin123</value>
  </operator>
  <elevation>
    <value>186</value>
  </elevation>
  <slope>
    <value>0.00379833353662375</value>
  </slope>
  <aspect>
    <value>6.28318530717959</value>
  </aspect>
  <region>
    <value>M&#244;nd&#243;l Kiri</value>
  </region>
  <country>
    <value>Cambodia</value>
  </country>
  <geometry>
    <value>points</value>
  </geometry>
  <area>
    <value>1.0</value>
  </area>
  <map_class>
    <code>Forest stable</code>
  </map_class>
  <actively_saved>
    <value>true</value>
  </actively_saved>
  <actively_saved_on>
    <year>2017</year>
    <month>9</month>
    <day>12</day>
  </actively_saved_on>
  <plot_file>
    <value>pts_grp_5.csv</value>
  </plot_file>
  <ref_class>
    <code>Forest stable</code>
  </ref_class>
  <confidence>
    <code>hi</code>
  </confidence>
  <comments />
</plot>