<?xml version='1.0' standalone='yes' ?>
<plot step="1" created="2017-09-12T16:15:07.669+07:00" modified="2017-09-12T16:15:16.059+07:00">
  <id>
    <value>643</value>
  </id>
  <location>
    <x>105.072966755842</x>
    <y>11.7346158461491</y>
    <srs>EPSG:4326</srs>
  </location>
  <operator>
    <value>norin123</value>
  </operator>
  <elevation>
    <value>13</value>
  </elevation>
  <slope>
    <value>9.7287915616092E-4</value>
  </slope>
  <aspect>
    <value>4.57249611379427</value>
  </aspect>
  <region>
    <value>K&#226;ndal</value>
  </region>
  <country>
    <value>Cambodia</value>
  </country>
  <geometry>
    <value>points</value>
  </geometry>
  <area>
    <value>1.0</value>
  </area>
  <map_class>
    <code>Non Forest stable</code>
  </map_class>
  <actively_saved>
    <value>true</value>
  </actively_saved>
  <actively_saved_on>
    <year>2017</year>
    <month>9</month>
    <day>12</day>
  </actively_saved_on>
  <plot_file>
    <value>pts_grp_5.csv</value>
  </plot_file>
  <ref_class>
    <code>Non Forest stable</code>
  </ref_class>
  <confidence>
    <code>hi</code>
  </confidence>
  <comments />
</plot>