<?xml version='1.0' standalone='yes' ?>
<plot step="1" created="2017-09-12T16:15:21.809+07:00" modified="2017-09-12T16:15:28.043+07:00">
  <id>
    <value>778</value>
  </id>
  <location>
    <x>103.033328675482</x>
    <y>12.9897415390496</y>
    <srs>EPSG:4326</srs>
  </location>
  <operator>
    <value>norin123</value>
  </operator>
  <elevation>
    <value>19</value>
  </elevation>
  <slope>
    <value>0.00137343896622178</value>
  </slope>
  <aspect>
    <value>0.936484479250629</value>
  </aspect>
  <region>
    <value>Batd&#226;mb&#226;ng</value>
  </region>
  <country>
    <value>Cambodia</value>
  </country>
  <geometry>
    <value>points</value>
  </geometry>
  <area>
    <value>1.0</value>
  </area>
  <map_class>
    <code>Non Forest stable</code>
  </map_class>
  <actively_saved>
    <value>true</value>
  </actively_saved>
  <actively_saved_on>
    <year>2017</year>
    <month>9</month>
    <day>12</day>
  </actively_saved_on>
  <plot_file>
    <value>pts_grp_5.csv</value>
  </plot_file>
  <ref_class>
    <code>Non Forest stable</code>
  </ref_class>
  <confidence>
    <code>hi</code>
  </confidence>
  <comments />
</plot>