<?xml version='1.0' standalone='yes' ?>
<plot step="1" created="2017-09-12T16:16:22.672+07:00" modified="2017-09-13T10:44:00.220+07:00">
  <id>
    <value>623</value>
  </id>
  <location>
    <x>104.545504348808</x>
    <y>12.3959961807634</y>
    <srs>EPSG:4326</srs>
  </location>
  <operator>
    <value>norin123</value>
  </operator>
  <elevation>
    <value>10</value>
  </elevation>
  <slope>
    <value>6.14940950752641E-4</value>
  </slope>
  <aspect>
    <value>1.11386297220621</value>
  </aspect>
  <region>
    <value>K&#226;mp&#243;ng Chhnang</value>
  </region>
  <country>
    <value>Cambodia</value>
  </country>
  <geometry>
    <value>points</value>
  </geometry>
  <area>
    <value>1.0</value>
  </area>
  <map_class>
    <code>Forest stable</code>
  </map_class>
  <actively_saved>
    <value>true</value>
  </actively_saved>
  <actively_saved_on>
    <year>2017</year>
    <month>9</month>
    <day>13</day>
  </actively_saved_on>
  <plot_file>
    <value>pts_grp_5.csv</value>
  </plot_file>
  <ref_class>
    <code>Non Forest stable</code>
  </ref_class>
  <confidence>
    <code>hi</code>
  </confidence>
  <comments />
</plot>