<?xml version='1.0' standalone='yes' ?>
<plot step="1" created="2017-09-12T16:17:24.259+07:00" modified="2017-09-13T10:48:52.916+07:00">
  <id>
    <value>936</value>
  </id>
  <location>
    <x>105.403793324783</x>
    <y>13.7826239648629</y>
    <srs>EPSG:4326</srs>
  </location>
  <operator>
    <value>norin123</value>
  </operator>
  <elevation>
    <value>93</value>
  </elevation>
  <slope>
    <value>0.011865633505906</value>
  </slope>
  <aspect>
    <value>3.46277152872725</value>
  </aspect>
  <region>
    <value>Preah Vih&#233;ar</value>
  </region>
  <country>
    <value>Cambodia</value>
  </country>
  <geometry>
    <value>points</value>
  </geometry>
  <area>
    <value>1.0</value>
  </area>
  <map_class>
    <code>Non Forest stable</code>
  </map_class>
  <actively_saved>
    <value>true</value>
  </actively_saved>
  <actively_saved_on>
    <year>2017</year>
    <month>9</month>
    <day>13</day>
  </actively_saved_on>
  <plot_file>
    <value>pts_grp_5.csv</value>
  </plot_file>
  <ref_class>
    <code>Forest stable</code>
  </ref_class>
  <confidence>
    <code>hi</code>
  </confidence>
  <comments />
</plot>