<?xml version='1.0' standalone='yes' ?>
<plot step="1" created="2017-09-12T16:49:54.141+07:00" modified="2017-09-12T16:50:09.551+07:00">
  <id>
    <value>310</value>
  </id>
  <location>
    <x>105.33890707991</x>
    <y>12.6281049855571</y>
    <srs>EPSG:4326</srs>
  </location>
  <operator>
    <value>norin123</value>
  </operator>
  <elevation>
    <value>44</value>
  </elevation>
  <slope>
    <value>0.00599426949329172</value>
  </slope>
  <aspect>
    <value>6.19090866513958</value>
  </aspect>
  <region>
    <value>K&#226;mp&#243;ng Thum</value>
  </region>
  <country>
    <value>Cambodia</value>
  </country>
  <geometry>
    <value>points</value>
  </geometry>
  <area>
    <value>1.0</value>
  </area>
  <map_class>
    <code>Non Forest stable</code>
  </map_class>
  <actively_saved>
    <value>true</value>
  </actively_saved>
  <actively_saved_on>
    <year>2017</year>
    <month>9</month>
    <day>12</day>
  </actively_saved_on>
  <plot_file>
    <value>pts_grp_5.csv</value>
  </plot_file>
  <ref_class>
    <code>Non Forest stable</code>
  </ref_class>
  <confidence>
    <code>hi</code>
  </confidence>
  <comments />
</plot>