<?xml version='1.0' standalone='yes' ?>
<plot step="1" created="2017-09-12T16:52:08.470+07:00" modified="2017-09-12T16:52:15.081+07:00">
  <id>
    <value>17</value>
  </id>
  <location>
    <x>107.078827111504</x>
    <y>13.137139571453</y>
    <srs>EPSG:4326</srs>
  </location>
  <operator>
    <value>norin123</value>
  </operator>
  <elevation>
    <value>130</value>
  </elevation>
  <slope>
    <value>0.00370965139638442</value>
  </slope>
  <aspect>
    <value>4.04153232568612</value>
  </aspect>
  <region>
    <value>M&#244;nd&#243;l Kiri</value>
  </region>
  <country>
    <value>Cambodia</value>
  </country>
  <geometry>
    <value>points</value>
  </geometry>
  <area>
    <value>1.0</value>
  </area>
  <map_class>
    <code>Non Forest stable</code>
  </map_class>
  <actively_saved>
    <value>true</value>
  </actively_saved>
  <actively_saved_on>
    <year>2017</year>
    <month>9</month>
    <day>12</day>
  </actively_saved_on>
  <plot_file>
    <value>pts_grp_5.csv</value>
  </plot_file>
  <ref_class>
    <code>Non Forest stable</code>
  </ref_class>
  <confidence>
    <code>hi</code>
  </confidence>
  <comments />
</plot>