<?xml version='1.0' standalone='yes' ?>
<plot step="1" created="2017-09-13T11:10:44.556+07:00" modified="2017-09-13T11:11:18.026+07:00">
  <id>
    <value>380</value>
  </id>
  <location>
    <x>102.934482902825</x>
    <y>13.9929334412266</y>
    <srs>EPSG:4326</srs>
  </location>
  <operator>
    <value>norin123</value>
  </operator>
  <elevation>
    <value>53</value>
  </elevation>
  <slope>
    <value>0.00135892322109707</value>
  </slope>
  <aspect>
    <value>2.34448587789965</value>
  </aspect>
  <region>
    <value>B&#226;nt&#233;ay M&#233;anchey</value>
  </region>
  <country>
    <value>Cambodia</value>
  </country>
  <geometry>
    <value>points</value>
  </geometry>
  <area>
    <value>1.0</value>
  </area>
  <map_class>
    <code>Non Forest stable</code>
  </map_class>
  <actively_saved>
    <value>true</value>
  </actively_saved>
  <actively_saved_on>
    <year>2017</year>
    <month>9</month>
    <day>13</day>
  </actively_saved_on>
  <plot_file>
    <value>pts_grp_5.csv</value>
  </plot_file>
  <ref_class>
    <code>Non Forest stable</code>
  </ref_class>
  <confidence>
    <code>hi</code>
  </confidence>
  <comments />
</plot>