<?xml version='1.0' standalone='yes' ?>
<plot step="1" created="2017-09-13T11:13:58.795+07:00" modified="2017-09-13T11:14:05.772+07:00">
  <id>
    <value>140</value>
  </id>
  <location>
    <x>106.264903777524</x>
    <y>13.6440252645397</y>
    <srs>EPSG:4326</srs>
  </location>
  <operator>
    <value>norin123</value>
  </operator>
  <elevation>
    <value>112</value>
  </elevation>
  <slope>
    <value>0.00361537358079027</value>
  </slope>
  <aspect>
    <value>1.4956823865093</value>
  </aspect>
  <region>
    <value>St&#339;ng Tr&#234;ng</value>
  </region>
  <country>
    <value>Cambodia</value>
  </country>
  <geometry>
    <value>points</value>
  </geometry>
  <area>
    <value>1.0</value>
  </area>
  <map_class>
    <code>Non Forest stable</code>
  </map_class>
  <actively_saved>
    <value>true</value>
  </actively_saved>
  <actively_saved_on>
    <year>2017</year>
    <month>9</month>
    <day>13</day>
  </actively_saved_on>
  <plot_file>
    <value>pts_grp_5.csv</value>
  </plot_file>
  <ref_class>
    <code>Non Forest stable</code>
  </ref_class>
  <confidence>
    <code>hi</code>
  </confidence>
  <comments />
</plot>