<?xml version='1.0' standalone='yes' ?>
<plot step="1" created="2017-09-13T11:15:13.517+07:00" modified="2017-09-13T11:15:19.772+07:00">
  <id>
    <value>685</value>
  </id>
  <location>
    <x>102.930746974328</x>
    <y>13.6289278916342</y>
    <srs>EPSG:4326</srs>
  </location>
  <operator>
    <value>norin123</value>
  </operator>
  <elevation>
    <value>12</value>
  </elevation>
  <slope>
    <value>8.03882841696089E-4</value>
  </slope>
  <aspect>
    <value>4.18155746058539</value>
  </aspect>
  <region>
    <value>B&#226;nt&#233;ay M&#233;anchey</value>
  </region>
  <country>
    <value>Cambodia</value>
  </country>
  <geometry>
    <value>points</value>
  </geometry>
  <area>
    <value>1.0</value>
  </area>
  <map_class>
    <code>Non Forest stable</code>
  </map_class>
  <actively_saved>
    <value>true</value>
  </actively_saved>
  <actively_saved_on>
    <year>2017</year>
    <month>9</month>
    <day>13</day>
  </actively_saved_on>
  <plot_file>
    <value>pts_grp_5.csv</value>
  </plot_file>
  <ref_class>
    <code>Non Forest stable</code>
  </ref_class>
  <confidence>
    <code>hi</code>
  </confidence>
  <comments />
</plot>