<?xml version='1.0' standalone='yes' ?>
<plot step="1" created="2017-09-13T11:17:28.840+07:00" modified="2017-09-13T11:17:45.349+07:00">
  <id>
    <value>674</value>
  </id>
  <location>
    <x>103.749238308997</x>
    <y>11.8653037421181</y>
    <srs>EPSG:4326</srs>
  </location>
  <operator>
    <value>norin123</value>
  </operator>
  <elevation>
    <value>1150</value>
  </elevation>
  <slope>
    <value>0.149774733941632</value>
  </slope>
  <aspect>
    <value>4.20141490164502</value>
  </aspect>
  <region>
    <value>Ka&#244;h Kong</value>
  </region>
  <country>
    <value>Cambodia</value>
  </country>
  <geometry>
    <value>points</value>
  </geometry>
  <area>
    <value>1.0</value>
  </area>
  <map_class>
    <code>Forest stable</code>
  </map_class>
  <actively_saved>
    <value>true</value>
  </actively_saved>
  <actively_saved_on>
    <year>2017</year>
    <month>9</month>
    <day>13</day>
  </actively_saved_on>
  <plot_file>
    <value>pts_grp_5.csv</value>
  </plot_file>
  <ref_class>
    <code>Forest stable</code>
  </ref_class>
  <confidence>
    <code>hi</code>
  </confidence>
  <comments />
</plot>