<?xml version='1.0' standalone='yes' ?>
<plot step="1" created="2017-09-13T11:18:26.702+07:00" modified="2017-09-13T11:18:37.612+07:00">
  <id>
    <value>189</value>
  </id>
  <location>
    <x>104.918154116281</x>
    <y>12.1623433394723</y>
    <srs>EPSG:4326</srs>
  </location>
  <operator>
    <value>norin123</value>
  </operator>
  <elevation>
    <value>10</value>
  </elevation>
  <slope>
    <value>7.73590036262957E-4</value>
  </slope>
  <aspect>
    <value>5.48979505340524</value>
  </aspect>
  <region>
    <value>K&#226;mp&#243;ng Cham</value>
  </region>
  <country>
    <value>Cambodia</value>
  </country>
  <geometry>
    <value>points</value>
  </geometry>
  <area>
    <value>1.0</value>
  </area>
  <map_class>
    <code>Non Forest stable</code>
  </map_class>
  <actively_saved>
    <value>true</value>
  </actively_saved>
  <actively_saved_on>
    <year>2017</year>
    <month>9</month>
    <day>13</day>
  </actively_saved_on>
  <plot_file>
    <value>pts_grp_5.csv</value>
  </plot_file>
  <ref_class>
    <code>Non Forest stable</code>
  </ref_class>
  <confidence>
    <code>hi</code>
  </confidence>
  <comments />
</plot>