<?xml version='1.0' standalone='yes' ?>
<plot step="1" created="2017-09-13T11:20:00.807+07:00" modified="2017-09-13T11:20:07.245+07:00">
  <id>
    <value>371</value>
  </id>
  <location>
    <x>103.690365447991</x>
    <y>11.4759429151618</y>
    <srs>EPSG:4326</srs>
  </location>
  <operator>
    <value>norin123</value>
  </operator>
  <elevation>
    <value>42</value>
  </elevation>
  <slope>
    <value>0.0113914345574111</value>
  </slope>
  <aspect>
    <value>1.19270319479267</value>
  </aspect>
  <region>
    <value>Ka&#244;h Kong</value>
  </region>
  <country>
    <value>Cambodia</value>
  </country>
  <geometry>
    <value>points</value>
  </geometry>
  <area>
    <value>1.0</value>
  </area>
  <map_class>
    <code>Forest stable</code>
  </map_class>
  <actively_saved>
    <value>true</value>
  </actively_saved>
  <actively_saved_on>
    <year>2017</year>
    <month>9</month>
    <day>13</day>
  </actively_saved_on>
  <plot_file>
    <value>pts_grp_5.csv</value>
  </plot_file>
  <ref_class>
    <code>Forest stable</code>
  </ref_class>
  <confidence>
    <code>hi</code>
  </confidence>
  <comments />
</plot>