<?xml version='1.0' standalone='yes' ?>
<plot step="1" created="2017-09-13T11:20:20.116+07:00" modified="2017-09-13T11:20:26.564+07:00">
  <id>
    <value>454</value>
  </id>
  <location>
    <x>105.611854166168</x>
    <y>11.1373416055652</y>
    <srs>EPSG:4326</srs>
  </location>
  <operator>
    <value>norin123</value>
  </operator>
  <elevation>
    <value>5</value>
  </elevation>
  <slope>
    <value>6.12681428926037E-4</value>
  </slope>
  <aspect>
    <value>1.11204904949003</value>
  </aspect>
  <region>
    <value>Prey V&#234;ng</value>
  </region>
  <country>
    <value>Cambodia</value>
  </country>
  <geometry>
    <value>points</value>
  </geometry>
  <area>
    <value>1.0</value>
  </area>
  <map_class>
    <code>Non Forest stable</code>
  </map_class>
  <actively_saved>
    <value>true</value>
  </actively_saved>
  <actively_saved_on>
    <year>2017</year>
    <month>9</month>
    <day>13</day>
  </actively_saved_on>
  <plot_file>
    <value>pts_grp_5.csv</value>
  </plot_file>
  <ref_class>
    <code>Non Forest stable</code>
  </ref_class>
  <confidence>
    <code>hi</code>
  </confidence>
  <comments />
</plot>