<?xml version='1.0' standalone='yes' ?>
<plot step="1" created="2017-09-13T11:22:09.437+07:00" modified="2017-09-13T11:22:19.661+07:00">
  <id>
    <value>695</value>
  </id>
  <location>
    <x>106.342522809905</x>
    <y>13.3720668787438</y>
    <srs>EPSG:4326</srs>
  </location>
  <operator>
    <value>norin123</value>
  </operator>
  <elevation>
    <value>153</value>
  </elevation>
  <slope>
    <value>0.0235274501007129</value>
  </slope>
  <aspect>
    <value>5.74560663621965</value>
  </aspect>
  <region>
    <value>Kr&#226;ch&#233;h</value>
  </region>
  <country>
    <value>Cambodia</value>
  </country>
  <geometry>
    <value>points</value>
  </geometry>
  <area>
    <value>1.0</value>
  </area>
  <map_class>
    <code>Deforestation crops</code>
  </map_class>
  <actively_saved>
    <value>true</value>
  </actively_saved>
  <actively_saved_on>
    <year>2017</year>
    <month>9</month>
    <day>13</day>
  </actively_saved_on>
  <plot_file>
    <value>pts_grp_5.csv</value>
  </plot_file>
  <ref_class>
    <code>Forest stable</code>
  </ref_class>
  <confidence>
    <code>hi</code>
  </confidence>
  <comments />
</plot>