<?xml version='1.0' standalone='yes' ?>
<plot step="1" created="2017-09-12T15:02:49.513+07:00" modified="2017-09-12T15:03:47.501+07:00">
  <id>
    <value>426</value>
  </id>
  <location>
    <x>103.832313761503</x>
    <y>12.8269103824356</y>
    <srs>EPSG:4326</srs>
  </location>
  <operator>
    <value>norin123</value>
  </operator>
  <elevation>
    <value>8</value>
  </elevation>
  <slope>
    <value>5.80954062590488E-4</value>
  </slope>
  <aspect>
    <value>2.34691325384749</value>
  </aspect>
  <region>
    <value>Pouthisat</value>
  </region>
  <country>
    <value>Cambodia</value>
  </country>
  <geometry>
    <value>points</value>
  </geometry>
  <area>
    <value>1.0</value>
  </area>
  <map_class>
    <code>Forest stable</code>
  </map_class>
  <actively_saved>
    <value>true</value>
  </actively_saved>
  <actively_saved_on>
    <year>2017</year>
    <month>9</month>
    <day>12</day>
  </actively_saved_on>
  <plot_file>
    <value>pts_grp_5.csv</value>
  </plot_file>
  <ref_class>
    <code>Forest stable</code>
  </ref_class>
  <confidence>
    <code>hi</code>
  </confidence>
  <comments>
    <value>Flooded Forest</value>
  </comments>
</plot>