<?xml version='1.0' standalone='yes' ?>
<plot step="1" created="2017-09-13T11:26:30.071+07:00" modified="2017-09-13T11:26:38.885+07:00">
  <id>
    <value>460</value>
  </id>
  <location>
    <x>103.169813022136</x>
    <y>13.7799531200283</y>
    <srs>EPSG:4326</srs>
  </location>
  <operator>
    <value>norin123</value>
  </operator>
  <elevation>
    <value>20</value>
  </elevation>
  <slope>
    <value>0.00213442789948667</value>
  </slope>
  <aspect>
    <value>2.3449532367291</value>
  </aspect>
  <region>
    <value>B&#226;nt&#233;ay M&#233;anchey</value>
  </region>
  <country>
    <value>Cambodia</value>
  </country>
  <geometry>
    <value>points</value>
  </geometry>
  <area>
    <value>1.0</value>
  </area>
  <map_class>
    <code>Non Forest stable</code>
  </map_class>
  <actively_saved>
    <value>true</value>
  </actively_saved>
  <actively_saved_on>
    <year>2017</year>
    <month>9</month>
    <day>13</day>
  </actively_saved_on>
  <plot_file>
    <value>pts_grp_5.csv</value>
  </plot_file>
  <ref_class>
    <code>Non Forest stable</code>
  </ref_class>
  <confidence>
    <code>hi</code>
  </confidence>
  <comments />
</plot>