<?xml version='1.0' standalone='yes' ?>
<plot step="1" created="2017-09-13T11:27:52.417+07:00" modified="2017-09-13T11:28:11.069+07:00">
  <id>
    <value>650</value>
  </id>
  <location>
    <x>105.556663713461</x>
    <y>11.0516494458556</y>
    <srs>EPSG:4326</srs>
  </location>
  <operator>
    <value>norin123</value>
  </operator>
  <elevation>
    <value>7</value>
  </elevation>
  <slope>
    <value>4.29501254030484E-4</value>
  </slope>
  <aspect>
    <value>2.81622145328033</value>
  </aspect>
  <region>
    <value>Prey V&#234;ng</value>
  </region>
  <country>
    <value>Cambodia</value>
  </country>
  <geometry>
    <value>points</value>
  </geometry>
  <area>
    <value>1.0</value>
  </area>
  <map_class>
    <code>Non Forest stable</code>
  </map_class>
  <actively_saved>
    <value>true</value>
  </actively_saved>
  <actively_saved_on>
    <year>2017</year>
    <month>9</month>
    <day>13</day>
  </actively_saved_on>
  <plot_file>
    <value>pts_grp_5.csv</value>
  </plot_file>
  <ref_class>
    <code>Non Forest stable</code>
  </ref_class>
  <confidence>
    <code>hi</code>
  </confidence>
  <comments />
</plot>