<?xml version='1.0' standalone='yes' ?>
<plot step="1" created="2017-09-13T11:32:18.055+07:00" modified="2017-09-13T11:32:27.820+07:00">
  <id>
    <value>734</value>
  </id>
  <location>
    <x>104.965123967036</x>
    <y>12.901542258204</y>
    <srs>EPSG:4326</srs>
  </location>
  <operator>
    <value>norin123</value>
  </operator>
  <elevation>
    <value>23</value>
  </elevation>
  <slope>
    <value>9.6840405080074E-4</value>
  </slope>
  <aspect>
    <value>3.93642152665158</value>
  </aspect>
  <region>
    <value>K&#226;mp&#243;ng Thum</value>
  </region>
  <country>
    <value>Cambodia</value>
  </country>
  <geometry>
    <value>points</value>
  </geometry>
  <area>
    <value>1.0</value>
  </area>
  <map_class>
    <code>Degradation</code>
  </map_class>
  <actively_saved>
    <value>true</value>
  </actively_saved>
  <actively_saved_on>
    <year>2017</year>
    <month>9</month>
    <day>13</day>
  </actively_saved_on>
  <plot_file>
    <value>pts_grp_5.csv</value>
  </plot_file>
  <ref_class>
    <code>Non Forest stable</code>
  </ref_class>
  <confidence>
    <code>hi</code>
  </confidence>
  <comments />
</plot>