<?xml version='1.0' standalone='yes' ?>
<plot step="1" created="2017-09-13T11:33:02.783+07:00" modified="2017-09-13T11:33:10.700+07:00">
  <id>
    <value>566</value>
  </id>
  <location>
    <x>103.392220812434</x>
    <y>12.8277945840475</y>
    <srs>EPSG:4326</srs>
  </location>
  <operator>
    <value>norin123</value>
  </operator>
  <elevation>
    <value>13</value>
  </elevation>
  <slope>
    <value>8.29182921765602E-4</value>
  </slope>
  <aspect>
    <value>1.5707963267949</value>
  </aspect>
  <region>
    <value>Batd&#226;mb&#226;ng</value>
  </region>
  <country>
    <value>Cambodia</value>
  </country>
  <geometry>
    <value>points</value>
  </geometry>
  <area>
    <value>1.0</value>
  </area>
  <map_class>
    <code>Non Forest stable</code>
  </map_class>
  <actively_saved>
    <value>true</value>
  </actively_saved>
  <actively_saved_on>
    <year>2017</year>
    <month>9</month>
    <day>13</day>
  </actively_saved_on>
  <plot_file>
    <value>pts_grp_5.csv</value>
  </plot_file>
  <ref_class>
    <code>Non Forest stable</code>
  </ref_class>
  <confidence>
    <code>hi</code>
  </confidence>
  <comments />
</plot>