<?xml version='1.0' standalone='yes' ?>
<plot step="1" created="2017-09-13T11:35:15.089+07:00" modified="2017-09-13T11:35:21.233+07:00">
  <id>
    <value>142</value>
  </id>
  <location>
    <x>105.344254566256</x>
    <y>13.8721512089876</y>
    <srs>EPSG:4326</srs>
  </location>
  <operator>
    <value>norin123</value>
  </operator>
  <elevation>
    <value>102</value>
  </elevation>
  <slope>
    <value>0.00628240223168048</value>
  </slope>
  <aspect>
    <value>4.82056301533521</value>
  </aspect>
  <region>
    <value>Preah Vih&#233;ar</value>
  </region>
  <country>
    <value>Cambodia</value>
  </country>
  <geometry>
    <value>points</value>
  </geometry>
  <area>
    <value>1.0</value>
  </area>
  <map_class>
    <code>Forest stable</code>
  </map_class>
  <actively_saved>
    <value>true</value>
  </actively_saved>
  <actively_saved_on>
    <year>2017</year>
    <month>9</month>
    <day>13</day>
  </actively_saved_on>
  <plot_file>
    <value>pts_grp_5.csv</value>
  </plot_file>
  <ref_class>
    <code>Forest stable</code>
  </ref_class>
  <confidence>
    <code>hi</code>
  </confidence>
  <comments />
</plot>