<?xml version='1.0' standalone='yes' ?>
<plot step="1" created="2017-09-13T11:36:42.285+07:00" modified="2017-09-13T11:37:11.108+07:00">
  <id>
    <value>804</value>
  </id>
  <location>
    <x>104.539941975401</x>
    <y>13.3714121475354</y>
    <srs>EPSG:4326</srs>
  </location>
  <operator>
    <value>norin123</value>
  </operator>
  <elevation>
    <value>62</value>
  </elevation>
  <slope>
    <value>0.00421084769190149</value>
  </slope>
  <aspect>
    <value>3.65755392877522</value>
  </aspect>
  <region>
    <value>Siemr&#233;ab</value>
  </region>
  <country>
    <value>Cambodia</value>
  </country>
  <geometry>
    <value>points</value>
  </geometry>
  <area>
    <value>1.0</value>
  </area>
  <map_class>
    <code>Forest stable</code>
  </map_class>
  <actively_saved>
    <value>true</value>
  </actively_saved>
  <actively_saved_on>
    <year>2017</year>
    <month>9</month>
    <day>13</day>
  </actively_saved_on>
  <plot_file>
    <value>pts_grp_5.csv</value>
  </plot_file>
  <ref_class>
    <code>Forest stable</code>
  </ref_class>
  <confidence>
    <code>hi</code>
  </confidence>
  <comments />
</plot>