<?xml version='1.0' standalone='yes' ?>
<plot step="1" created="2017-09-13T11:41:22.926+07:00" modified="2017-09-13T11:41:35.691+07:00">
  <id>
    <value>812</value>
  </id>
  <location>
    <x>103.692035024107</x>
    <y>13.0934473690009</y>
    <srs>EPSG:4326</srs>
  </location>
  <operator>
    <value>norin123</value>
  </operator>
  <elevation>
    <value>7</value>
  </elevation>
  <slope>
    <value>2.71310836438879E-4</value>
  </slope>
  <aspect>
    <value>6.28318530717959</value>
  </aspect>
  <region>
    <value>Batd&#226;mb&#226;ng</value>
  </region>
  <country>
    <value>Cambodia</value>
  </country>
  <geometry>
    <value>points</value>
  </geometry>
  <area>
    <value>1.0</value>
  </area>
  <map_class>
    <code>Enhancement</code>
  </map_class>
  <actively_saved>
    <value>true</value>
  </actively_saved>
  <actively_saved_on>
    <year>2017</year>
    <month>9</month>
    <day>13</day>
  </actively_saved_on>
  <plot_file>
    <value>pts_grp_5.csv</value>
  </plot_file>
  <ref_class>
    <code>Forest stable</code>
  </ref_class>
  <confidence>
    <code>hi</code>
  </confidence>
  <comments />
</plot>