<?xml version='1.0' standalone='yes' ?>
<plot step="1" created="2017-09-13T11:43:14.498+07:00" modified="2017-09-13T11:43:21.755+07:00">
  <id>
    <value>605</value>
  </id>
  <location>
    <x>105.11937943963</x>
    <y>13.2212010404196</y>
    <srs>EPSG:4326</srs>
  </location>
  <operator>
    <value>norin123</value>
  </operator>
  <elevation>
    <value>112</value>
  </elevation>
  <slope>
    <value>0.00987316750884816</value>
  </slope>
  <aspect>
    <value>1.37723894615734</value>
  </aspect>
  <region>
    <value>Preah Vih&#233;ar</value>
  </region>
  <country>
    <value>Cambodia</value>
  </country>
  <geometry>
    <value>points</value>
  </geometry>
  <area>
    <value>1.0</value>
  </area>
  <map_class>
    <code>Deforestation rubber</code>
  </map_class>
  <actively_saved>
    <value>true</value>
  </actively_saved>
  <actively_saved_on>
    <year>2017</year>
    <month>9</month>
    <day>13</day>
  </actively_saved_on>
  <plot_file>
    <value>pts_grp_5.csv</value>
  </plot_file>
  <ref_class>
    <code>Deforestation crops</code>
  </ref_class>
  <confidence>
    <code>hi</code>
  </confidence>
  <comments />
</plot>