<?xml version='1.0' standalone='yes' ?>
<plot step="1" created="2017-09-13T11:44:33.620+07:00" modified="2017-09-13T11:44:45.252+07:00">
  <id>
    <value>428</value>
  </id>
  <location>
    <x>106.366471133688</x>
    <y>12.1826583194168</y>
    <srs>EPSG:4326</srs>
  </location>
  <operator>
    <value>norin123</value>
  </operator>
  <elevation>
    <value>96</value>
  </elevation>
  <slope>
    <value>0.0154258294376056</value>
  </slope>
  <aspect>
    <value>5.09066675222919</value>
  </aspect>
  <region>
    <value>Kr&#226;ch&#233;h</value>
  </region>
  <country>
    <value>Cambodia</value>
  </country>
  <geometry>
    <value>points</value>
  </geometry>
  <area>
    <value>1.0</value>
  </area>
  <map_class>
    <code>Non Forest stable</code>
  </map_class>
  <actively_saved>
    <value>true</value>
  </actively_saved>
  <actively_saved_on>
    <year>2017</year>
    <month>9</month>
    <day>13</day>
  </actively_saved_on>
  <plot_file>
    <value>pts_grp_5.csv</value>
  </plot_file>
  <ref_class>
    <code>Non Forest stable</code>
  </ref_class>
  <confidence>
    <code>hi</code>
  </confidence>
  <comments />
</plot>