<?xml version='1.0' standalone='yes' ?>
<plot step="1" created="2017-09-12T14:33:14.213+07:00" modified="2017-09-12T14:33:22.497+07:00">
  <id>
    <value>165</value>
  </id>
  <location>
    <x>103.560844897269</x>
    <y>13.7201129189227</y>
    <srs>EPSG:4326</srs>
  </location>
  <operator>
    <value>chealy</value>
  </operator>
  <elevation>
    <value>24</value>
  </elevation>
  <slope>
    <value>5.82043390407597E-4</value>
  </slope>
  <aspect>
    <value>5.4866704240091</value>
  </aspect>
  <region>
    <value>Siemr&#233;ab</value>
  </region>
  <country>
    <value>Cambodia</value>
  </country>
  <geometry>
    <value>points</value>
  </geometry>
  <area>
    <value>1.0</value>
  </area>
  <map_class>
    <code>Non Forest stable</code>
  </map_class>
  <actively_saved>
    <value>true</value>
  </actively_saved>
  <actively_saved_on>
    <year>2017</year>
    <month>9</month>
    <day>12</day>
  </actively_saved_on>
  <plot_file>
    <value>pts_grp_7.csv</value>
  </plot_file>
  <ref_class>
    <code>Non Forest stable</code>
  </ref_class>
  <confidence>
    <code>hi</code>
  </confidence>
  <comments />
</plot>