<?xml version='1.0' standalone='yes' ?>
<plot step="1" created="2017-09-12T15:15:49.047+07:00" modified="2017-09-12T15:16:07.677+07:00">
  <id>
    <value>587</value>
  </id>
  <location>
    <x>106.094673062653</x>
    <y>11.8877660103977</y>
    <srs>EPSG:4326</srs>
  </location>
  <operator>
    <value>interemi</value>
  </operator>
  <elevation>
    <value>170</value>
  </elevation>
  <slope>
    <value>0.0161595917745594</value>
  </slope>
  <aspect>
    <value>5.93539465421462</value>
  </aspect>
  <region>
    <value>Tbong Khmum</value>
  </region>
  <country>
    <value>Cambodia</value>
  </country>
  <geometry>
    <value>points</value>
  </geometry>
  <area>
    <value>1.0</value>
  </area>
  <map_class>
    <code>Non Forest stable</code>
  </map_class>
  <actively_saved>
    <value>true</value>
  </actively_saved>
  <actively_saved_on>
    <year>2017</year>
    <month>9</month>
    <day>12</day>
  </actively_saved_on>
  <plot_file>
    <value>pts_grp_7.csv</value>
  </plot_file>
  <ref_class>
    <code>Non Forest stable</code>
  </ref_class>
  <confidence>
    <code>hi</code>
  </confidence>
  <comments />
</plot>