<?xml version='1.0' standalone='yes' ?>
<plot step="1" created="2017-09-12T15:17:04.662+07:00" modified="2017-09-12T15:17:52.095+07:00">
  <id>
    <value>313</value>
  </id>
  <location>
    <x>106.849331534601</x>
    <y>12.0978861159535</y>
    <srs>EPSG:4326</srs>
  </location>
  <operator>
    <value>interemi</value>
  </operator>
  <elevation>
    <value>143</value>
  </elevation>
  <slope>
    <value>0.00164360965034318</value>
  </slope>
  <aspect>
    <value>3.57417826779268</value>
  </aspect>
  <region>
    <value>M&#244;nd&#243;l Kiri</value>
  </region>
  <country>
    <value>Cambodia</value>
  </country>
  <geometry>
    <value>points</value>
  </geometry>
  <area>
    <value>1.0</value>
  </area>
  <map_class>
    <code>Non Forest stable</code>
  </map_class>
  <actively_saved>
    <value>true</value>
  </actively_saved>
  <actively_saved_on>
    <year>2017</year>
    <month>9</month>
    <day>12</day>
  </actively_saved_on>
  <plot_file>
    <value>pts_grp_7.csv</value>
  </plot_file>
  <ref_class>
    <code>Non Forest stable</code>
  </ref_class>
  <confidence>
    <code>hi</code>
  </confidence>
  <comments />
</plot>