<?xml version='1.0' standalone='yes' ?>
<plot step="1" created="2017-09-12T15:25:06.113+07:00" modified="2017-09-12T15:33:07.796+07:00">
  <id>
    <value>492</value>
  </id>
  <location>
    <x>105.638468558788</x>
    <y>14.0433302682899</y>
    <srs>EPSG:4326</srs>
  </location>
  <operator>
    <value>chealy</value>
  </operator>
  <elevation>
    <value>229</value>
  </elevation>
  <slope>
    <value>0.0545018657943342</value>
  </slope>
  <aspect>
    <value>2.51599293006533</value>
  </aspect>
  <region>
    <value>Preah Vih&#233;ar</value>
  </region>
  <country>
    <value>Cambodia</value>
  </country>
  <geometry>
    <value>points</value>
  </geometry>
  <area>
    <value>1.0</value>
  </area>
  <map_class>
    <code>Forest stable</code>
  </map_class>
  <actively_saved>
    <value>true</value>
  </actively_saved>
  <actively_saved_on>
    <year>2017</year>
    <month>9</month>
    <day>12</day>
  </actively_saved_on>
  <plot_file>
    <value>pts_grp_7.csv</value>
  </plot_file>
  <ref_class>
    <code>Forest stable</code>
  </ref_class>
  <confidence>
    <code>hi</code>
  </confidence>
  <comments />
</plot>