<?xml version='1.0' standalone='yes' ?>
<plot step="1" created="2017-09-12T15:40:55.343+07:00" modified="2017-09-12T15:41:01.583+07:00">
  <id>
    <value>865</value>
  </id>
  <location>
    <x>104.496090822242</x>
    <y>12.2024346942869</y>
    <srs>EPSG:4326</srs>
  </location>
  <operator>
    <value>chealy</value>
  </operator>
  <elevation>
    <value>36</value>
  </elevation>
  <slope>
    <value>0.00291073954729756</value>
  </slope>
  <aspect>
    <value>0.859956933705892</value>
  </aspect>
  <region>
    <value>K&#226;mp&#243;ng Chhnang</value>
  </region>
  <country>
    <value>Cambodia</value>
  </country>
  <geometry>
    <value>points</value>
  </geometry>
  <area>
    <value>1.0</value>
  </area>
  <map_class>
    <code>Non Forest stable</code>
  </map_class>
  <actively_saved>
    <value>true</value>
  </actively_saved>
  <actively_saved_on>
    <year>2017</year>
    <month>9</month>
    <day>12</day>
  </actively_saved_on>
  <plot_file>
    <value>pts_grp_7.csv</value>
  </plot_file>
  <ref_class>
    <code>Non Forest stable</code>
  </ref_class>
  <confidence>
    <code>lo</code>
  </confidence>
  <comments />
</plot>