<?xml version='1.0' standalone='yes' ?>
<plot step="1" created="2017-09-12T15:43:17.500+07:00" modified="2017-09-12T15:43:51.323+07:00">
  <id>
    <value>693</value>
  </id>
  <location>
    <x>103.749086198053</x>
    <y>10.7544217767795</y>
    <srs>EPSG:4326</srs>
  </location>
  <operator>
    <value>chealy</value>
  </operator>
  <elevation>
    <value>36</value>
  </elevation>
  <slope>
    <value>0.0168341317108981</value>
  </slope>
  <aspect>
    <value>5.4234857852335</value>
  </aspect>
  <region>
    <value>Krong Preah Sihanouk</value>
  </region>
  <country>
    <value>Cambodia</value>
  </country>
  <geometry>
    <value>points</value>
  </geometry>
  <area>
    <value>1.0</value>
  </area>
  <map_class>
    <code>Degradation</code>
  </map_class>
  <actively_saved>
    <value>true</value>
  </actively_saved>
  <actively_saved_on>
    <year>2017</year>
    <month>9</month>
    <day>12</day>
  </actively_saved_on>
  <plot_file>
    <value>pts_grp_7.csv</value>
  </plot_file>
  <ref_class>
    <code>Deforestation other</code>
  </ref_class>
  <confidence>
    <code>hi</code>
  </confidence>
  <comments />
</plot>