<?xml version='1.0' standalone='yes' ?>
<plot step="1" created="2017-09-12T15:55:28.509+07:00" modified="2017-09-12T15:55:38.644+07:00">
  <id>
    <value>45</value>
  </id>
  <location>
    <x>107.493848349917</x>
    <y>12.5518784632508</y>
    <srs>EPSG:4326</srs>
  </location>
  <operator>
    <value>chealy</value>
  </operator>
  <elevation>
    <value>544</value>
  </elevation>
  <slope>
    <value>0.0176225411299406</value>
  </slope>
  <aspect>
    <value>0.516069706985542</value>
  </aspect>
  <region>
    <value>M&#244;nd&#243;l Kiri</value>
  </region>
  <country>
    <value>Cambodia</value>
  </country>
  <geometry>
    <value>points</value>
  </geometry>
  <area>
    <value>1.0</value>
  </area>
  <map_class>
    <code>Deforestation rubber</code>
  </map_class>
  <actively_saved>
    <value>true</value>
  </actively_saved>
  <actively_saved_on>
    <year>2017</year>
    <month>9</month>
    <day>12</day>
  </actively_saved_on>
  <plot_file>
    <value>pts_grp_7.csv</value>
  </plot_file>
  <ref_class>
    <code>Non Forest stable</code>
  </ref_class>
  <confidence>
    <code>hi</code>
  </confidence>
  <comments />
</plot>