<?xml version='1.0' standalone='yes' ?>
<plot step="1" created="2017-09-12T16:05:10.792+07:00" modified="2017-09-12T16:05:15.822+07:00">
  <id>
    <value>799</value>
  </id>
  <location>
    <x>105.973397965529</x>
    <y>10.9391442816585</y>
    <srs>EPSG:4326</srs>
  </location>
  <operator>
    <value>chealy</value>
  </operator>
  <elevation>
    <value>5</value>
  </elevation>
  <slope>
    <value>1.92969665931579E-4</value>
  </slope>
  <aspect>
    <value>0.791205726125153</value>
  </aspect>
  <region>
    <value>Svay Rieng</value>
  </region>
  <country>
    <value>Cambodia</value>
  </country>
  <geometry>
    <value>points</value>
  </geometry>
  <area>
    <value>1.0</value>
  </area>
  <map_class>
    <code>Non Forest stable</code>
  </map_class>
  <actively_saved>
    <value>true</value>
  </actively_saved>
  <actively_saved_on>
    <year>2017</year>
    <month>9</month>
    <day>12</day>
  </actively_saved_on>
  <plot_file>
    <value>pts_grp_7.csv</value>
  </plot_file>
  <ref_class>
    <code>Non Forest stable</code>
  </ref_class>
  <confidence>
    <code>hi</code>
  </confidence>
  <comments />
</plot>