<?xml version='1.0' standalone='yes' ?>
<plot step="1" created="2017-09-12T15:08:10.260+07:00" modified="2017-09-12T15:08:17.965+07:00">
  <id>
    <value>153</value>
  </id>
  <location>
    <x>103.583900277773</x>
    <y>10.6877970837509</y>
    <srs>EPSG:4326</srs>
  </location>
  <operator>
    <value>interemi</value>
  </operator>
  <elevation>
    <value>103</value>
  </elevation>
  <slope>
    <value>0.00838880575377454</value>
  </slope>
  <aspect>
    <value>2.5124482692284</value>
  </aspect>
  <region>
    <value>Krong Preah Sihanouk</value>
  </region>
  <country>
    <value>Cambodia</value>
  </country>
  <geometry>
    <value>points</value>
  </geometry>
  <area>
    <value>1.0</value>
  </area>
  <map_class>
    <code>Management</code>
  </map_class>
  <actively_saved>
    <value>true</value>
  </actively_saved>
  <actively_saved_on>
    <year>2017</year>
    <month>9</month>
    <day>12</day>
  </actively_saved_on>
  <plot_file>
    <value>pts_grp_7.csv</value>
  </plot_file>
  <ref_class>
    <code>Non Forest stable</code>
  </ref_class>
  <confidence>
    <code>hi</code>
  </confidence>
  <comments />
</plot>