<?xml version='1.0' standalone='yes' ?>
<plot step="1" created="2017-09-12T16:36:53.863+07:00" modified="2017-09-12T16:36:59.971+07:00">
  <id>
    <value>138</value>
  </id>
  <location>
    <x>106.217507551916</x>
    <y>13.0980001022966</y>
    <srs>EPSG:4326</srs>
  </location>
  <operator>
    <value>chealy</value>
  </operator>
  <elevation>
    <value>65</value>
  </elevation>
  <slope>
    <value>0.00549220869628689</value>
  </slope>
  <aspect>
    <value>2.52366184562266</value>
  </aspect>
  <region>
    <value>Kr&#226;ch&#233;h</value>
  </region>
  <country>
    <value>Cambodia</value>
  </country>
  <geometry>
    <value>points</value>
  </geometry>
  <area>
    <value>1.0</value>
  </area>
  <map_class>
    <code>Degradation</code>
  </map_class>
  <actively_saved>
    <value>true</value>
  </actively_saved>
  <actively_saved_on>
    <year>2017</year>
    <month>9</month>
    <day>12</day>
  </actively_saved_on>
  <plot_file>
    <value>pts_grp_7.csv</value>
  </plot_file>
  <ref_class>
    <code>Deforestation rubber</code>
  </ref_class>
  <confidence>
    <code>hi</code>
  </confidence>
  <comments />
</plot>