<?xml version='1.0' standalone='yes' ?>
<plot step="1" created="2017-09-12T16:41:02.107+07:00" modified="2017-09-12T16:41:15.688+07:00">
  <id>
    <value>73</value>
  </id>
  <location>
    <x>103.276514384459</x>
    <y>14.1425477337444</y>
    <srs>EPSG:4326</srs>
  </location>
  <operator>
    <value>chealy</value>
  </operator>
  <elevation>
    <value>50</value>
  </elevation>
  <slope>
    <value>0.00336613292755073</value>
  </slope>
  <aspect>
    <value>0.971333590085309</value>
  </aspect>
  <region>
    <value>Otdar Mean Chey</value>
  </region>
  <country>
    <value>Cambodia</value>
  </country>
  <geometry>
    <value>points</value>
  </geometry>
  <area>
    <value>1.0</value>
  </area>
  <map_class>
    <code>Deforestation other</code>
  </map_class>
  <actively_saved>
    <value>true</value>
  </actively_saved>
  <actively_saved_on>
    <year>2017</year>
    <month>9</month>
    <day>12</day>
  </actively_saved_on>
  <plot_file>
    <value>pts_grp_7.csv</value>
  </plot_file>
  <ref_class>
    <code>Non Forest stable</code>
  </ref_class>
  <confidence>
    <code>hi</code>
  </confidence>
  <comments />
</plot>