<?xml version='1.0' standalone='yes' ?>
<plot step="1" created="2017-09-13T14:24:17.435+07:00" modified="2017-09-13T14:24:22.091+07:00">
  <id>
    <value>170</value>
  </id>
  <location>
    <x>105.69960109084</x>
    <y>12.6863617217588</y>
    <srs>EPSG:4326</srs>
  </location>
  <operator>
    <value>gr2borey</value>
  </operator>
  <elevation>
    <value>85</value>
  </elevation>
  <slope>
    <value>0.00415244404479938</value>
  </slope>
  <aspect>
    <value>4.77777280907431</value>
  </aspect>
  <region>
    <value>K&#226;mp&#243;ng Thum</value>
  </region>
  <country>
    <value>Cambodia</value>
  </country>
  <geometry>
    <value>points</value>
  </geometry>
  <area>
    <value>1.0</value>
  </area>
  <map_class>
    <code>Deforestation crops</code>
  </map_class>
  <actively_saved>
    <value>true</value>
  </actively_saved>
  <actively_saved_on>
    <year>2017</year>
    <month>9</month>
    <day>13</day>
  </actively_saved_on>
  <plot_file>
    <value>pts_grp_2.csv</value>
  </plot_file>
  <ref_class>
    <code>Deforestation rubber</code>
  </ref_class>
  <confidence>
    <code>hi</code>
  </confidence>
  <comments />
</plot>