<?xml version='1.0' standalone='yes' ?>
<plot step="1" created="2017-09-13T14:46:49.939+07:00" modified="2017-09-13T14:46:54.734+07:00">
  <id>
    <value>117</value>
  </id>
  <location>
    <x>105.769373580008</x>
    <y>11.4669055104873</y>
    <srs>EPSG:4326</srs>
  </location>
  <operator>
    <value>gr2borey</value>
  </operator>
  <elevation>
    <value>12</value>
  </elevation>
  <slope>
    <value>0.00293053210745706</value>
  </slope>
  <aspect>
    <value>3.37838676476299</value>
  </aspect>
  <region>
    <value>Svay Rieng</value>
  </region>
  <country>
    <value>Cambodia</value>
  </country>
  <geometry>
    <value>points</value>
  </geometry>
  <area>
    <value>1.0</value>
  </area>
  <map_class>
    <code>Management</code>
  </map_class>
  <actively_saved>
    <value>true</value>
  </actively_saved>
  <actively_saved_on>
    <year>2017</year>
    <month>9</month>
    <day>13</day>
  </actively_saved_on>
  <plot_file>
    <value>pts_grp_2.csv</value>
  </plot_file>
  <ref_class>
    <code>Forest stable</code>
  </ref_class>
  <confidence>
    <code>hi</code>
  </confidence>
  <comments />
</plot>