<?xml version='1.0' standalone='yes' ?>
<plot step="1" created="2017-09-13T03:20:34.029+07:00" modified="2017-09-13T22:59:39.381+07:00">
  <id>
    <value>432</value>
  </id>
  <location>
    <x>105.486499016472</x>
    <y>13.8202309988169</y>
    <srs>EPSG:4326</srs>
  </location>
  <operator>
    <value>gr2borey</value>
  </operator>
  <elevation>
    <value>115</value>
  </elevation>
  <slope>
    <value>0.00252579924483848</value>
  </slope>
  <aspect>
    <value>0.719842961484314</value>
  </aspect>
  <region>
    <value>Preah Vih&#233;ar</value>
  </region>
  <country>
    <value>Cambodia</value>
  </country>
  <geometry>
    <value>points</value>
  </geometry>
  <area>
    <value>1.0</value>
  </area>
  <map_class>
    <code>Deforestation rubber</code>
  </map_class>
  <actively_saved>
    <value>true</value>
  </actively_saved>
  <actively_saved_on>
    <year>2017</year>
    <month>9</month>
    <day>13</day>
  </actively_saved_on>
  <plot_file>
    <value>pts_grp_2.csv</value>
  </plot_file>
  <ref_class>
    <code>Deforestation rubber</code>
  </ref_class>
  <confidence>
    <code>hi</code>
  </confidence>
  <comments />
</plot>