<?xml version='1.0' standalone='yes' ?>
<plot step="1" created="2017-09-13T04:24:22.521+07:00" modified="2017-09-13T04:24:38.748+07:00">
  <id>
    <value>334</value>
  </id>
  <location>
    <x>106.806274399876</x>
    <y>13.3912638041379</y>
    <srs>EPSG:4326</srs>
  </location>
  <operator>
    <value>gr2borey</value>
  </operator>
  <elevation>
    <value>115</value>
  </elevation>
  <slope>
    <value>0.00482515975384804</value>
  </slope>
  <aspect>
    <value>2.75916335557909</value>
  </aspect>
  <region>
    <value>R&#244;t&#226;n&#244;kiri</value>
  </region>
  <country>
    <value>Cambodia</value>
  </country>
  <geometry>
    <value>points</value>
  </geometry>
  <area>
    <value>1.0</value>
  </area>
  <map_class>
    <code>Deforestation other</code>
  </map_class>
  <actively_saved>
    <value>true</value>
  </actively_saved>
  <actively_saved_on>
    <year>2017</year>
    <month>9</month>
    <day>13</day>
  </actively_saved_on>
  <plot_file>
    <value>pts_grp_2.csv</value>
  </plot_file>
  <ref_class>
    <code>Deforestation other</code>
  </ref_class>
  <confidence>
    <code>hi</code>
  </confidence>
  <comments />
</plot>