<?xml version='1.0' standalone='yes' ?>
<plot step="1" created="2017-09-13T04:41:49.479+07:00" modified="2017-09-13T11:12:24.549+07:00">
  <id>
    <value>916</value>
  </id>
  <location>
    <x>107.345518349527</x>
    <y>12.3940866431445</y>
    <srs>EPSG:4326</srs>
  </location>
  <operator>
    <value>gr2borey</value>
  </operator>
  <elevation>
    <value>860</value>
  </elevation>
  <slope>
    <value>0.0238705106947481</value>
  </slope>
  <aspect>
    <value>0.150813756060972</value>
  </aspect>
  <region>
    <value>M&#244;nd&#243;l Kiri</value>
  </region>
  <country>
    <value>Cambodia</value>
  </country>
  <geometry>
    <value>points</value>
  </geometry>
  <area>
    <value>1.0</value>
  </area>
  <map_class>
    <code>Degradation</code>
  </map_class>
  <actively_saved>
    <value>true</value>
  </actively_saved>
  <actively_saved_on>
    <year>2017</year>
    <month>9</month>
    <day>13</day>
  </actively_saved_on>
  <plot_file>
    <value>pts_grp_2.csv</value>
  </plot_file>
  <ref_class>
    <code>Forest stable</code>
  </ref_class>
  <confidence>
    <code>hi</code>
  </confidence>
  <comments />
</plot>