<?xml version='1.0' standalone='yes' ?>
<plot step="1" created="2017-09-13T04:43:18.232+07:00" modified="2017-09-13T04:43:26.919+07:00">
  <id>
    <value>150</value>
  </id>
  <location>
    <x>102.637648716337</x>
    <y>13.5246819548592</y>
    <srs>EPSG:4326</srs>
  </location>
  <operator>
    <value>gr2borey</value>
  </operator>
  <elevation>
    <value>39</value>
  </elevation>
  <slope>
    <value>0.00291126771665123</value>
  </slope>
  <aspect>
    <value>0.729444345882776</value>
  </aspect>
  <region>
    <value>B&#226;nt&#233;ay M&#233;anchey</value>
  </region>
  <country>
    <value>Cambodia</value>
  </country>
  <geometry>
    <value>points</value>
  </geometry>
  <area>
    <value>1.0</value>
  </area>
  <map_class>
    <code>Non Forest stable</code>
  </map_class>
  <actively_saved>
    <value>true</value>
  </actively_saved>
  <actively_saved_on>
    <year>2017</year>
    <month>9</month>
    <day>13</day>
  </actively_saved_on>
  <plot_file>
    <value>pts_grp_2.csv</value>
  </plot_file>
  <ref_class>
    <code>Non Forest stable</code>
  </ref_class>
  <confidence>
    <code>hi</code>
  </confidence>
  <comments />
</plot>