<?xml version='1.0' standalone='yes' ?>
<plot step="1" created="2017-09-13T11:54:20.261+07:00" modified="2017-09-13T11:54:25.821+07:00">
  <id>
    <value>825</value>
  </id>
  <location>
    <x>104.27424975364</x>
    <y>11.1224324566897</y>
    <srs>EPSG:4326</srs>
  </location>
  <operator>
    <value>gr2borey</value>
  </operator>
  <elevation>
    <value>336</value>
  </elevation>
  <slope>
    <value>0.0866176714104697</value>
  </slope>
  <aspect>
    <value>5.20548248860365</value>
  </aspect>
  <region>
    <value>K&#226;mp&#243;ng Sp&#339;</value>
  </region>
  <country>
    <value>Cambodia</value>
  </country>
  <geometry>
    <value>points</value>
  </geometry>
  <area>
    <value>1.0</value>
  </area>
  <map_class>
    <code>Deforestation crops</code>
  </map_class>
  <actively_saved>
    <value>true</value>
  </actively_saved>
  <actively_saved_on>
    <year>2017</year>
    <month>9</month>
    <day>13</day>
  </actively_saved_on>
  <plot_file>
    <value>pts_grp_2.csv</value>
  </plot_file>
  <ref_class>
    <code>Deforestation crops</code>
  </ref_class>
  <confidence>
    <code>hi</code>
  </confidence>
  <comments />
</plot>