<?xml version='1.0' standalone='yes' ?>
<plot step="1" created="2017-09-13T13:54:10.960+07:00" modified="2017-09-13T13:54:17.020+07:00">
  <id>
    <value>561</value>
  </id>
  <location>
    <x>105.846717721837</x>
    <y>12.2059204630125</y>
    <srs>EPSG:4326</srs>
  </location>
  <operator>
    <value>gr2borey</value>
  </operator>
  <elevation>
    <value>15</value>
  </elevation>
  <slope>
    <value>0.00602701369979556</value>
  </slope>
  <aspect>
    <value>0.254346305649991</value>
  </aspect>
  <region>
    <value>Kr&#226;ch&#233;h</value>
  </region>
  <country>
    <value>Cambodia</value>
  </country>
  <geometry>
    <value>points</value>
  </geometry>
  <area>
    <value>1.0</value>
  </area>
  <map_class>
    <code>Non Forest stable</code>
  </map_class>
  <actively_saved>
    <value>true</value>
  </actively_saved>
  <actively_saved_on>
    <year>2017</year>
    <month>9</month>
    <day>13</day>
  </actively_saved_on>
  <plot_file>
    <value>pts_grp_2.csv</value>
  </plot_file>
  <ref_class>
    <code>Non Forest stable</code>
  </ref_class>
  <confidence>
    <code>hi</code>
  </confidence>
  <comments />
</plot>