<?xml version='1.0' standalone='yes' ?>
<plot step="1" modified_by="admin" created="2017-09-13T13:53:21.176+07:00" modified="2017-09-14T10:38:07.915+07:00">
  <id>
    <value>602</value>
  </id>
  <location>
    <x>107.439781527997</x>
    <y>13.1060864979072</y>
    <srs>EPSG:4326</srs>
  </location>
  <operator>
    <value>gr2borey</value>
  </operator>
  <elevation>
    <value>159</value>
  </elevation>
  <slope>
    <value>0.00313183634644543</value>
  </slope>
  <aspect>
    <value>4.06085394964938</value>
  </aspect>
  <region>
    <value>M&#244;nd&#243;l Kiri</value>
  </region>
  <country>
    <value>Cambodia</value>
  </country>
  <geometry>
    <value>points</value>
  </geometry>
  <area>
    <value>1.0</value>
  </area>
  <map_class>
    <code>Forest stable</code>
  </map_class>
  <actively_saved>
    <value>true</value>
  </actively_saved>
  <actively_saved_on>
    <year>2017</year>
    <month>9</month>
    <day>13</day>
  </actively_saved_on>
  <plot_file>
    <value>pts_grp_2.csv</value>
  </plot_file>
  <ref_class>
    <code>Forest stable</code>
  </ref_class>
  <confidence>
    <code>hi</code>
  </confidence>
  <comments />
</plot>