<?xml version='1.0' standalone='yes' ?>
<plot step="1" modified_by="admin" created="2017-09-13T11:14:02.860+07:00" modified="2017-09-14T10:38:08.613+07:00">
  <id>
    <value>329</value>
  </id>
  <location>
    <x>107.429670701627</x>
    <y>12.5616092994332</y>
    <srs>EPSG:4326</srs>
  </location>
  <operator>
    <value>khidorang</value>
  </operator>
  <elevation>
    <value>494</value>
  </elevation>
  <slope>
    <value>0.0236786123021505</value>
  </slope>
  <aspect>
    <value>0.0816991779276683</value>
  </aspect>
  <region>
    <value>M&#244;nd&#243;l Kiri</value>
  </region>
  <country>
    <value>Cambodia</value>
  </country>
  <geometry>
    <value>points</value>
  </geometry>
  <area>
    <value>1.0</value>
  </area>
  <map_class>
    <code>Non Forest stable</code>
  </map_class>
  <actively_saved>
    <value>true</value>
  </actively_saved>
  <actively_saved_on>
    <year>2017</year>
    <month>9</month>
    <day>13</day>
  </actively_saved_on>
  <plot_file>
    <value>pts_grp_3.csv</value>
  </plot_file>
  <ref_class>
    <code>Non Forest stable</code>
  </ref_class>
  <confidence>
    <code>lo</code>
  </confidence>
  <comments />
</plot>