<?xml version='1.0' standalone='yes' ?>
<plot step="1" modified_by="admin" created="2017-09-14T04:54:22.105+07:00" modified="2017-09-14T10:38:07.361+07:00">
  <id>
    <value>557</value>
  </id>
  <location>
    <x>106.656285500217</x>
    <y>13.0713386794824</y>
    <srs>EPSG:4326</srs>
  </location>
  <operator>
    <value>sophyra</value>
  </operator>
  <elevation>
    <value>153</value>
  </elevation>
  <slope>
    <value>0.006941255680682</value>
  </slope>
  <aspect>
    <value>5.29141041601545</value>
  </aspect>
  <region>
    <value>M&#244;nd&#243;l Kiri</value>
  </region>
  <country>
    <value>Cambodia</value>
  </country>
  <geometry>
    <value>points</value>
  </geometry>
  <area>
    <value>1.0</value>
  </area>
  <map_class>
    <code>Forest stable</code>
  </map_class>
  <actively_saved>
    <value>true</value>
  </actively_saved>
  <actively_saved_on>
    <year>2017</year>
    <month>9</month>
    <day>14</day>
  </actively_saved_on>
  <plot_file>
    <value>pts_grp_1.csv</value>
  </plot_file>
  <ref_class>
    <code>Forest stable</code>
  </ref_class>
  <confidence>
    <code>hi</code>
  </confidence>
  <comments />
</plot>