<?xml version='1.0' standalone='yes' ?>
<plot step="1" modified_by="admin" created="2017-09-14T04:57:18.551+07:00" modified="2017-09-14T10:38:07.370+07:00">
  <id>
    <value>289</value>
  </id>
  <location>
    <x>106.126886912988</x>
    <y>10.8500252639379</y>
    <srs>EPSG:4326</srs>
  </location>
  <operator>
    <value>sophyra</value>
  </operator>
  <elevation>
    <value>1</value>
  </elevation>
  <slope>
    <value>1.92942344885707E-4</value>
  </slope>
  <aspect>
    <value>2.35052690402828</value>
  </aspect>
  <region>
    <value>Svay Rieng</value>
  </region>
  <country>
    <value>Cambodia</value>
  </country>
  <geometry>
    <value>points</value>
  </geometry>
  <area>
    <value>1.0</value>
  </area>
  <map_class>
    <code>Non Forest stable</code>
  </map_class>
  <actively_saved>
    <value>true</value>
  </actively_saved>
  <actively_saved_on>
    <year>2017</year>
    <month>9</month>
    <day>14</day>
  </actively_saved_on>
  <plot_file>
    <value>pts_grp_1.csv</value>
  </plot_file>
  <ref_class>
    <code>Non Forest stable</code>
  </ref_class>
  <confidence>
    <code>hi</code>
  </confidence>
  <comments />
</plot>