<?xml version='1.0' standalone='yes' ?>
<plot step="1" created="2017-09-12T15:42:46.798+07:00" modified="2017-09-12T15:43:05.909+07:00">
  <id>
    <value>83</value>
  </id>
  <location>
    <x>104.476881467752</x>
    <y>11.8529583636463</y>
    <srs>EPSG:4326</srs>
  </location>
  <operator />
  <elevation>
    <value>107</value>
  </elevation>
  <slope>
    <value>0.0114922647532412</value>
  </slope>
  <aspect>
    <value>1.46436360350291</value>
  </aspect>
  <region>
    <value>K&#226;mp&#243;ng Chhnang</value>
  </region>
  <country>
    <value>Cambodia</value>
  </country>
  <geometry>
    <value>points</value>
  </geometry>
  <area>
    <value>1.0</value>
  </area>
  <map_class>
    <code>Deforestation crops</code>
  </map_class>
  <actively_saved>
    <value>true</value>
  </actively_saved>
  <actively_saved_on>
    <year>2017</year>
    <month>9</month>
    <day>12</day>
  </actively_saved_on>
  <plot_file>
    <value>pts_aa_change_1416_CE_2017-09-12.csv</value>
  </plot_file>
  <ref_class>
    <code>Deforestation crops</code>
  </ref_class>
  <confidence>
    <code>hi</code>
  </confidence>
  <comments>
    <value>Convert from forest to crop land</value>
  </comments>
</plot>