<?xml version='1.0' standalone='yes' ?>
<plot step="1" created="2017-09-12T16:02:02.758+07:00" modified="2017-09-12T16:02:15.307+07:00">
  <id>
    <value>63</value>
  </id>
  <location>
    <x>106.816551049995</x>
    <y>12.1619723326078</y>
    <srs>EPSG:4326</srs>
  </location>
  <operator />
  <elevation>
    <value>135</value>
  </elevation>
  <slope>
    <value>0.010754476213461</value>
  </slope>
  <aspect>
    <value>2.77454085469595</value>
  </aspect>
  <region>
    <value>M&#244;nd&#243;l Kiri</value>
  </region>
  <country>
    <value>Cambodia</value>
  </country>
  <geometry>
    <value>points</value>
  </geometry>
  <area>
    <value>1.0</value>
  </area>
  <map_class>
    <code>Deforestation crops</code>
  </map_class>
  <actively_saved>
    <value>true</value>
  </actively_saved>
  <actively_saved_on>
    <year>2017</year>
    <month>9</month>
    <day>12</day>
  </actively_saved_on>
  <plot_file>
    <value>pts_aa_change_1416_CE_2017-09-12.csv</value>
  </plot_file>
  <ref_class>
    <code>Forest stable</code>
  </ref_class>
  <confidence>
    <code>hi</code>
  </confidence>
  <comments />
</plot>