<?xml version='1.0' standalone='yes' ?>
<plot step="1" created="2017-09-12T16:04:07.938+07:00" modified="2017-09-13T10:11:31.569+07:00">
  <id>
    <value>572</value>
  </id>
  <location>
    <x>106.550191174557</x>
    <y>12.2453384906147</y>
    <srs>EPSG:4326</srs>
  </location>
  <operator>
    <value>sampreap</value>
  </operator>
  <elevation>
    <value>98</value>
  </elevation>
  <slope>
    <value>0.010335601695431</value>
  </slope>
  <aspect>
    <value>5.37713085187507</value>
  </aspect>
  <region>
    <value>Kr&#226;ch&#233;h</value>
  </region>
  <country>
    <value>Cambodia</value>
  </country>
  <geometry>
    <value>points</value>
  </geometry>
  <area>
    <value>1.0</value>
  </area>
  <map_class>
    <code>Deforestation crops</code>
  </map_class>
  <actively_saved>
    <value>true</value>
  </actively_saved>
  <actively_saved_on>
    <year>2017</year>
    <month>9</month>
    <day>13</day>
  </actively_saved_on>
  <plot_file>
    <value>pts_aa_change_1416_CE_2017-09-12.csv</value>
  </plot_file>
  <ref_class>
    <code>Deforestation crops</code>
  </ref_class>
  <confidence>
    <code>lo</code>
  </confidence>
  <comments>
    <value>Convert from forest to crop land</value>
  </comments>
</plot>