<?xml version='1.0' standalone='yes' ?>
<plot step="1" created="2017-09-13T11:10:56.828+07:00" modified="2017-09-13T11:12:51.015+07:00">
  <id>
    <value>802</value>
  </id>
  <location>
    <x>104.156665382662</x>
    <y>11.5773143317789</y>
    <srs>EPSG:4326</srs>
  </location>
  <operator>
    <value>sampreap</value>
  </operator>
  <elevation>
    <value>101</value>
  </elevation>
  <slope>
    <value>0.0103375480423604</value>
  </slope>
  <aspect>
    <value>1.23655444079858</value>
  </aspect>
  <region>
    <value>K&#226;mp&#243;ng Sp&#339;</value>
  </region>
  <country>
    <value>Cambodia</value>
  </country>
  <geometry>
    <value>points</value>
  </geometry>
  <area>
    <value>1.0</value>
  </area>
  <map_class>
    <code>Degradation</code>
  </map_class>
  <actively_saved>
    <value>true</value>
  </actively_saved>
  <actively_saved_on>
    <year>2017</year>
    <month>9</month>
    <day>13</day>
  </actively_saved_on>
  <plot_file>
    <value>pts_grp_4.csv</value>
  </plot_file>
  <ref_class>
    <code>Deforestation crops</code>
  </ref_class>
  <confidence>
    <code>hi</code>
  </confidence>
  <comments />
</plot>