<?xml version='1.0' standalone='yes' ?>
<plot step="1" created="2017-09-13T11:13:34.909+07:00" modified="2017-09-13T11:13:40.448+07:00">
  <id>
    <value>139</value>
  </id>
  <location>
    <x>104.087923041789</x>
    <y>11.6518584371722</y>
    <srs>EPSG:4326</srs>
  </location>
  <operator>
    <value>sampreap</value>
  </operator>
  <elevation>
    <value>100</value>
  </elevation>
  <slope>
    <value>0.0112104810680687</value>
  </slope>
  <aspect>
    <value>1.46167756883115</value>
  </aspect>
  <region>
    <value>K&#226;mp&#243;ng Sp&#339;</value>
  </region>
  <country>
    <value>Cambodia</value>
  </country>
  <geometry>
    <value>points</value>
  </geometry>
  <area>
    <value>1.0</value>
  </area>
  <map_class>
    <code>Non Forest stable</code>
  </map_class>
  <actively_saved>
    <value>true</value>
  </actively_saved>
  <actively_saved_on>
    <year>2017</year>
    <month>9</month>
    <day>13</day>
  </actively_saved_on>
  <plot_file>
    <value>pts_grp_4.csv</value>
  </plot_file>
  <ref_class>
    <code>Non Forest stable</code>
  </ref_class>
  <confidence>
    <code>hi</code>
  </confidence>
  <comments />
</plot>