<?xml version='1.0' standalone='yes' ?>
<plot step="1" created="2017-09-13T11:14:39.887+07:00" modified="2017-09-13T11:14:59.166+07:00">
  <id>
    <value>25</value>
  </id>
  <location>
    <x>104.47447932288</x>
    <y>14.2147374292984</y>
    <srs>EPSG:4326</srs>
  </location>
  <operator>
    <value>sampreap</value>
  </operator>
  <elevation>
    <value>91</value>
  </elevation>
  <slope>
    <value>0.00280655420263921</value>
  </slope>
  <aspect>
    <value>4.3672306557802</value>
  </aspect>
  <region>
    <value>Preah Vih&#233;ar</value>
  </region>
  <country>
    <value>Cambodia</value>
  </country>
  <geometry>
    <value>points</value>
  </geometry>
  <area>
    <value>1.0</value>
  </area>
  <map_class>
    <code>Non Forest stable</code>
  </map_class>
  <actively_saved>
    <value>true</value>
  </actively_saved>
  <actively_saved_on>
    <year>2017</year>
    <month>9</month>
    <day>13</day>
  </actively_saved_on>
  <plot_file>
    <value>pts_grp_4.csv</value>
  </plot_file>
  <ref_class>
    <code>Non Forest stable</code>
  </ref_class>
  <confidence>
    <code>hi</code>
  </confidence>
  <comments />
</plot>