<?xml version='1.0' standalone='yes' ?>
<plot step="1" created="2017-09-13T11:16:46.641+07:00" modified="2017-09-13T11:16:52.652+07:00">
  <id>
    <value>442</value>
  </id>
  <location>
    <x>105.109727489705</x>
    <y>12.2173930184505</y>
    <srs>EPSG:4326</srs>
  </location>
  <operator>
    <value>sampreap</value>
  </operator>
  <elevation>
    <value>13</value>
  </elevation>
  <slope>
    <value>5.42621632935616E-4</value>
  </slope>
  <aspect>
    <value>3.14159265358979</value>
  </aspect>
  <region>
    <value>K&#226;mp&#243;ng Thum</value>
  </region>
  <country>
    <value>Cambodia</value>
  </country>
  <geometry>
    <value>points</value>
  </geometry>
  <area>
    <value>1.0</value>
  </area>
  <map_class>
    <code>Non Forest stable</code>
  </map_class>
  <actively_saved>
    <value>true</value>
  </actively_saved>
  <actively_saved_on>
    <year>2017</year>
    <month>9</month>
    <day>13</day>
  </actively_saved_on>
  <plot_file>
    <value>pts_grp_4.csv</value>
  </plot_file>
  <ref_class>
    <code>Non Forest stable</code>
  </ref_class>
  <confidence>
    <code>hi</code>
  </confidence>
  <comments />
</plot>