<?xml version='1.0' standalone='yes' ?>
<plot step="1" created="2017-09-13T11:18:47.399+07:00" modified="2017-09-13T11:20:05.067+07:00">
  <id>
    <value>10</value>
  </id>
  <location>
    <x>106.605933785557</x>
    <y>12.1825167599049</y>
    <srs>EPSG:4326</srs>
  </location>
  <operator>
    <value>sampreap</value>
  </operator>
  <elevation>
    <value>123</value>
  </elevation>
  <slope>
    <value>0.0062252388975315</value>
  </slope>
  <aspect>
    <value>4.02833951139504</value>
  </aspect>
  <region>
    <value>Kr&#226;ch&#233;h</value>
  </region>
  <country>
    <value>Cambodia</value>
  </country>
  <geometry>
    <value>points</value>
  </geometry>
  <area>
    <value>1.0</value>
  </area>
  <map_class>
    <code>Deforestation rubber</code>
  </map_class>
  <actively_saved>
    <value>true</value>
  </actively_saved>
  <actively_saved_on>
    <year>2017</year>
    <month>9</month>
    <day>13</day>
  </actively_saved_on>
  <plot_file>
    <value>pts_grp_4.csv</value>
  </plot_file>
  <ref_class>
    <code>Deforestation rubber</code>
  </ref_class>
  <confidence>
    <code>hi</code>
  </confidence>
  <comments>
    <value>convert from forest to crop land</value>
  </comments>
</plot>