<?xml version='1.0' standalone='yes' ?>
<plot step="1" created="2017-09-13T11:21:15.901+07:00" modified="2017-09-13T11:21:22.078+07:00">
  <id>
    <value>822</value>
  </id>
  <location>
    <x>103.68851508254</x>
    <y>13.0932897654206</y>
    <srs>EPSG:4326</srs>
  </location>
  <operator>
    <value>sampreap</value>
  </operator>
  <elevation>
    <value>6</value>
  </elevation>
  <slope>
    <value>1.93757113011744E-4</value>
  </slope>
  <aspect>
    <value>0.795214953706791</value>
  </aspect>
  <region>
    <value>Batd&#226;mb&#226;ng</value>
  </region>
  <country>
    <value>Cambodia</value>
  </country>
  <geometry>
    <value>points</value>
  </geometry>
  <area>
    <value>1.0</value>
  </area>
  <map_class>
    <code>Enhancement</code>
  </map_class>
  <actively_saved>
    <value>true</value>
  </actively_saved>
  <actively_saved_on>
    <year>2017</year>
    <month>9</month>
    <day>13</day>
  </actively_saved_on>
  <plot_file>
    <value>pts_grp_4.csv</value>
  </plot_file>
  <ref_class>
    <code>Non Forest stable</code>
  </ref_class>
  <confidence>
    <code>hi</code>
  </confidence>
  <comments />
</plot>