<?xml version='1.0' standalone='yes' ?>
<plot step="1" created="2017-09-13T11:23:27.007+07:00" modified="2017-09-13T11:23:32.579+07:00">
  <id>
    <value>922</value>
  </id>
  <location>
    <x>103.357008186875</x>
    <y>10.9233464365738</y>
    <srs>EPSG:4326</srs>
  </location>
  <operator>
    <value>sampreap</value>
  </operator>
  <elevation>
    <value>23</value>
  </elevation>
  <slope>
    <value>0.0132781826438902</value>
  </slope>
  <aspect>
    <value>3.27634975855618</value>
  </aspect>
  <region>
    <value>Ka&#244;h Kong</value>
  </region>
  <country>
    <value>Cambodia</value>
  </country>
  <geometry>
    <value>points</value>
  </geometry>
  <area>
    <value>1.0</value>
  </area>
  <map_class>
    <code>Enhancement</code>
  </map_class>
  <actively_saved>
    <value>true</value>
  </actively_saved>
  <actively_saved_on>
    <year>2017</year>
    <month>9</month>
    <day>13</day>
  </actively_saved_on>
  <plot_file>
    <value>pts_grp_4.csv</value>
  </plot_file>
  <ref_class>
    <code>Deforestation other</code>
  </ref_class>
  <confidence>
    <code>hi</code>
  </confidence>
  <comments />
</plot>