<?xml version='1.0' standalone='yes' ?>
<plot step="1" created="2017-09-12T14:47:23.376+07:00" modified="2017-09-12T14:52:59.327+07:00">
  <id>
    <value>471</value>
  </id>
  <location>
    <x>103.346173439771</x>
    <y>11.1979477294396</y>
    <srs>EPSG:4326</srs>
  </location>
  <operator />
  <elevation>
    <value>29</value>
  </elevation>
  <slope>
    <value>0.00724166046505234</value>
  </slope>
  <aspect>
    <value>3.63564451664898</value>
  </aspect>
  <region>
    <value>Ka&#244;h Kong</value>
  </region>
  <country>
    <value>Cambodia</value>
  </country>
  <geometry>
    <value>points</value>
  </geometry>
  <area>
    <value>1.0</value>
  </area>
  <map_class>
    <code>Deforestation crops</code>
  </map_class>
  <actively_saved>
    <value>true</value>
  </actively_saved>
  <actively_saved_on>
    <year>2017</year>
    <month>9</month>
    <day>12</day>
  </actively_saved_on>
  <plot_file>
    <value>pts_aa_change_1416_CE_2017-09-12.csv</value>
  </plot_file>
  <ref_class>
    <code>Deforestation other</code>
  </ref_class>
  <confidence>
    <code>lo</code>
  </confidence>
  <comments>
    <value>Clear forest to other land</value>
  </comments>
</plot>