<?xml version='1.0' standalone='yes' ?>
<plot step="1" created="2017-09-13T11:33:18.069+07:00" modified="2017-09-13T11:33:30.704+07:00">
  <id>
    <value>716</value>
  </id>
  <location>
    <x>105.170129202458</x>
    <y>13.8765478344372</y>
    <srs>EPSG:4326</srs>
  </location>
  <operator>
    <value>sampreap</value>
  </operator>
  <elevation>
    <value>108</value>
  </elevation>
  <slope>
    <value>0.0121371901263401</value>
  </slope>
  <aspect>
    <value>3.24469327962495</value>
  </aspect>
  <region>
    <value>Preah Vih&#233;ar</value>
  </region>
  <country>
    <value>Cambodia</value>
  </country>
  <geometry>
    <value>points</value>
  </geometry>
  <area>
    <value>1.0</value>
  </area>
  <map_class>
    <code>Forest stable</code>
  </map_class>
  <actively_saved>
    <value>true</value>
  </actively_saved>
  <actively_saved_on>
    <year>2017</year>
    <month>9</month>
    <day>13</day>
  </actively_saved_on>
  <plot_file>
    <value>pts_grp_4.csv</value>
  </plot_file>
  <ref_class>
    <code>Forest stable</code>
  </ref_class>
  <confidence>
    <code>lo</code>
  </confidence>
  <comments />
</plot>