<?xml version='1.0' standalone='yes' ?>
<plot step="1" created="2017-09-13T11:47:57.519+07:00" modified="2017-09-13T11:48:02.343+07:00">
  <id>
    <value>829</value>
  </id>
  <location>
    <x>103.548118770493</x>
    <y>11.4231274407727</y>
    <srs>EPSG:4326</srs>
  </location>
  <operator>
    <value>sampreap</value>
  </operator>
  <elevation>
    <value>174</value>
  </elevation>
  <slope>
    <value>0.0145199671483185</value>
  </slope>
  <aspect>
    <value>3.11318802029296</value>
  </aspect>
  <region>
    <value>Ka&#244;h Kong</value>
  </region>
  <country>
    <value>Cambodia</value>
  </country>
  <geometry>
    <value>points</value>
  </geometry>
  <area>
    <value>1.0</value>
  </area>
  <map_class>
    <code>Forest stable</code>
  </map_class>
  <actively_saved>
    <value>true</value>
  </actively_saved>
  <actively_saved_on>
    <year>2017</year>
    <month>9</month>
    <day>13</day>
  </actively_saved_on>
  <plot_file>
    <value>pts_grp_4.csv</value>
  </plot_file>
  <ref_class>
    <code>Forest stable</code>
  </ref_class>
  <confidence>
    <code>hi</code>
  </confidence>
  <comments />
</plot>