<?xml version='1.0' standalone='yes' ?>
<plot step="1" created="2017-09-13T11:49:18.973+07:00" modified="2017-09-13T11:49:45.510+07:00">
  <id>
    <value>808</value>
  </id>
  <location>
    <x>104.153640089571</x>
    <y>13.6758823395613</y>
    <srs>EPSG:4326</srs>
  </location>
  <operator>
    <value>sampreap</value>
  </operator>
  <elevation>
    <value>101</value>
  </elevation>
  <slope>
    <value>0.00265494375900886</value>
  </slope>
  <aspect>
    <value>1.09296155592459</value>
  </aspect>
  <region>
    <value>Siemr&#233;ab</value>
  </region>
  <country>
    <value>Cambodia</value>
  </country>
  <geometry>
    <value>points</value>
  </geometry>
  <area>
    <value>1.0</value>
  </area>
  <map_class>
    <code>Deforestation crops</code>
  </map_class>
  <actively_saved>
    <value>true</value>
  </actively_saved>
  <actively_saved_on>
    <year>2017</year>
    <month>9</month>
    <day>13</day>
  </actively_saved_on>
  <plot_file>
    <value>pts_grp_4.csv</value>
  </plot_file>
  <ref_class>
    <code>Deforestation crops</code>
  </ref_class>
  <confidence>
    <code>hi</code>
  </confidence>
  <comments>
    <value>convert from forest to crop land</value>
  </comments>
</plot>