<?xml version='1.0' standalone='yes' ?>
<plot step="1" created="2017-09-13T11:56:23.566+07:00" modified="2017-09-13T11:56:29.870+07:00">
  <id>
    <value>849</value>
  </id>
  <location>
    <x>106.078927382946</x>
    <y>13.7048967540497</y>
    <srs>EPSG:4326</srs>
  </location>
  <operator>
    <value>sampreap</value>
  </operator>
  <elevation>
    <value>85</value>
  </elevation>
  <slope>
    <value>0.007437954371283</value>
  </slope>
  <aspect>
    <value>3.78096724855705</value>
  </aspect>
  <region>
    <value>St&#339;ng Tr&#234;ng</value>
  </region>
  <country>
    <value>Cambodia</value>
  </country>
  <geometry>
    <value>points</value>
  </geometry>
  <area>
    <value>1.0</value>
  </area>
  <map_class>
    <code>Management</code>
  </map_class>
  <actively_saved>
    <value>true</value>
  </actively_saved>
  <actively_saved_on>
    <year>2017</year>
    <month>9</month>
    <day>13</day>
  </actively_saved_on>
  <plot_file>
    <value>pts_grp_4.csv</value>
  </plot_file>
  <ref_class>
    <code>Deforestation crops</code>
  </ref_class>
  <confidence>
    <code>hi</code>
  </confidence>
  <comments />
</plot>