<?xml version='1.0' standalone='yes' ?>
<plot step="1" created="2017-09-13T11:59:33.085+07:00" modified="2017-09-13T11:59:38.470+07:00">
  <id>
    <value>251</value>
  </id>
  <location>
    <x>106.687698201714</x>
    <y>14.0698640036964</y>
    <srs>EPSG:4326</srs>
  </location>
  <operator>
    <value>sampreap</value>
  </operator>
  <elevation>
    <value>120</value>
  </elevation>
  <slope>
    <value>0.0123132243830632</value>
  </slope>
  <aspect>
    <value>4.46758838142515</value>
  </aspect>
  <region>
    <value>St&#339;ng Tr&#234;ng</value>
  </region>
  <country>
    <value>Cambodia</value>
  </country>
  <geometry>
    <value>points</value>
  </geometry>
  <area>
    <value>1.0</value>
  </area>
  <map_class>
    <code>Forest stable</code>
  </map_class>
  <actively_saved>
    <value>true</value>
  </actively_saved>
  <actively_saved_on>
    <year>2017</year>
    <month>9</month>
    <day>13</day>
  </actively_saved_on>
  <plot_file>
    <value>pts_grp_4.csv</value>
  </plot_file>
  <ref_class>
    <code>Forest stable</code>
  </ref_class>
  <confidence>
    <code>hi</code>
  </confidence>
  <comments />
</plot>