<?xml version='1.0' standalone='yes' ?>
<plot step="1" created="2017-09-13T11:59:55.300+07:00" modified="2017-09-13T12:00:26.917+07:00">
  <id>
    <value>656</value>
  </id>
  <location>
    <x>106.009968142351</x>
    <y>12.173384974045</y>
    <srs>EPSG:4326</srs>
  </location>
  <operator>
    <value>sampreap</value>
  </operator>
  <elevation>
    <value>25</value>
  </elevation>
  <slope>
    <value>0.00468611734179381</value>
  </slope>
  <aspect>
    <value>3.59856466937398</value>
  </aspect>
  <region>
    <value>Kr&#226;ch&#233;h</value>
  </region>
  <country>
    <value>Cambodia</value>
  </country>
  <geometry>
    <value>points</value>
  </geometry>
  <area>
    <value>1.0</value>
  </area>
  <map_class>
    <code>Non Forest stable</code>
  </map_class>
  <actively_saved>
    <value>true</value>
  </actively_saved>
  <actively_saved_on>
    <year>2017</year>
    <month>9</month>
    <day>13</day>
  </actively_saved_on>
  <plot_file>
    <value>pts_grp_4.csv</value>
  </plot_file>
  <ref_class>
    <code>Non Forest stable</code>
  </ref_class>
  <confidence>
    <code>hi</code>
  </confidence>
  <comments />
</plot>