<?xml version='1.0' standalone='yes' ?>
<plot step="1" created="2017-09-13T12:02:12.503+07:00" modified="2017-09-13T12:02:19.478+07:00">
  <id>
    <value>147</value>
  </id>
  <location>
    <x>107.310902064062</x>
    <y>12.8613511118272</y>
    <srs>EPSG:4326</srs>
  </location>
  <operator>
    <value>sampreap</value>
  </operator>
  <elevation>
    <value>214</value>
  </elevation>
  <slope>
    <value>0.00533519662607045</value>
  </slope>
  <aspect>
    <value>0.575230705855204</value>
  </aspect>
  <region>
    <value>M&#244;nd&#243;l Kiri</value>
  </region>
  <country>
    <value>Cambodia</value>
  </country>
  <geometry>
    <value>points</value>
  </geometry>
  <area>
    <value>1.0</value>
  </area>
  <map_class>
    <code>Forest stable</code>
  </map_class>
  <actively_saved>
    <value>true</value>
  </actively_saved>
  <actively_saved_on>
    <year>2017</year>
    <month>9</month>
    <day>13</day>
  </actively_saved_on>
  <plot_file>
    <value>pts_grp_4.csv</value>
  </plot_file>
  <ref_class>
    <code>Forest stable</code>
  </ref_class>
  <confidence>
    <code>hi</code>
  </confidence>
  <comments />
</plot>