<?xml version='1.0' standalone='yes' ?>
<plot step="1" created="2017-09-13T12:06:24.222+07:00" modified="2017-09-13T12:06:30.364+07:00">
  <id>
    <value>427</value>
  </id>
  <location>
    <x>106.331726688713</x>
    <y>12.872181635151</y>
    <srs>EPSG:4326</srs>
  </location>
  <operator>
    <value>sampreap</value>
  </operator>
  <elevation>
    <value>119</value>
  </elevation>
  <slope>
    <value>0.0121553480949653</value>
  </slope>
  <aspect>
    <value>4.45281312016347</value>
  </aspect>
  <region>
    <value>Kr&#226;ch&#233;h</value>
  </region>
  <country>
    <value>Cambodia</value>
  </country>
  <geometry>
    <value>points</value>
  </geometry>
  <area>
    <value>1.0</value>
  </area>
  <map_class>
    <code>Forest stable</code>
  </map_class>
  <actively_saved>
    <value>true</value>
  </actively_saved>
  <actively_saved_on>
    <year>2017</year>
    <month>9</month>
    <day>13</day>
  </actively_saved_on>
  <plot_file>
    <value>pts_grp_4.csv</value>
  </plot_file>
  <ref_class>
    <code>Forest stable</code>
  </ref_class>
  <confidence>
    <code>hi</code>
  </confidence>
  <comments />
</plot>