<?xml version='1.0' standalone='yes' ?>
<plot step="1" created="2017-09-13T12:07:42.421+07:00" modified="2017-09-13T12:07:47.854+07:00">
  <id>
    <value>423</value>
  </id>
  <location>
    <x>106.593461785703</x>
    <y>13.5215080091785</y>
    <srs>EPSG:4326</srs>
  </location>
  <operator>
    <value>sampreap</value>
  </operator>
  <elevation>
    <value>86</value>
  </elevation>
  <slope>
    <value>0.00232716375517329</value>
  </slope>
  <aspect>
    <value>3.93768472549623</value>
  </aspect>
  <region>
    <value>R&#244;t&#226;n&#244;kiri</value>
  </region>
  <country>
    <value>Cambodia</value>
  </country>
  <geometry>
    <value>points</value>
  </geometry>
  <area>
    <value>1.0</value>
  </area>
  <map_class>
    <code>Forest stable</code>
  </map_class>
  <actively_saved>
    <value>true</value>
  </actively_saved>
  <actively_saved_on>
    <year>2017</year>
    <month>9</month>
    <day>13</day>
  </actively_saved_on>
  <plot_file>
    <value>pts_grp_4.csv</value>
  </plot_file>
  <ref_class>
    <code>Forest stable</code>
  </ref_class>
  <confidence>
    <code>hi</code>
  </confidence>
  <comments />
</plot>