<?xml version='1.0' standalone='yes' ?>
<plot step="1" created="2017-09-13T13:55:13.734+07:00" modified="2017-09-13T13:55:35.465+07:00">
  <id>
    <value>111</value>
  </id>
  <location>
    <x>107.016990844875</x>
    <y>12.3757039401885</y>
    <srs>EPSG:4326</srs>
  </location>
  <operator>
    <value>sampreap</value>
  </operator>
  <elevation>
    <value>491</value>
  </elevation>
  <slope>
    <value>0.00225234651077551</value>
  </slope>
  <aspect>
    <value>5.84008265987991</value>
  </aspect>
  <region>
    <value>M&#244;nd&#243;l Kiri</value>
  </region>
  <country>
    <value>Cambodia</value>
  </country>
  <geometry>
    <value>points</value>
  </geometry>
  <area>
    <value>1.0</value>
  </area>
  <map_class>
    <code>Deforestation other</code>
  </map_class>
  <actively_saved>
    <value>true</value>
  </actively_saved>
  <actively_saved_on>
    <year>2017</year>
    <month>9</month>
    <day>13</day>
  </actively_saved_on>
  <plot_file>
    <value>pts_grp_4.csv</value>
  </plot_file>
  <ref_class>
    <code>Deforestation crops</code>
  </ref_class>
  <confidence>
    <code>hi</code>
  </confidence>
  <comments>
    <value>convert from forest to crop land</value>
  </comments>
</plot>