<?xml version='1.0' standalone='yes' ?>
<plot step="1" created="2017-09-13T13:58:58.282+07:00" modified="2017-09-13T13:59:02.760+07:00">
  <id>
    <value>622</value>
  </id>
  <location>
    <x>104.065353089484</x>
    <y>12.4548257131866</y>
    <srs>EPSG:4326</srs>
  </location>
  <operator>
    <value>sampreap</value>
  </operator>
  <elevation>
    <value>122</value>
  </elevation>
  <slope>
    <value>0.134818764132403</value>
  </slope>
  <aspect>
    <value>5.11850072898353</value>
  </aspect>
  <region>
    <value>Pouthisat</value>
  </region>
  <country>
    <value>Cambodia</value>
  </country>
  <geometry>
    <value>points</value>
  </geometry>
  <area>
    <value>1.0</value>
  </area>
  <map_class>
    <code>Forest stable</code>
  </map_class>
  <actively_saved>
    <value>true</value>
  </actively_saved>
  <actively_saved_on>
    <year>2017</year>
    <month>9</month>
    <day>13</day>
  </actively_saved_on>
  <plot_file>
    <value>pts_grp_4.csv</value>
  </plot_file>
  <ref_class>
    <code>Forest stable</code>
  </ref_class>
  <confidence>
    <code>hi</code>
  </confidence>
  <comments />
</plot>