<?xml version='1.0' standalone='yes' ?>
<plot step="1" created="2017-09-13T13:59:59.278+07:00" modified="2017-09-13T14:00:04.799+07:00">
  <id>
    <value>929</value>
  </id>
  <location>
    <x>104.755843039423</x>
    <y>14.3870990450048</y>
    <srs>EPSG:4326</srs>
  </location>
  <operator>
    <value>sampreap</value>
  </operator>
  <elevation>
    <value>130</value>
  </elevation>
  <slope>
    <value>0.0553952792745138</value>
  </slope>
  <aspect>
    <value>3.62988570154619</value>
  </aspect>
  <region>
    <value>Preah Vih&#233;ar</value>
  </region>
  <country>
    <value>Cambodia</value>
  </country>
  <geometry>
    <value>points</value>
  </geometry>
  <area>
    <value>1.0</value>
  </area>
  <map_class>
    <code>Forest stable</code>
  </map_class>
  <actively_saved>
    <value>true</value>
  </actively_saved>
  <actively_saved_on>
    <year>2017</year>
    <month>9</month>
    <day>13</day>
  </actively_saved_on>
  <plot_file>
    <value>pts_grp_4.csv</value>
  </plot_file>
  <ref_class>
    <code>Forest stable</code>
  </ref_class>
  <confidence>
    <code>hi</code>
  </confidence>
  <comments />
</plot>