<?xml version='1.0' standalone='yes' ?>
<plot step="1" created="2017-09-13T14:07:29.495+07:00" modified="2017-09-13T14:07:36.992+07:00">
  <id>
    <value>599</value>
  </id>
  <location>
    <x>102.383964380451</x>
    <y>13.387188795382</y>
    <srs>EPSG:4326</srs>
  </location>
  <operator>
    <value>sampreap</value>
  </operator>
  <elevation>
    <value>245</value>
  </elevation>
  <slope>
    <value>0.0569039223923413</value>
  </slope>
  <aspect>
    <value>1.19786295000848</value>
  </aspect>
  <region>
    <value>Batd&#226;mb&#226;ng</value>
  </region>
  <country>
    <value>Cambodia</value>
  </country>
  <geometry>
    <value>points</value>
  </geometry>
  <area>
    <value>1.0</value>
  </area>
  <map_class>
    <code>Enhancement</code>
  </map_class>
  <actively_saved>
    <value>true</value>
  </actively_saved>
  <actively_saved_on>
    <year>2017</year>
    <month>9</month>
    <day>13</day>
  </actively_saved_on>
  <plot_file>
    <value>pts_grp_4.csv</value>
  </plot_file>
  <ref_class>
    <code>Forest stable</code>
  </ref_class>
  <confidence>
    <code>hi</code>
  </confidence>
  <comments />
</plot>