<?xml version='1.0' standalone='yes' ?>
<plot step="1" created="2017-09-13T14:09:46.995+07:00" modified="2017-09-13T14:09:52.424+07:00">
  <id>
    <value>669</value>
  </id>
  <location>
    <x>105.148801312551</x>
    <y>11.6493847403384</y>
    <srs>EPSG:4326</srs>
  </location>
  <operator>
    <value>sampreap</value>
  </operator>
  <elevation>
    <value>9</value>
  </elevation>
  <slope>
    <value>9.82514838706183E-4</value>
  </slope>
  <aspect>
    <value>3.73611295806226</value>
  </aspect>
  <region>
    <value>Prey V&#234;ng</value>
  </region>
  <country>
    <value>Cambodia</value>
  </country>
  <geometry>
    <value>points</value>
  </geometry>
  <area>
    <value>1.0</value>
  </area>
  <map_class>
    <code>Non Forest stable</code>
  </map_class>
  <actively_saved>
    <value>true</value>
  </actively_saved>
  <actively_saved_on>
    <year>2017</year>
    <month>9</month>
    <day>13</day>
  </actively_saved_on>
  <plot_file>
    <value>pts_grp_4.csv</value>
  </plot_file>
  <ref_class>
    <code>Non Forest stable</code>
  </ref_class>
  <confidence>
    <code>hi</code>
  </confidence>
  <comments />
</plot>