<?xml version='1.0' standalone='yes' ?>
<plot step="1" created="2017-09-13T14:11:13.438+07:00" modified="2017-09-13T14:11:19.391+07:00">
  <id>
    <value>401</value>
  </id>
  <location>
    <x>104.911710810992</x>
    <y>12.9004998717032</y>
    <srs>EPSG:4326</srs>
  </location>
  <operator>
    <value>sampreap</value>
  </operator>
  <elevation>
    <value>18</value>
  </elevation>
  <slope>
    <value>6.9222075098668E-4</value>
  </slope>
  <aspect>
    <value>3.34264735557772</value>
  </aspect>
  <region>
    <value>K&#226;mp&#243;ng Thum</value>
  </region>
  <country>
    <value>Cambodia</value>
  </country>
  <geometry>
    <value>points</value>
  </geometry>
  <area>
    <value>1.0</value>
  </area>
  <map_class>
    <code>Degradation</code>
  </map_class>
  <actively_saved>
    <value>true</value>
  </actively_saved>
  <actively_saved_on>
    <year>2017</year>
    <month>9</month>
    <day>13</day>
  </actively_saved_on>
  <plot_file>
    <value>pts_grp_4.csv</value>
  </plot_file>
  <ref_class>
    <code>Non Forest stable</code>
  </ref_class>
  <confidence>
    <code>hi</code>
  </confidence>
  <comments />
</plot>