<?xml version='1.0' standalone='yes' ?>
<plot step="1" created="2017-09-13T14:11:30.547+07:00" modified="2017-09-13T14:11:36.592+07:00">
  <id>
    <value>678</value>
  </id>
  <location>
    <x>104.808405576498</x>
    <y>13.8041679118468</y>
    <srs>EPSG:4326</srs>
  </location>
  <operator>
    <value>sampreap</value>
  </operator>
  <elevation>
    <value>69</value>
  </elevation>
  <slope>
    <value>0.00310478715113261</value>
  </slope>
  <aspect>
    <value>0.796692956366962</value>
  </aspect>
  <region>
    <value>Preah Vih&#233;ar</value>
  </region>
  <country>
    <value>Cambodia</value>
  </country>
  <geometry>
    <value>points</value>
  </geometry>
  <area>
    <value>1.0</value>
  </area>
  <map_class>
    <code>Forest stable</code>
  </map_class>
  <actively_saved>
    <value>true</value>
  </actively_saved>
  <actively_saved_on>
    <year>2017</year>
    <month>9</month>
    <day>13</day>
  </actively_saved_on>
  <plot_file>
    <value>pts_grp_4.csv</value>
  </plot_file>
  <ref_class>
    <code>Non Forest stable</code>
  </ref_class>
  <confidence>
    <code>hi</code>
  </confidence>
  <comments />
</plot>