<?xml version='1.0' standalone='yes' ?>
<plot step="1" created="2017-09-13T14:12:38.773+07:00" modified="2017-09-13T14:12:46.016+07:00">
  <id>
    <value>852</value>
  </id>
  <location>
    <x>103.923773500647</x>
    <y>12.3606747772492</y>
    <srs>EPSG:4326</srs>
  </location>
  <operator>
    <value>sampreap</value>
  </operator>
  <elevation>
    <value>48</value>
  </elevation>
  <slope>
    <value>0.0029500018888203</value>
  </slope>
  <aspect>
    <value>5.68743028235251</value>
  </aspect>
  <region>
    <value>Pouthisat</value>
  </region>
  <country>
    <value>Cambodia</value>
  </country>
  <geometry>
    <value>points</value>
  </geometry>
  <area>
    <value>1.0</value>
  </area>
  <map_class>
    <code>Non Forest stable</code>
  </map_class>
  <actively_saved>
    <value>true</value>
  </actively_saved>
  <actively_saved_on>
    <year>2017</year>
    <month>9</month>
    <day>13</day>
  </actively_saved_on>
  <plot_file>
    <value>pts_grp_4.csv</value>
  </plot_file>
  <ref_class>
    <code>Non Forest stable</code>
  </ref_class>
  <confidence>
    <code>hi</code>
  </confidence>
  <comments />
</plot>