<?xml version='1.0' standalone='yes' ?>
<plot step="1" created="2017-09-13T14:20:19.915+07:00" modified="2017-09-13T14:20:42.617+07:00">
  <id>
    <value>550</value>
  </id>
  <location>
    <x>105.297647248763</x>
    <y>12.3632017075274</y>
    <srs>EPSG:4326</srs>
  </location>
  <operator>
    <value>sampreap</value>
  </operator>
  <elevation>
    <value>46</value>
  </elevation>
  <slope>
    <value>0.00350613280243409</value>
  </slope>
  <aspect>
    <value>2.01041907776964</value>
  </aspect>
  <region>
    <value>K&#226;mp&#243;ng Cham</value>
  </region>
  <country>
    <value>Cambodia</value>
  </country>
  <geometry>
    <value>points</value>
  </geometry>
  <area>
    <value>1.0</value>
  </area>
  <map_class>
    <code>Non Forest stable</code>
  </map_class>
  <actively_saved>
    <value>true</value>
  </actively_saved>
  <actively_saved_on>
    <year>2017</year>
    <month>9</month>
    <day>13</day>
  </actively_saved_on>
  <plot_file>
    <value>pts_grp_4.csv</value>
  </plot_file>
  <ref_class>
    <code>Deforestation crops</code>
  </ref_class>
  <confidence>
    <code>hi</code>
  </confidence>
  <comments>
    <value>convert from forest to cop land</value>
  </comments>
</plot>