<?xml version='1.0' standalone='yes' ?>
<plot step="1" created="2017-09-13T14:23:14.373+07:00" modified="2017-09-13T14:23:24.299+07:00">
  <id>
    <value>859</value>
  </id>
  <location>
    <x>103.733979700888</x>
    <y>13.2081816454864</y>
    <srs>EPSG:4326</srs>
  </location>
  <operator>
    <value>sampreap</value>
  </operator>
  <elevation>
    <value>1</value>
  </elevation>
  <slope>
    <value>2.71050543121376E-20</value>
  </slope>
  <aspect>
    <value>1.5707963267949</value>
  </aspect>
  <region>
    <value>Siemr&#233;ab</value>
  </region>
  <country>
    <value>Cambodia</value>
  </country>
  <geometry>
    <value>points</value>
  </geometry>
  <area>
    <value>1.0</value>
  </area>
  <map_class>
    <code>Non Forest stable</code>
  </map_class>
  <actively_saved>
    <value>true</value>
  </actively_saved>
  <actively_saved_on>
    <year>2017</year>
    <month>9</month>
    <day>13</day>
  </actively_saved_on>
  <plot_file>
    <value>pts_grp_4.csv</value>
  </plot_file>
  <ref_class>
    <code>Non Forest stable</code>
  </ref_class>
  <confidence>
    <code>hi</code>
  </confidence>
  <comments />
</plot>