<?xml version='1.0' standalone='yes' ?>
<plot step="1" created="2017-09-13T14:24:42.307+07:00" modified="2017-09-13T14:27:11.120+07:00">
  <id>
    <value>467</value>
  </id>
  <location>
    <x>106.502782855248</x>
    <y>13.2326791987782</y>
    <srs>EPSG:4326</srs>
  </location>
  <operator>
    <value>sampreap</value>
  </operator>
  <elevation>
    <value>158</value>
  </elevation>
  <slope>
    <value>0.00340973405465332</value>
  </slope>
  <aspect>
    <value>5.07857975770929</value>
  </aspect>
  <region>
    <value>M&#244;nd&#243;l Kiri</value>
  </region>
  <country>
    <value>Cambodia</value>
  </country>
  <geometry>
    <value>points</value>
  </geometry>
  <area>
    <value>1.0</value>
  </area>
  <map_class>
    <code>Deforestation rubber</code>
  </map_class>
  <actively_saved>
    <value>true</value>
  </actively_saved>
  <actively_saved_on>
    <year>2017</year>
    <month>9</month>
    <day>13</day>
  </actively_saved_on>
  <plot_file>
    <value>pts_grp_4.csv</value>
  </plot_file>
  <ref_class>
    <code>Deforestation rubber</code>
  </ref_class>
  <confidence>
    <code>hi</code>
  </confidence>
  <comments>
    <value>convert from forest to rubber planation</value>
  </comments>
</plot>