<?xml version='1.0' standalone='yes' ?>
<plot step="1" created="2017-09-13T14:34:09.321+07:00" modified="2017-09-13T14:34:17.505+07:00">
  <id>
    <value>723</value>
  </id>
  <location>
    <x>107.445160351997</x>
    <y>13.7813307070788</y>
    <srs>EPSG:4326</srs>
  </location>
  <operator>
    <value>sampreap</value>
  </operator>
  <elevation>
    <value>141</value>
  </elevation>
  <slope>
    <value>0.00349371899462874</value>
  </slope>
  <aspect>
    <value>5.54209963865579</value>
  </aspect>
  <region>
    <value>R&#244;t&#226;n&#244;kiri</value>
  </region>
  <country>
    <value>Cambodia</value>
  </country>
  <geometry>
    <value>points</value>
  </geometry>
  <area>
    <value>1.0</value>
  </area>
  <map_class>
    <code>Non Forest stable</code>
  </map_class>
  <actively_saved>
    <value>true</value>
  </actively_saved>
  <actively_saved_on>
    <year>2017</year>
    <month>9</month>
    <day>13</day>
  </actively_saved_on>
  <plot_file>
    <value>pts_grp_4.csv</value>
  </plot_file>
  <ref_class>
    <code>Non Forest stable</code>
  </ref_class>
  <confidence>
    <code>hi</code>
  </confidence>
  <comments />
</plot>