<?xml version='1.0' standalone='yes' ?>
<plot step="1" created="2017-09-13T14:40:25.135+07:00" modified="2017-09-13T14:41:02.882+07:00">
  <id>
    <value>893</value>
  </id>
  <location>
    <x>105.894558553403</x>
    <y>12.984156708234</y>
    <srs>EPSG:4326</srs>
  </location>
  <operator>
    <value>sampreap</value>
  </operator>
  <elevation>
    <value>69</value>
  </elevation>
  <slope>
    <value>8.59637408107311E-4</value>
  </slope>
  <aspect>
    <value>0.327553936445248</value>
  </aspect>
  <region>
    <value>Kr&#226;ch&#233;h</value>
  </region>
  <country>
    <value>Cambodia</value>
  </country>
  <geometry>
    <value>points</value>
  </geometry>
  <area>
    <value>1.0</value>
  </area>
  <map_class>
    <code>Deforestation rubber</code>
  </map_class>
  <actively_saved>
    <value>true</value>
  </actively_saved>
  <actively_saved_on>
    <year>2017</year>
    <month>9</month>
    <day>13</day>
  </actively_saved_on>
  <plot_file>
    <value>pts_grp_4.csv</value>
  </plot_file>
  <ref_class>
    <code>Deforestation other</code>
  </ref_class>
  <confidence>
    <code>hi</code>
  </confidence>
  <comments>
    <value>convert from forest to tree plantation</value>
  </comments>
</plot>