<?xml version='1.0' standalone='yes' ?>
<plot step="1" created="2017-09-13T14:48:24.611+07:00" modified="2017-09-13T14:48:30.641+07:00">
  <id>
    <value>547</value>
  </id>
  <location>
    <x>103.64444822239</x>
    <y>11.8152499668958</y>
    <srs>EPSG:4326</srs>
  </location>
  <operator>
    <value>sampreap</value>
  </operator>
  <elevation>
    <value>320</value>
  </elevation>
  <slope>
    <value>0.138208176785204</value>
  </slope>
  <aspect>
    <value>2.21647782797043</value>
  </aspect>
  <region>
    <value>Ka&#244;h Kong</value>
  </region>
  <country>
    <value>Cambodia</value>
  </country>
  <geometry>
    <value>points</value>
  </geometry>
  <area>
    <value>1.0</value>
  </area>
  <map_class>
    <code>Forest stable</code>
  </map_class>
  <actively_saved>
    <value>true</value>
  </actively_saved>
  <actively_saved_on>
    <year>2017</year>
    <month>9</month>
    <day>13</day>
  </actively_saved_on>
  <plot_file>
    <value>pts_grp_4.csv</value>
  </plot_file>
  <ref_class>
    <code>Forest stable</code>
  </ref_class>
  <confidence>
    <code>hi</code>
  </confidence>
  <comments />
</plot>