<?xml version='1.0' standalone='yes' ?>
<plot step="1" created="2017-09-13T14:49:09.793+07:00" modified="2017-09-13T14:49:18.752+07:00">
  <id>
    <value>263</value>
  </id>
  <location>
    <x>103.23544915942</x>
    <y>12.8309411503457</y>
    <srs>EPSG:4326</srs>
  </location>
  <operator>
    <value>sampreap</value>
  </operator>
  <elevation>
    <value>23</value>
  </elevation>
  <slope>
    <value>6.1577988772289E-4</value>
  </slope>
  <aspect>
    <value>1.11453266465475</value>
  </aspect>
  <region>
    <value>Batd&#226;mb&#226;ng</value>
  </region>
  <country>
    <value>Cambodia</value>
  </country>
  <geometry>
    <value>points</value>
  </geometry>
  <area>
    <value>1.0</value>
  </area>
  <map_class>
    <code>Non Forest stable</code>
  </map_class>
  <actively_saved>
    <value>true</value>
  </actively_saved>
  <actively_saved_on>
    <year>2017</year>
    <month>9</month>
    <day>13</day>
  </actively_saved_on>
  <plot_file>
    <value>pts_grp_4.csv</value>
  </plot_file>
  <ref_class>
    <code>Non Forest stable</code>
  </ref_class>
  <confidence>
    <code>hi</code>
  </confidence>
  <comments />
</plot>