<?xml version='1.0' standalone='yes' ?>
<plot step="1" created="2017-09-13T14:52:29.544+07:00" modified="2017-09-13T14:52:37.753+07:00">
  <id>
    <value>827</value>
  </id>
  <location>
    <x>105.813026960722</x>
    <y>12.8073395558556</y>
    <srs>EPSG:4326</srs>
  </location>
  <operator>
    <value>sampreap</value>
  </operator>
  <elevation>
    <value>66</value>
  </elevation>
  <slope>
    <value>0.00412588026837201</value>
  </slope>
  <aspect>
    <value>2.83540566596251</value>
  </aspect>
  <region>
    <value>Kr&#226;ch&#233;h</value>
  </region>
  <country>
    <value>Cambodia</value>
  </country>
  <geometry>
    <value>points</value>
  </geometry>
  <area>
    <value>1.0</value>
  </area>
  <map_class>
    <code>Deforestation rubber</code>
  </map_class>
  <actively_saved>
    <value>true</value>
  </actively_saved>
  <actively_saved_on>
    <year>2017</year>
    <month>9</month>
    <day>13</day>
  </actively_saved_on>
  <plot_file>
    <value>pts_grp_4.csv</value>
  </plot_file>
  <ref_class>
    <code>Non Forest stable</code>
  </ref_class>
  <confidence>
    <code>hi</code>
  </confidence>
  <comments />
</plot>