<?xml version='1.0' standalone='yes' ?>
<plot step="1" created="2017-09-13T14:53:49.397+07:00" modified="2017-09-13T14:53:55.522+07:00">
  <id>
    <value>732</value>
  </id>
  <location>
    <x>104.199524297148</x>
    <y>11.4907626584501</y>
    <srs>EPSG:4326</srs>
  </location>
  <operator>
    <value>sampreap</value>
  </operator>
  <elevation>
    <value>80</value>
  </elevation>
  <slope>
    <value>0.00193858823825927</value>
  </slope>
  <aspect>
    <value>0.692363493930446</value>
  </aspect>
  <region>
    <value>K&#226;mp&#243;ng Sp&#339;</value>
  </region>
  <country>
    <value>Cambodia</value>
  </country>
  <geometry>
    <value>points</value>
  </geometry>
  <area>
    <value>1.0</value>
  </area>
  <map_class>
    <code>Degradation</code>
  </map_class>
  <actively_saved>
    <value>true</value>
  </actively_saved>
  <actively_saved_on>
    <year>2017</year>
    <month>9</month>
    <day>13</day>
  </actively_saved_on>
  <plot_file>
    <value>pts_grp_4.csv</value>
  </plot_file>
  <ref_class>
    <code>Non Forest stable</code>
  </ref_class>
  <confidence>
    <code>hi</code>
  </confidence>
  <comments />
</plot>