<?xml version='1.0' standalone='yes' ?>
<plot step="1" created="2017-09-13T14:54:03.647+07:00" modified="2017-09-13T14:54:10.312+07:00">
  <id>
    <value>106</value>
  </id>
  <location>
    <x>104.874466398585</x>
    <y>10.8436352002459</y>
    <srs>EPSG:4326</srs>
  </location>
  <operator>
    <value>sampreap</value>
  </operator>
  <elevation>
    <value>5</value>
  </elevation>
  <slope>
    <value>7.97623929585193E-4</value>
  </slope>
  <aspect>
    <value>2.10624053852569</value>
  </aspect>
  <region>
    <value>Tak&#234;v</value>
  </region>
  <country>
    <value>Cambodia</value>
  </country>
  <geometry>
    <value>points</value>
  </geometry>
  <area>
    <value>1.0</value>
  </area>
  <map_class>
    <code>Non Forest stable</code>
  </map_class>
  <actively_saved>
    <value>true</value>
  </actively_saved>
  <actively_saved_on>
    <year>2017</year>
    <month>9</month>
    <day>13</day>
  </actively_saved_on>
  <plot_file>
    <value>pts_grp_4.csv</value>
  </plot_file>
  <ref_class>
    <code>Non Forest stable</code>
  </ref_class>
  <confidence>
    <code>hi</code>
  </confidence>
  <comments />
</plot>