<?xml version='1.0' standalone='yes' ?>
<plot step="1" created="2017-09-13T14:55:10.964+07:00" modified="2017-09-13T14:55:15.984+07:00">
  <id>
    <value>86</value>
  </id>
  <location>
    <x>105.403413188149</x>
    <y>11.1187303107615</y>
    <srs>EPSG:4326</srs>
  </location>
  <operator>
    <value>sampreap</value>
  </operator>
  <elevation>
    <value>6</value>
  </elevation>
  <slope>
    <value>4.29511263302551E-4</value>
  </slope>
  <aspect>
    <value>2.81615238343803</value>
  </aspect>
  <region>
    <value>Prey V&#234;ng</value>
  </region>
  <country>
    <value>Cambodia</value>
  </country>
  <geometry>
    <value>points</value>
  </geometry>
  <area>
    <value>1.0</value>
  </area>
  <map_class>
    <code>Non Forest stable</code>
  </map_class>
  <actively_saved>
    <value>true</value>
  </actively_saved>
  <actively_saved_on>
    <year>2017</year>
    <month>9</month>
    <day>13</day>
  </actively_saved_on>
  <plot_file>
    <value>pts_grp_4.csv</value>
  </plot_file>
  <ref_class>
    <code>Non Forest stable</code>
  </ref_class>
  <confidence>
    <code>hi</code>
  </confidence>
  <comments />
</plot>