<?xml version='1.0' standalone='yes' ?>
<plot step="1" created="2017-09-13T14:56:07.960+07:00" modified="2017-09-13T14:56:13.280+07:00">
  <id>
    <value>349</value>
  </id>
  <location>
    <x>103.398741524922</x>
    <y>12.2159014359886</y>
    <srs>EPSG:4326</srs>
  </location>
  <operator>
    <value>sampreap</value>
  </operator>
  <elevation>
    <value>665</value>
  </elevation>
  <slope>
    <value>0.0872742783915344</value>
  </slope>
  <aspect>
    <value>1.25877710964659</value>
  </aspect>
  <region>
    <value>Pouthisat</value>
  </region>
  <country>
    <value>Cambodia</value>
  </country>
  <geometry>
    <value>points</value>
  </geometry>
  <area>
    <value>1.0</value>
  </area>
  <map_class>
    <code>Forest stable</code>
  </map_class>
  <actively_saved>
    <value>true</value>
  </actively_saved>
  <actively_saved_on>
    <year>2017</year>
    <month>9</month>
    <day>13</day>
  </actively_saved_on>
  <plot_file>
    <value>pts_grp_4.csv</value>
  </plot_file>
  <ref_class>
    <code>Forest stable</code>
  </ref_class>
  <confidence>
    <code>hi</code>
  </confidence>
  <comments />
</plot>