<?xml version='1.0' standalone='yes' ?>
<plot step="1" created="2017-09-13T14:57:12.567+07:00" modified="2017-09-13T14:57:21.521+07:00">
  <id>
    <value>46</value>
  </id>
  <location>
    <x>104.153465593448</x>
    <y>11.5144813606262</y>
    <srs>EPSG:4326</srs>
  </location>
  <operator>
    <value>sampreap</value>
  </operator>
  <elevation>
    <value>139</value>
  </elevation>
  <slope>
    <value>0.0109076177524267</value>
  </slope>
  <aspect>
    <value>3.24261756318981</value>
  </aspect>
  <region>
    <value>K&#226;mp&#243;ng Sp&#339;</value>
  </region>
  <country>
    <value>Cambodia</value>
  </country>
  <geometry>
    <value>points</value>
  </geometry>
  <area>
    <value>1.0</value>
  </area>
  <map_class>
    <code>Degradation</code>
  </map_class>
  <actively_saved>
    <value>true</value>
  </actively_saved>
  <actively_saved_on>
    <year>2017</year>
    <month>9</month>
    <day>13</day>
  </actively_saved_on>
  <plot_file>
    <value>pts_grp_4.csv</value>
  </plot_file>
  <ref_class>
    <code>Non Forest stable</code>
  </ref_class>
  <confidence>
    <code>hi</code>
  </confidence>
  <comments />
</plot>