<?xml version='1.0' standalone='yes' ?>
<plot step="1" created="2017-09-13T14:58:26.640+07:00" modified="2017-09-13T15:01:56.730+07:00">
  <id>
    <value>169</value>
  </id>
  <location>
    <x>105.78199835203</x>
    <y>11.8983361690745</y>
    <srs>EPSG:4326</srs>
  </location>
  <operator>
    <value>sampreap</value>
  </operator>
  <elevation>
    <value>46</value>
  </elevation>
  <slope>
    <value>0.00850799277836235</value>
  </slope>
  <aspect>
    <value>3.88903797569949</value>
  </aspect>
  <region>
    <value>Tbong Khmum</value>
  </region>
  <country>
    <value>Cambodia</value>
  </country>
  <geometry>
    <value>points</value>
  </geometry>
  <area>
    <value>1.0</value>
  </area>
  <map_class>
    <code>Deforestation other</code>
  </map_class>
  <actively_saved>
    <value>true</value>
  </actively_saved>
  <actively_saved_on>
    <year>2017</year>
    <month>9</month>
    <day>13</day>
  </actively_saved_on>
  <plot_file>
    <value>pts_grp_4.csv</value>
  </plot_file>
  <ref_class>
    <code>Deforestation other</code>
  </ref_class>
  <confidence>
    <code>hi</code>
  </confidence>
  <comments>
    <value>convert from teck plantationto bult-up area</value>
  </comments>
</plot>