<?xml version='1.0' standalone='yes' ?>
<plot step="1" created="2017-09-12T14:32:21.260+07:00" modified="2017-09-12T14:39:27.226+07:00">
  <id>
    <value>750</value>
  </id>
  <location>
    <x>103.936152204873</x>
    <y>12.6387509386556</y>
    <srs>EPSG:4326</srs>
  </location>
  <operator>
    <value>sereyoudom</value>
  </operator>
  <elevation>
    <value>13</value>
  </elevation>
  <slope>
    <value>1.93576864267501E-4</value>
  </slope>
  <aspect>
    <value>5.4888838062607</value>
  </aspect>
  <region>
    <value>Pouthisat</value>
  </region>
  <country>
    <value>Cambodia</value>
  </country>
  <geometry>
    <value>points</value>
  </geometry>
  <area>
    <value>1.0</value>
  </area>
  <map_class>
    <code>Non Forest stable</code>
  </map_class>
  <actively_saved>
    <value>true</value>
  </actively_saved>
  <actively_saved_on>
    <year>2017</year>
    <month>9</month>
    <day>12</day>
  </actively_saved_on>
  <plot_file>
    <value>pts_grp_6.csv</value>
  </plot_file>
  <ref_class>
    <code>Non Forest stable</code>
  </ref_class>
  <confidence>
    <code>hi</code>
  </confidence>
  <comments />
</plot>