<?xml version='1.0' standalone='yes' ?>
<plot step="1" created="2017-09-13T11:29:35.424+07:00" modified="2017-09-13T11:29:39.880+07:00">
  <id>
    <value>409</value>
  </id>
  <location>
    <x>106.767246774252</x>
    <y>12.165480452724</y>
    <srs>EPSG:4326</srs>
  </location>
  <operator>
    <value>sereyoudom</value>
  </operator>
  <elevation>
    <value>143</value>
  </elevation>
  <slope>
    <value>0.00324208289868159</value>
  </slope>
  <aspect>
    <value>4.92315554080674</value>
  </aspect>
  <region>
    <value>Kr&#226;ch&#233;h</value>
  </region>
  <country>
    <value>Cambodia</value>
  </country>
  <geometry>
    <value>points</value>
  </geometry>
  <area>
    <value>1.0</value>
  </area>
  <map_class>
    <code>Non Forest stable</code>
  </map_class>
  <actively_saved>
    <value>true</value>
  </actively_saved>
  <actively_saved_on>
    <year>2017</year>
    <month>9</month>
    <day>13</day>
  </actively_saved_on>
  <plot_file>
    <value>pts_grp_6.csv</value>
  </plot_file>
  <ref_class>
    <code>Non Forest stable</code>
  </ref_class>
  <confidence>
    <code>hi</code>
  </confidence>
  <comments />
</plot>