<?xml version='1.0' standalone='yes' ?>
<plot step="1" created="2017-09-13T11:32:05.728+07:00" modified="2017-09-13T11:32:09.785+07:00">
  <id>
    <value>696</value>
  </id>
  <location>
    <x>106.218327572073</x>
    <y>13.0573056504291</y>
    <srs>EPSG:4326</srs>
  </location>
  <operator>
    <value>sereyoudom</value>
  </operator>
  <elevation>
    <value>52</value>
  </elevation>
  <slope>
    <value>0.00118219020840019</value>
  </slope>
  <aspect>
    <value>4.101316843395</value>
  </aspect>
  <region>
    <value>Kr&#226;ch&#233;h</value>
  </region>
  <country>
    <value>Cambodia</value>
  </country>
  <geometry>
    <value>points</value>
  </geometry>
  <area>
    <value>1.0</value>
  </area>
  <map_class>
    <code>Forest stable</code>
  </map_class>
  <actively_saved>
    <value>true</value>
  </actively_saved>
  <actively_saved_on>
    <year>2017</year>
    <month>9</month>
    <day>13</day>
  </actively_saved_on>
  <plot_file>
    <value>pts_grp_6.csv</value>
  </plot_file>
  <ref_class>
    <code>Forest stable</code>
  </ref_class>
  <confidence>
    <code>hi</code>
  </confidence>
  <comments />
</plot>