<?xml version='1.0' standalone='yes' ?>
<plot step="1" created="2017-09-13T11:33:20.161+07:00" modified="2017-09-13T11:33:24.257+07:00">
  <id>
    <value>286</value>
  </id>
  <location>
    <x>107.411975671377</x>
    <y>12.9725807084272</y>
    <srs>EPSG:4326</srs>
  </location>
  <operator>
    <value>sereyoudom</value>
  </operator>
  <elevation>
    <value>203</value>
  </elevation>
  <slope>
    <value>0.0236876539758865</value>
  </slope>
  <aspect>
    <value>2.09886695077734</value>
  </aspect>
  <region>
    <value>M&#244;nd&#243;l Kiri</value>
  </region>
  <country>
    <value>Cambodia</value>
  </country>
  <geometry>
    <value>points</value>
  </geometry>
  <area>
    <value>1.0</value>
  </area>
  <map_class>
    <code>Forest stable</code>
  </map_class>
  <actively_saved>
    <value>true</value>
  </actively_saved>
  <actively_saved_on>
    <year>2017</year>
    <month>9</month>
    <day>13</day>
  </actively_saved_on>
  <plot_file>
    <value>pts_grp_6.csv</value>
  </plot_file>
  <ref_class>
    <code>Forest stable</code>
  </ref_class>
  <confidence>
    <code>hi</code>
  </confidence>
  <comments />
</plot>