<?xml version='1.0' standalone='yes' ?>
<plot step="1" created="2017-09-13T11:33:59.061+07:00" modified="2017-09-13T11:34:07.216+07:00">
  <id>
    <value>446</value>
  </id>
  <location>
    <x>105.47735189103</x>
    <y>12.5466618095202</y>
    <srs>EPSG:4326</srs>
  </location>
  <operator>
    <value>sereyoudom</value>
  </operator>
  <elevation>
    <value>68</value>
  </elevation>
  <slope>
    <value>0.0065638321373479</value>
  </slope>
  <aspect>
    <value>6.15666433170106</value>
  </aspect>
  <region>
    <value>K&#226;mp&#243;ng Thum</value>
  </region>
  <country>
    <value>Cambodia</value>
  </country>
  <geometry>
    <value>points</value>
  </geometry>
  <area>
    <value>1.0</value>
  </area>
  <map_class>
    <code>Non Forest stable</code>
  </map_class>
  <actively_saved>
    <value>true</value>
  </actively_saved>
  <actively_saved_on>
    <year>2017</year>
    <month>9</month>
    <day>13</day>
  </actively_saved_on>
  <plot_file>
    <value>pts_grp_6.csv</value>
  </plot_file>
  <ref_class>
    <code>Non Forest stable</code>
  </ref_class>
  <confidence>
    <code>hi</code>
  </confidence>
  <comments />
</plot>