<?xml version='1.0' standalone='yes' ?>
<plot step="1" created="2017-09-13T11:35:07.094+07:00" modified="2017-09-13T11:35:48.688+07:00">
  <id>
    <value>847</value>
  </id>
  <location>
    <x>107.265652912399</x>
    <y>13.5398048557006</y>
    <srs>EPSG:4326</srs>
  </location>
  <operator>
    <value>sereyoudom</value>
  </operator>
  <elevation>
    <value>160</value>
  </elevation>
  <slope>
    <value>0.0032591035429569</value>
  </slope>
  <aspect>
    <value>1.78044569188902</value>
  </aspect>
  <region>
    <value>R&#244;t&#226;n&#244;kiri</value>
  </region>
  <country>
    <value>Cambodia</value>
  </country>
  <geometry>
    <value>points</value>
  </geometry>
  <area>
    <value>1.0</value>
  </area>
  <map_class>
    <code>Forest stable</code>
  </map_class>
  <actively_saved>
    <value>true</value>
  </actively_saved>
  <actively_saved_on>
    <year>2017</year>
    <month>9</month>
    <day>13</day>
  </actively_saved_on>
  <plot_file>
    <value>pts_grp_6.csv</value>
  </plot_file>
  <ref_class>
    <code>Forest stable</code>
  </ref_class>
  <confidence>
    <code>hi</code>
  </confidence>
  <comments />
</plot>