<?xml version='1.0' standalone='yes' ?>
<plot step="1" created="2017-09-13T11:38:09.441+07:00" modified="2017-09-13T11:38:12.960+07:00">
  <id>
    <value>96</value>
  </id>
  <location>
    <x>105.09372961254</x>
    <y>13.1342977995903</y>
    <srs>EPSG:4326</srs>
  </location>
  <operator>
    <value>sereyoudom</value>
  </operator>
  <elevation>
    <value>98</value>
  </elevation>
  <slope>
    <value>0.0123677552833076</value>
  </slope>
  <aspect>
    <value>1.74719640518025</value>
  </aspect>
  <region>
    <value>Preah Vih&#233;ar</value>
  </region>
  <country>
    <value>Cambodia</value>
  </country>
  <geometry>
    <value>points</value>
  </geometry>
  <area>
    <value>1.0</value>
  </area>
  <map_class>
    <code>Deforestation rubber</code>
  </map_class>
  <actively_saved>
    <value>true</value>
  </actively_saved>
  <actively_saved_on>
    <year>2017</year>
    <month>9</month>
    <day>13</day>
  </actively_saved_on>
  <plot_file>
    <value>pts_grp_6.csv</value>
  </plot_file>
  <ref_class>
    <code>Deforestation other</code>
  </ref_class>
  <confidence>
    <code>hi</code>
  </confidence>
  <comments />
</plot>