<?xml version='1.0' standalone='yes' ?>
<plot step="1" created="2017-09-13T11:38:22.639+07:00" modified="2017-09-13T11:38:27.079+07:00">
  <id>
    <value>174</value>
  </id>
  <location>
    <x>102.937152029431</x>
    <y>12.6176838943725</y>
    <srs>EPSG:4326</srs>
  </location>
  <operator>
    <value>sereyoudom</value>
  </operator>
  <elevation>
    <value>98</value>
  </elevation>
  <slope>
    <value>0.00349886285310548</value>
  </slope>
  <aspect>
    <value>5.59977307489577</value>
  </aspect>
  <region>
    <value>Batd&#226;mb&#226;ng</value>
  </region>
  <country>
    <value>Cambodia</value>
  </country>
  <geometry>
    <value>points</value>
  </geometry>
  <area>
    <value>1.0</value>
  </area>
  <map_class>
    <code>Non Forest stable</code>
  </map_class>
  <actively_saved>
    <value>true</value>
  </actively_saved>
  <actively_saved_on>
    <year>2017</year>
    <month>9</month>
    <day>13</day>
  </actively_saved_on>
  <plot_file>
    <value>pts_grp_6.csv</value>
  </plot_file>
  <ref_class>
    <code>Non Forest stable</code>
  </ref_class>
  <confidence>
    <code>hi</code>
  </confidence>
  <comments />
</plot>