<?xml version='1.0' standalone='yes' ?>
<plot step="1" created="2017-09-13T11:38:42.623+07:00" modified="2017-09-13T11:38:58.137+07:00">
  <id>
    <value>156</value>
  </id>
  <location>
    <x>105.230500708494</x>
    <y>13.7910333533665</y>
    <srs>EPSG:4326</srs>
  </location>
  <operator>
    <value>sereyoudom</value>
  </operator>
  <elevation>
    <value>75</value>
  </elevation>
  <slope>
    <value>0.00192700094222474</value>
  </slope>
  <aspect>
    <value>4.35269753982815</value>
  </aspect>
  <region>
    <value>Preah Vih&#233;ar</value>
  </region>
  <country>
    <value>Cambodia</value>
  </country>
  <geometry>
    <value>points</value>
  </geometry>
  <area>
    <value>1.0</value>
  </area>
  <map_class>
    <code>Enhancement</code>
  </map_class>
  <actively_saved>
    <value>true</value>
  </actively_saved>
  <actively_saved_on>
    <year>2017</year>
    <month>9</month>
    <day>13</day>
  </actively_saved_on>
  <plot_file>
    <value>pts_grp_6.csv</value>
  </plot_file>
  <ref_class>
    <code>Forest stable</code>
  </ref_class>
  <confidence>
    <code>hi</code>
  </confidence>
  <comments />
</plot>