<?xml version='1.0' standalone='yes' ?>
<plot step="1" created="2017-09-13T11:39:57.552+07:00" modified="2017-09-13T11:40:02.429+07:00">
  <id>
    <value>558</value>
  </id>
  <location>
    <x>103.754610127966</x>
    <y>10.7482672429843</y>
    <srs>EPSG:4326</srs>
  </location>
  <operator>
    <value>sereyoudom</value>
  </operator>
  <elevation>
    <value>78</value>
  </elevation>
  <slope>
    <value>0.027095684871508</value>
  </slope>
  <aspect>
    <value>4.90375653931824</value>
  </aspect>
  <region>
    <value>Krong Preah Sihanouk</value>
  </region>
  <country>
    <value>Cambodia</value>
  </country>
  <geometry>
    <value>points</value>
  </geometry>
  <area>
    <value>1.0</value>
  </area>
  <map_class>
    <code>Degradation</code>
  </map_class>
  <actively_saved>
    <value>true</value>
  </actively_saved>
  <actively_saved_on>
    <year>2017</year>
    <month>9</month>
    <day>13</day>
  </actively_saved_on>
  <plot_file>
    <value>pts_grp_6.csv</value>
  </plot_file>
  <ref_class>
    <code>Deforestation other</code>
  </ref_class>
  <confidence>
    <code>hi</code>
  </confidence>
  <comments />
</plot>