<?xml version='1.0' standalone='yes' ?>
<plot step="1" created="2017-09-13T11:41:30.777+07:00" modified="2017-09-13T11:41:33.688+07:00">
  <id>
    <value>293</value>
  </id>
  <location>
    <x>105.397067489327</x>
    <y>12.2941104865491</y>
    <srs>EPSG:4326</srs>
  </location>
  <operator>
    <value>sereyoudom</value>
  </operator>
  <elevation>
    <value>53</value>
  </elevation>
  <slope>
    <value>0.00104765025588943</value>
  </slope>
  <aspect>
    <value>4.31343347810698</value>
  </aspect>
  <region>
    <value>K&#226;mp&#243;ng Cham</value>
  </region>
  <country>
    <value>Cambodia</value>
  </country>
  <geometry>
    <value>points</value>
  </geometry>
  <area>
    <value>1.0</value>
  </area>
  <map_class>
    <code>Non Forest stable</code>
  </map_class>
  <actively_saved>
    <value>true</value>
  </actively_saved>
  <actively_saved_on>
    <year>2017</year>
    <month>9</month>
    <day>13</day>
  </actively_saved_on>
  <plot_file>
    <value>pts_grp_6.csv</value>
  </plot_file>
  <ref_class>
    <code>Non Forest stable</code>
  </ref_class>
  <confidence>
    <code>hi</code>
  </confidence>
  <comments />
</plot>