<?xml version='1.0' standalone='yes' ?>
<plot step="1" created="2017-09-13T11:43:14.135+07:00" modified="2017-09-13T11:43:18.617+07:00">
  <id>
    <value>133</value>
  </id>
  <location>
    <x>104.424666299713</x>
    <y>12.8520960872192</y>
    <srs>EPSG:4326</srs>
  </location>
  <operator>
    <value>sereyoudom</value>
  </operator>
  <elevation>
    <value>11</value>
  </elevation>
  <slope>
    <value>4.29795043605836E-4</value>
  </slope>
  <aspect>
    <value>0.327391342346458</value>
  </aspect>
  <region>
    <value>K&#226;mp&#243;ng Thum</value>
  </region>
  <country>
    <value>Cambodia</value>
  </country>
  <geometry>
    <value>points</value>
  </geometry>
  <area>
    <value>1.0</value>
  </area>
  <map_class>
    <code>Forest stable</code>
  </map_class>
  <actively_saved>
    <value>true</value>
  </actively_saved>
  <actively_saved_on>
    <year>2017</year>
    <month>9</month>
    <day>13</day>
  </actively_saved_on>
  <plot_file>
    <value>pts_grp_6.csv</value>
  </plot_file>
  <ref_class>
    <code>Non Forest stable</code>
  </ref_class>
  <confidence>
    <code>hi</code>
  </confidence>
  <comments />
</plot>