<?xml version='1.0' standalone='yes' ?>
<plot step="1" created="2017-09-13T11:43:35.240+07:00" modified="2017-09-13T11:43:39.758+07:00">
  <id>
    <value>246</value>
  </id>
  <location>
    <x>103.224434042251</x>
    <y>13.9284580653828</y>
    <srs>EPSG:4326</srs>
  </location>
  <operator>
    <value>sereyoudom</value>
  </operator>
  <elevation>
    <value>44</value>
  </elevation>
  <slope>
    <value>0.00507704911515995</value>
  </slope>
  <aspect>
    <value>2.86462168221869</value>
  </aspect>
  <region>
    <value>B&#226;nt&#233;ay M&#233;anchey</value>
  </region>
  <country>
    <value>Cambodia</value>
  </country>
  <geometry>
    <value>points</value>
  </geometry>
  <area>
    <value>1.0</value>
  </area>
  <map_class>
    <code>Deforestation other</code>
  </map_class>
  <actively_saved>
    <value>true</value>
  </actively_saved>
  <actively_saved_on>
    <year>2017</year>
    <month>9</month>
    <day>13</day>
  </actively_saved_on>
  <plot_file>
    <value>pts_grp_6.csv</value>
  </plot_file>
  <ref_class>
    <code>Non Forest stable</code>
  </ref_class>
  <confidence>
    <code>hi</code>
  </confidence>
  <comments />
</plot>