<?xml version='1.0' standalone='yes' ?>
<plot step="1" created="2017-09-13T11:45:15.663+07:00" modified="2017-09-13T11:45:23.134+07:00">
  <id>
    <value>116</value>
  </id>
  <location>
    <x>107.430446962661</x>
    <y>13.2951043029444</y>
    <srs>EPSG:4326</srs>
  </location>
  <operator>
    <value>sereyoudom</value>
  </operator>
  <elevation>
    <value>131</value>
  </elevation>
  <slope>
    <value>0.00318333472542137</value>
  </slope>
  <aspect>
    <value>5.92779379556723</value>
  </aspect>
  <region>
    <value>M&#244;nd&#243;l Kiri</value>
  </region>
  <country>
    <value>Cambodia</value>
  </country>
  <geometry>
    <value>points</value>
  </geometry>
  <area>
    <value>1.0</value>
  </area>
  <map_class>
    <code>Forest stable</code>
  </map_class>
  <actively_saved>
    <value>true</value>
  </actively_saved>
  <actively_saved_on>
    <year>2017</year>
    <month>9</month>
    <day>13</day>
  </actively_saved_on>
  <plot_file>
    <value>pts_grp_6.csv</value>
  </plot_file>
  <ref_class>
    <code>Forest stable</code>
  </ref_class>
  <confidence>
    <code>hi</code>
  </confidence>
  <comments />
</plot>