<?xml version='1.0' standalone='yes' ?>
<plot step="1" created="2017-09-13T11:46:13.096+07:00" modified="2017-09-13T11:46:20.825+07:00">
  <id>
    <value>803</value>
  </id>
  <location>
    <x>102.711761314575</x>
    <y>12.5372953854115</y>
    <srs>EPSG:4326</srs>
  </location>
  <operator>
    <value>sereyoudom</value>
  </operator>
  <elevation>
    <value>320</value>
  </elevation>
  <slope>
    <value>0.0524877961068291</value>
  </slope>
  <aspect>
    <value>0.460112645495871</value>
  </aspect>
  <region>
    <value>Batd&#226;mb&#226;ng</value>
  </region>
  <country>
    <value>Cambodia</value>
  </country>
  <geometry>
    <value>points</value>
  </geometry>
  <area>
    <value>1.0</value>
  </area>
  <map_class>
    <code>Forest stable</code>
  </map_class>
  <actively_saved>
    <value>true</value>
  </actively_saved>
  <actively_saved_on>
    <year>2017</year>
    <month>9</month>
    <day>13</day>
  </actively_saved_on>
  <plot_file>
    <value>pts_grp_6.csv</value>
  </plot_file>
  <ref_class>
    <code>Forest stable</code>
  </ref_class>
  <confidence>
    <code>hi</code>
  </confidence>
  <comments />
</plot>