<?xml version='1.0' standalone='yes' ?>
<plot step="1" created="2017-09-13T11:46:34.775+07:00" modified="2017-09-13T11:46:39.897+07:00">
  <id>
    <value>621</value>
  </id>
  <location>
    <x>103.166796696558</x>
    <y>11.2595043009094</y>
    <srs>EPSG:4326</srs>
  </location>
  <operator>
    <value>sereyoudom</value>
  </operator>
  <elevation>
    <value>46</value>
  </elevation>
  <slope>
    <value>0.0227132270238058</value>
  </slope>
  <aspect>
    <value>0.672499871285424</value>
  </aspect>
  <region>
    <value>Ka&#244;h Kong</value>
  </region>
  <country>
    <value>Cambodia</value>
  </country>
  <geometry>
    <value>points</value>
  </geometry>
  <area>
    <value>1.0</value>
  </area>
  <map_class>
    <code>Forest stable</code>
  </map_class>
  <actively_saved>
    <value>true</value>
  </actively_saved>
  <actively_saved_on>
    <year>2017</year>
    <month>9</month>
    <day>13</day>
  </actively_saved_on>
  <plot_file>
    <value>pts_grp_6.csv</value>
  </plot_file>
  <ref_class>
    <code>Forest stable</code>
  </ref_class>
  <confidence>
    <code>hi</code>
  </confidence>
  <comments />
</plot>