<?xml version='1.0' standalone='yes' ?>
<plot step="1" created="2017-09-13T11:48:32.216+07:00" modified="2017-09-13T11:48:36.150+07:00">
  <id>
    <value>521</value>
  </id>
  <location>
    <x>103.740159183871</x>
    <y>11.4203073333812</y>
    <srs>EPSG:4326</srs>
  </location>
  <operator>
    <value>sereyoudom</value>
  </operator>
  <elevation>
    <value>28</value>
  </elevation>
  <slope>
    <value>0.00404741975576662</value>
  </slope>
  <aspect>
    <value>5.20080613774953</value>
  </aspect>
  <region>
    <value>Ka&#244;h Kong</value>
  </region>
  <country>
    <value>Cambodia</value>
  </country>
  <geometry>
    <value>points</value>
  </geometry>
  <area>
    <value>1.0</value>
  </area>
  <map_class>
    <code>Forest stable</code>
  </map_class>
  <actively_saved>
    <value>true</value>
  </actively_saved>
  <actively_saved_on>
    <year>2017</year>
    <month>9</month>
    <day>13</day>
  </actively_saved_on>
  <plot_file>
    <value>pts_grp_6.csv</value>
  </plot_file>
  <ref_class>
    <code>Forest stable</code>
  </ref_class>
  <confidence>
    <code>hi</code>
  </confidence>
  <comments />
</plot>