<?xml version='1.0' standalone='yes' ?>
<plot step="1" created="2017-09-13T11:49:36.050+07:00" modified="2017-09-13T11:49:39.927+07:00">
  <id>
    <value>809</value>
  </id>
  <location>
    <x>103.092718319758</x>
    <y>12.2262227836974</y>
    <srs>EPSG:4326</srs>
  </location>
  <operator>
    <value>sereyoudom</value>
  </operator>
  <elevation>
    <value>282</value>
  </elevation>
  <slope>
    <value>0.0266877530174145</value>
  </slope>
  <aspect>
    <value>0.757283410402527</value>
  </aspect>
  <region>
    <value>Pouthisat</value>
  </region>
  <country>
    <value>Cambodia</value>
  </country>
  <geometry>
    <value>points</value>
  </geometry>
  <area>
    <value>1.0</value>
  </area>
  <map_class>
    <code>Deforestation rubber</code>
  </map_class>
  <actively_saved>
    <value>true</value>
  </actively_saved>
  <actively_saved_on>
    <year>2017</year>
    <month>9</month>
    <day>13</day>
  </actively_saved_on>
  <plot_file>
    <value>pts_grp_6.csv</value>
  </plot_file>
  <ref_class>
    <code>Deforestation other</code>
  </ref_class>
  <confidence>
    <code>hi</code>
  </confidence>
  <comments />
</plot>