<?xml version='1.0' standalone='yes' ?>
<plot step="1" created="2017-09-13T13:55:49.499+07:00" modified="2017-09-13T13:55:53.409+07:00">
  <id>
    <value>853</value>
  </id>
  <location>
    <x>104.145264412727</x>
    <y>11.1425134420177</y>
    <srs>EPSG:4326</srs>
  </location>
  <operator>
    <value>sereyoudom</value>
  </operator>
  <elevation>
    <value>124</value>
  </elevation>
  <slope>
    <value>0.0107539819230814</value>
  </slope>
  <aspect>
    <value>0.179751713800217</value>
  </aspect>
  <region>
    <value>K&#226;mp&#244;t</value>
  </region>
  <country>
    <value>Cambodia</value>
  </country>
  <geometry>
    <value>points</value>
  </geometry>
  <area>
    <value>1.0</value>
  </area>
  <map_class>
    <code>Non Forest stable</code>
  </map_class>
  <actively_saved>
    <value>true</value>
  </actively_saved>
  <actively_saved_on>
    <year>2017</year>
    <month>9</month>
    <day>13</day>
  </actively_saved_on>
  <plot_file>
    <value>pts_grp_4.csv</value>
  </plot_file>
  <ref_class>
    <code>Non Forest stable</code>
  </ref_class>
  <confidence>
    <code>hi</code>
  </confidence>
  <comments />
</plot>