<?xml version='1.0' standalone='yes' ?>
<plot step="1" created="2017-09-13T13:56:05.550+07:00" modified="2017-09-13T13:56:09.439+07:00">
  <id>
    <value>54</value>
  </id>
  <location>
    <x>104.358539685801</x>
    <y>13.5560688584358</y>
    <srs>EPSG:4326</srs>
  </location>
  <operator>
    <value>sereyoudom</value>
  </operator>
  <elevation>
    <value>63</value>
  </elevation>
  <slope>
    <value>0.00182799684112531</value>
  </slope>
  <aspect>
    <value>2.66927780545854</value>
  </aspect>
  <region>
    <value>Siemr&#233;ab</value>
  </region>
  <country>
    <value>Cambodia</value>
  </country>
  <geometry>
    <value>points</value>
  </geometry>
  <area>
    <value>1.0</value>
  </area>
  <map_class>
    <code>Forest stable</code>
  </map_class>
  <actively_saved>
    <value>true</value>
  </actively_saved>
  <actively_saved_on>
    <year>2017</year>
    <month>9</month>
    <day>13</day>
  </actively_saved_on>
  <plot_file>
    <value>pts_grp_4.csv</value>
  </plot_file>
  <ref_class>
    <code>Non Forest stable</code>
  </ref_class>
  <confidence>
    <code>hi</code>
  </confidence>
  <comments />
</plot>