<?xml version='1.0' standalone='yes' ?>
<plot step="1" created="2017-09-13T13:56:44.828+07:00" modified="2017-09-13T13:56:48.190+07:00">
  <id>
    <value>443</value>
  </id>
  <location>
    <x>104.639070811369</x>
    <y>13.8329375720141</y>
    <srs>EPSG:4326</srs>
  </location>
  <operator>
    <value>sereyoudom</value>
  </operator>
  <elevation>
    <value>71</value>
  </elevation>
  <slope>
    <value>0.00260192605231897</value>
  </slope>
  <aspect>
    <value>2.11924519508872</value>
  </aspect>
  <region>
    <value>Preah Vih&#233;ar</value>
  </region>
  <country>
    <value>Cambodia</value>
  </country>
  <geometry>
    <value>points</value>
  </geometry>
  <area>
    <value>1.0</value>
  </area>
  <map_class>
    <code>Deforestation other</code>
  </map_class>
  <actively_saved>
    <value>true</value>
  </actively_saved>
  <actively_saved_on>
    <year>2017</year>
    <month>9</month>
    <day>13</day>
  </actively_saved_on>
  <plot_file>
    <value>pts_grp_4.csv</value>
  </plot_file>
  <ref_class>
    <code>Non Forest stable</code>
  </ref_class>
  <confidence>
    <code>hi</code>
  </confidence>
  <comments />
</plot>