<?xml version='1.0' standalone='yes' ?>
<plot step="1" created="2017-09-13T13:57:10.075+07:00" modified="2017-09-13T13:57:14.455+07:00">
  <id>
    <value>39</value>
  </id>
  <location>
    <x>103.256959771453</x>
    <y>14.052499898384</y>
    <srs>EPSG:4326</srs>
  </location>
  <operator>
    <value>sereyoudom</value>
  </operator>
  <elevation>
    <value>52</value>
  </elevation>
  <slope>
    <value>0.00321989670871908</value>
  </slope>
  <aspect>
    <value>1.0407623861257</value>
  </aspect>
  <region>
    <value>Otdar Mean Chey</value>
  </region>
  <country>
    <value>Cambodia</value>
  </country>
  <geometry>
    <value>points</value>
  </geometry>
  <area>
    <value>1.0</value>
  </area>
  <map_class>
    <code>Non Forest stable</code>
  </map_class>
  <actively_saved>
    <value>true</value>
  </actively_saved>
  <actively_saved_on>
    <year>2017</year>
    <month>9</month>
    <day>13</day>
  </actively_saved_on>
  <plot_file>
    <value>pts_grp_4.csv</value>
  </plot_file>
  <ref_class>
    <code>Non Forest stable</code>
  </ref_class>
  <confidence>
    <code>hi</code>
  </confidence>
  <comments />
</plot>