<?xml version='1.0' standalone='yes' ?>
<plot step="1" created="2017-09-13T14:00:06.788+07:00" modified="2017-09-13T14:00:10.681+07:00">
  <id>
    <value>397</value>
  </id>
  <location>
    <x>104.762259868665</x>
    <y>12.9462283073549</y>
    <srs>EPSG:4326</srs>
  </location>
  <operator>
    <value>sereyoudom</value>
  </operator>
  <elevation>
    <value>23</value>
  </elevation>
  <slope>
    <value>4.33680868994202E-19</value>
  </slope>
  <aspect>
    <value>4.71238898038469</value>
  </aspect>
  <region>
    <value>K&#226;mp&#243;ng Thum</value>
  </region>
  <country>
    <value>Cambodia</value>
  </country>
  <geometry>
    <value>points</value>
  </geometry>
  <area>
    <value>1.0</value>
  </area>
  <map_class>
    <code>Management</code>
  </map_class>
  <actively_saved>
    <value>true</value>
  </actively_saved>
  <actively_saved_on>
    <year>2017</year>
    <month>9</month>
    <day>13</day>
  </actively_saved_on>
  <plot_file>
    <value>pts_grp_4.csv</value>
  </plot_file>
  <ref_class>
    <code>Forest stable</code>
  </ref_class>
  <confidence>
    <code>hi</code>
  </confidence>
  <comments />
</plot>