<?xml version='1.0' standalone='yes' ?>
<plot step="1" created="2017-09-13T14:00:26.961+07:00" modified="2017-09-13T14:00:29.970+07:00">
  <id>
    <value>216</value>
  </id>
  <location>
    <x>106.396801709855</x>
    <y>14.3045190086558</y>
    <srs>EPSG:4326</srs>
  </location>
  <operator>
    <value>sereyoudom</value>
  </operator>
  <elevation>
    <value>105</value>
  </elevation>
  <slope>
    <value>0.010406149033113</value>
  </slope>
  <aspect>
    <value>3.45398935196817</value>
  </aspect>
  <region>
    <value>St&#339;ng Tr&#234;ng</value>
  </region>
  <country>
    <value>Cambodia</value>
  </country>
  <geometry>
    <value>points</value>
  </geometry>
  <area>
    <value>1.0</value>
  </area>
  <map_class>
    <code>Forest stable</code>
  </map_class>
  <actively_saved>
    <value>true</value>
  </actively_saved>
  <actively_saved_on>
    <year>2017</year>
    <month>9</month>
    <day>13</day>
  </actively_saved_on>
  <plot_file>
    <value>pts_grp_4.csv</value>
  </plot_file>
  <ref_class>
    <code>Forest stable</code>
  </ref_class>
  <confidence>
    <code>hi</code>
  </confidence>
  <comments />
</plot>