<?xml version='1.0' standalone='yes' ?>
<plot step="1" created="2017-09-13T14:01:02.650+07:00" modified="2017-09-13T14:01:08.284+07:00">
  <id>
    <value>549</value>
  </id>
  <location>
    <x>105.966522685136</x>
    <y>11.77076475814</y>
    <srs>EPSG:4326</srs>
  </location>
  <operator>
    <value>sereyoudom</value>
  </operator>
  <elevation>
    <value>40</value>
  </elevation>
  <slope>
    <value>0.00341097973917631</value>
  </slope>
  <aspect>
    <value>3.6470740057892</value>
  </aspect>
  <region>
    <value>Tbong Khmum</value>
  </region>
  <country>
    <value>Cambodia</value>
  </country>
  <geometry>
    <value>points</value>
  </geometry>
  <area>
    <value>1.0</value>
  </area>
  <map_class>
    <code>Non Forest stable</code>
  </map_class>
  <actively_saved>
    <value>true</value>
  </actively_saved>
  <actively_saved_on>
    <year>2017</year>
    <month>9</month>
    <day>13</day>
  </actively_saved_on>
  <plot_file>
    <value>pts_grp_4.csv</value>
  </plot_file>
  <ref_class>
    <code>Non Forest stable</code>
  </ref_class>
  <confidence>
    <code>hi</code>
  </confidence>
  <comments />
</plot>