<?xml version='1.0' standalone='yes' ?>
<plot step="1" created="2017-09-13T14:03:34.723+07:00" modified="2017-09-13T14:03:37.897+07:00">
  <id>
    <value>879</value>
  </id>
  <location>
    <x>106.669411004303</x>
    <y>13.8013279983971</y>
    <srs>EPSG:4326</srs>
  </location>
  <operator>
    <value>sereyoudom</value>
  </operator>
  <elevation>
    <value>91</value>
  </elevation>
  <slope>
    <value>0.00192712153321096</value>
  </slope>
  <aspect>
    <value>4.35272107141429</value>
  </aspect>
  <region>
    <value>R&#244;t&#226;n&#244;kiri</value>
  </region>
  <country>
    <value>Cambodia</value>
  </country>
  <geometry>
    <value>points</value>
  </geometry>
  <area>
    <value>1.0</value>
  </area>
  <map_class>
    <code>Forest stable</code>
  </map_class>
  <actively_saved>
    <value>true</value>
  </actively_saved>
  <actively_saved_on>
    <year>2017</year>
    <month>9</month>
    <day>13</day>
  </actively_saved_on>
  <plot_file>
    <value>pts_grp_4.csv</value>
  </plot_file>
  <ref_class>
    <code>Deforestation other</code>
  </ref_class>
  <confidence>
    <code>hi</code>
  </confidence>
  <comments />
</plot>