<?xml version='1.0' standalone='yes' ?>
<plot step="1" created="2017-09-13T14:05:45.188+07:00" modified="2017-09-13T14:05:50.546+07:00">
  <id>
    <value>89</value>
  </id>
  <location>
    <x>103.575184823347</x>
    <y>11.2435346752889</y>
    <srs>EPSG:4326</srs>
  </location>
  <operator>
    <value>sereyoudom</value>
  </operator>
  <elevation>
    <value>29</value>
  </elevation>
  <slope>
    <value>0.0281649347856332</value>
  </slope>
  <aspect>
    <value>3.01445912209305</value>
  </aspect>
  <region>
    <value>Ka&#244;h Kong</value>
  </region>
  <country>
    <value>Cambodia</value>
  </country>
  <geometry>
    <value>points</value>
  </geometry>
  <area>
    <value>1.0</value>
  </area>
  <map_class>
    <code>Enhancement</code>
  </map_class>
  <actively_saved>
    <value>true</value>
  </actively_saved>
  <actively_saved_on>
    <year>2017</year>
    <month>9</month>
    <day>13</day>
  </actively_saved_on>
  <plot_file>
    <value>pts_grp_4.csv</value>
  </plot_file>
  <ref_class>
    <code>Forest stable</code>
  </ref_class>
  <confidence>
    <code>hi</code>
  </confidence>
  <comments />
</plot>