<?xml version='1.0' standalone='yes' ?>
<plot step="1" created="2017-09-13T14:06:46.521+07:00" modified="2017-09-13T14:06:50.963+07:00">
  <id>
    <value>614</value>
  </id>
  <location>
    <x>106.745483529914</x>
    <y>12.2196774947494</y>
    <srs>EPSG:4326</srs>
  </location>
  <operator>
    <value>sereyoudom</value>
  </operator>
  <elevation>
    <value>144</value>
  </elevation>
  <slope>
    <value>0.00964011330157395</value>
  </slope>
  <aspect>
    <value>0.0429174407266411</value>
  </aspect>
  <region>
    <value>Kr&#226;ch&#233;h</value>
  </region>
  <country>
    <value>Cambodia</value>
  </country>
  <geometry>
    <value>points</value>
  </geometry>
  <area>
    <value>1.0</value>
  </area>
  <map_class>
    <code>Deforestation rubber</code>
  </map_class>
  <actively_saved>
    <value>true</value>
  </actively_saved>
  <actively_saved_on>
    <year>2017</year>
    <month>9</month>
    <day>13</day>
  </actively_saved_on>
  <plot_file>
    <value>pts_grp_4.csv</value>
  </plot_file>
  <ref_class>
    <code>Deforestation other</code>
  </ref_class>
  <confidence>
    <code>hi</code>
  </confidence>
  <comments />
</plot>