<?xml version='1.0' standalone='yes' ?>
<plot step="1" created="2017-09-13T14:07:04.931+07:00" modified="2017-09-13T14:07:08.697+07:00">
  <id>
    <value>882</value>
  </id>
  <location>
    <x>105.74332690562</x>
    <y>13.0742583215002</y>
    <srs>EPSG:4326</srs>
  </location>
  <operator>
    <value>sereyoudom</value>
  </operator>
  <elevation>
    <value>147</value>
  </elevation>
  <slope>
    <value>0.0100184680877462</value>
  </slope>
  <aspect>
    <value>4.60385536759818</value>
  </aspect>
  <region>
    <value>Kr&#226;ch&#233;h</value>
  </region>
  <country>
    <value>Cambodia</value>
  </country>
  <geometry>
    <value>points</value>
  </geometry>
  <area>
    <value>1.0</value>
  </area>
  <map_class>
    <code>Forest stable</code>
  </map_class>
  <actively_saved>
    <value>true</value>
  </actively_saved>
  <actively_saved_on>
    <year>2017</year>
    <month>9</month>
    <day>13</day>
  </actively_saved_on>
  <plot_file>
    <value>pts_grp_4.csv</value>
  </plot_file>
  <ref_class>
    <code>Forest stable</code>
  </ref_class>
  <confidence>
    <code>hi</code>
  </confidence>
  <comments />
</plot>