<?xml version='1.0' standalone='yes' ?>
<plot step="1" created="2017-09-13T14:08:01.263+07:00" modified="2017-09-13T14:08:04.697+07:00">
  <id>
    <value>535</value>
  </id>
  <location>
    <x>106.521455006352</x>
    <y>13.8696006690232</y>
    <srs>EPSG:4326</srs>
  </location>
  <operator>
    <value>sereyoudom</value>
  </operator>
  <elevation>
    <value>138</value>
  </elevation>
  <slope>
    <value>0.0013565533833523</value>
  </slope>
  <aspect>
    <value>3.14159265358979</value>
  </aspect>
  <region>
    <value>St&#339;ng Tr&#234;ng</value>
  </region>
  <country>
    <value>Cambodia</value>
  </country>
  <geometry>
    <value>points</value>
  </geometry>
  <area>
    <value>1.0</value>
  </area>
  <map_class>
    <code>Forest stable</code>
  </map_class>
  <actively_saved>
    <value>true</value>
  </actively_saved>
  <actively_saved_on>
    <year>2017</year>
    <month>9</month>
    <day>13</day>
  </actively_saved_on>
  <plot_file>
    <value>pts_grp_4.csv</value>
  </plot_file>
  <ref_class>
    <code>Forest stable</code>
  </ref_class>
  <confidence>
    <code>hi</code>
  </confidence>
  <comments />
</plot>