<?xml version='1.0' standalone='yes' ?>
<plot step="1" created="2017-09-13T14:09:38.828+07:00" modified="2017-09-13T14:09:42.482+07:00">
  <id>
    <value>417</value>
  </id>
  <location>
    <x>105.477884877307</x>
    <y>13.844700342839</y>
    <srs>EPSG:4326</srs>
  </location>
  <operator>
    <value>sereyoudom</value>
  </operator>
  <elevation>
    <value>116</value>
  </elevation>
  <slope>
    <value>0.0050812930359733</value>
  </slope>
  <aspect>
    <value>1.27273791727208</value>
  </aspect>
  <region>
    <value>Preah Vih&#233;ar</value>
  </region>
  <country>
    <value>Cambodia</value>
  </country>
  <geometry>
    <value>points</value>
  </geometry>
  <area>
    <value>1.0</value>
  </area>
  <map_class>
    <code>Deforestation rubber</code>
  </map_class>
  <actively_saved>
    <value>true</value>
  </actively_saved>
  <actively_saved_on>
    <year>2017</year>
    <month>9</month>
    <day>13</day>
  </actively_saved_on>
  <plot_file>
    <value>pts_grp_4.csv</value>
  </plot_file>
  <ref_class>
    <code>Deforestation other</code>
  </ref_class>
  <confidence>
    <code>hi</code>
  </confidence>
  <comments />
</plot>