<?xml version='1.0' standalone='yes' ?>
<plot step="1" created="2017-09-13T14:10:21.732+07:00" modified="2017-09-13T14:10:26.114+07:00">
  <id>
    <value>394</value>
  </id>
  <location>
    <x>104.673845359634</x>
    <y>11.799688877499</y>
    <srs>EPSG:4326</srs>
  </location>
  <operator>
    <value>sereyoudom</value>
  </operator>
  <elevation>
    <value>21</value>
  </elevation>
  <slope>
    <value>0.00420754557899009</value>
  </slope>
  <aspect>
    <value>0.0327216882233545</value>
  </aspect>
  <region>
    <value>K&#226;mp&#243;ng Sp&#339;</value>
  </region>
  <country>
    <value>Cambodia</value>
  </country>
  <geometry>
    <value>points</value>
  </geometry>
  <area>
    <value>1.0</value>
  </area>
  <map_class>
    <code>Non Forest stable</code>
  </map_class>
  <actively_saved>
    <value>true</value>
  </actively_saved>
  <actively_saved_on>
    <year>2017</year>
    <month>9</month>
    <day>13</day>
  </actively_saved_on>
  <plot_file>
    <value>pts_grp_4.csv</value>
  </plot_file>
  <ref_class>
    <code>Non Forest stable</code>
  </ref_class>
  <confidence>
    <code>hi</code>
  </confidence>
  <comments />
</plot>