<?xml version='1.0' standalone='yes' ?>
<plot step="1" created="2017-09-13T14:13:37.167+07:00" modified="2017-09-13T14:13:41.401+07:00">
  <id>
    <value>107</value>
  </id>
  <location>
    <x>103.975136589013</x>
    <y>10.8452698517548</y>
    <srs>EPSG:4326</srs>
  </location>
  <operator>
    <value>sereyoudom</value>
  </operator>
  <elevation>
    <value>573</value>
  </elevation>
  <slope>
    <value>0.0597997456030283</value>
  </slope>
  <aspect>
    <value>2.12962676947428</value>
  </aspect>
  <region>
    <value>K&#226;mp&#244;t</value>
  </region>
  <country>
    <value>Cambodia</value>
  </country>
  <geometry>
    <value>points</value>
  </geometry>
  <area>
    <value>1.0</value>
  </area>
  <map_class>
    <code>Forest stable</code>
  </map_class>
  <actively_saved>
    <value>true</value>
  </actively_saved>
  <actively_saved_on>
    <year>2017</year>
    <month>9</month>
    <day>13</day>
  </actively_saved_on>
  <plot_file>
    <value>pts_grp_4.csv</value>
  </plot_file>
  <ref_class>
    <code>Forest stable</code>
  </ref_class>
  <confidence>
    <code>hi</code>
  </confidence>
  <comments />
</plot>