<?xml version='1.0' standalone='yes' ?>
<plot step="1" created="2017-09-13T14:13:55.557+07:00" modified="2017-09-13T14:14:00.402+07:00">
  <id>
    <value>877</value>
  </id>
  <location>
    <x>105.259242850642</x>
    <y>12.6352345560627</y>
    <srs>EPSG:4326</srs>
  </location>
  <operator>
    <value>sereyoudom</value>
  </operator>
  <elevation>
    <value>32</value>
  </elevation>
  <slope>
    <value>0.00333144394879171</value>
  </slope>
  <aspect>
    <value>3.76070976700628</value>
  </aspect>
  <region>
    <value>K&#226;mp&#243;ng Thum</value>
  </region>
  <country>
    <value>Cambodia</value>
  </country>
  <geometry>
    <value>points</value>
  </geometry>
  <area>
    <value>1.0</value>
  </area>
  <map_class>
    <code>Non Forest stable</code>
  </map_class>
  <actively_saved>
    <value>true</value>
  </actively_saved>
  <actively_saved_on>
    <year>2017</year>
    <month>9</month>
    <day>13</day>
  </actively_saved_on>
  <plot_file>
    <value>pts_grp_4.csv</value>
  </plot_file>
  <ref_class>
    <code>Non Forest stable</code>
  </ref_class>
  <confidence>
    <code>hi</code>
  </confidence>
  <comments />
</plot>