<?xml version='1.0' standalone='yes' ?>
<plot step="1" created="2017-09-13T14:14:28.301+07:00" modified="2017-09-13T14:14:32.290+07:00">
  <id>
    <value>890</value>
  </id>
  <location>
    <x>103.79086932995</x>
    <y>12.0599217341157</y>
    <srs>EPSG:4326</srs>
  </location>
  <operator>
    <value>sereyoudom</value>
  </operator>
  <elevation>
    <value>305</value>
  </elevation>
  <slope>
    <value>0.0247226685344233</value>
  </slope>
  <aspect>
    <value>3.1973443114467</value>
  </aspect>
  <region>
    <value>Pouthisat</value>
  </region>
  <country>
    <value>Cambodia</value>
  </country>
  <geometry>
    <value>points</value>
  </geometry>
  <area>
    <value>1.0</value>
  </area>
  <map_class>
    <code>Forest stable</code>
  </map_class>
  <actively_saved>
    <value>true</value>
  </actively_saved>
  <actively_saved_on>
    <year>2017</year>
    <month>9</month>
    <day>13</day>
  </actively_saved_on>
  <plot_file>
    <value>pts_grp_4.csv</value>
  </plot_file>
  <ref_class>
    <code>Forest stable</code>
  </ref_class>
  <confidence>
    <code>hi</code>
  </confidence>
  <comments />
</plot>