<?xml version='1.0' standalone='yes' ?>
<plot step="1" created="2017-09-13T14:16:43.957+07:00" modified="2017-09-13T14:16:48.530+07:00">
  <id>
    <value>624</value>
  </id>
  <location>
    <x>103.720097135051</x>
    <y>13.2684753237183</y>
    <srs>EPSG:4326</srs>
  </location>
  <operator>
    <value>sereyoudom</value>
  </operator>
  <elevation>
    <value>8</value>
  </elevation>
  <slope>
    <value>6.09184317549374E-4</value>
  </slope>
  <aspect>
    <value>5.81134804779794</value>
  </aspect>
  <region>
    <value>Siemr&#233;ab</value>
  </region>
  <country>
    <value>Cambodia</value>
  </country>
  <geometry>
    <value>points</value>
  </geometry>
  <area>
    <value>1.0</value>
  </area>
  <map_class>
    <code>Enhancement</code>
  </map_class>
  <actively_saved>
    <value>true</value>
  </actively_saved>
  <actively_saved_on>
    <year>2017</year>
    <month>9</month>
    <day>13</day>
  </actively_saved_on>
  <plot_file>
    <value>pts_grp_4.csv</value>
  </plot_file>
  <ref_class>
    <code>Non Forest stable</code>
  </ref_class>
  <confidence>
    <code>hi</code>
  </confidence>
  <comments />
</plot>