<?xml version='1.0' standalone='yes' ?>
<plot step="1" created="2017-09-13T14:19:25.373+07:00" modified="2017-09-13T14:19:29.257+07:00">
  <id>
    <value>503</value>
  </id>
  <location>
    <x>106.516383247517</x>
    <y>13.1542265597547</y>
    <srs>EPSG:4326</srs>
  </location>
  <operator>
    <value>sereyoudom</value>
  </operator>
  <elevation>
    <value>113</value>
  </elevation>
  <slope>
    <value>0.00319585817123002</value>
  </slope>
  <aspect>
    <value>0.21822325195655</value>
  </aspect>
  <region>
    <value>M&#244;nd&#243;l Kiri</value>
  </region>
  <country>
    <value>Cambodia</value>
  </country>
  <geometry>
    <value>points</value>
  </geometry>
  <area>
    <value>1.0</value>
  </area>
  <map_class>
    <code>Forest stable</code>
  </map_class>
  <actively_saved>
    <value>true</value>
  </actively_saved>
  <actively_saved_on>
    <year>2017</year>
    <month>9</month>
    <day>13</day>
  </actively_saved_on>
  <plot_file>
    <value>pts_grp_4.csv</value>
  </plot_file>
  <ref_class>
    <code>Forest stable</code>
  </ref_class>
  <confidence>
    <code>hi</code>
  </confidence>
  <comments />
</plot>