<?xml version='1.0' standalone='yes' ?>
<plot step="1" created="2017-09-12T16:16:38.108+07:00" modified="2017-09-12T16:18:08.045+07:00">
  <id>
    <value>402</value>
  </id>
  <location>
    <x>106.299342049149</x>
    <y>13.2546829060694</y>
    <srs>EPSG:4326</srs>
  </location>
  <operator>
    <value>sereyoudom</value>
  </operator>
  <elevation>
    <value>104</value>
  </elevation>
  <slope>
    <value>0.0128258304300622</value>
  </slope>
  <aspect>
    <value>3.03345352521037</value>
  </aspect>
  <region>
    <value>Kr&#226;ch&#233;h</value>
  </region>
  <country>
    <value>Cambodia</value>
  </country>
  <geometry>
    <value>points</value>
  </geometry>
  <area>
    <value>1.0</value>
  </area>
  <map_class>
    <code>Non Forest stable</code>
  </map_class>
  <actively_saved>
    <value>true</value>
  </actively_saved>
  <actively_saved_on>
    <year>2017</year>
    <month>9</month>
    <day>12</day>
  </actively_saved_on>
  <plot_file>
    <value>pts_grp_6.csv</value>
  </plot_file>
  <ref_class>
    <code>Non Forest stable</code>
  </ref_class>
  <confidence>
    <code>hi</code>
  </confidence>
  <comments />
</plot>