<?xml version='1.0' standalone='yes' ?>
<plot step="1" created="2017-09-13T10:58:49.697+07:00" modified="2017-09-13T10:58:55.345+07:00">
  <id>
    <value>508</value>
  </id>
  <location>
    <x>102.99058688386</x>
    <y>12.7102141830608</y>
    <srs>EPSG:4326</srs>
  </location>
  <operator>
    <value>sereyoudom</value>
  </operator>
  <elevation>
    <value>88</value>
  </elevation>
  <slope>
    <value>0.00644605787753237</value>
  </slope>
  <aspect>
    <value>4.54322801314053</value>
  </aspect>
  <region>
    <value>Batd&#226;mb&#226;ng</value>
  </region>
  <country>
    <value>Cambodia</value>
  </country>
  <geometry>
    <value>points</value>
  </geometry>
  <area>
    <value>1.0</value>
  </area>
  <map_class>
    <code>Non Forest stable</code>
  </map_class>
  <actively_saved>
    <value>true</value>
  </actively_saved>
  <actively_saved_on>
    <year>2017</year>
    <month>9</month>
    <day>13</day>
  </actively_saved_on>
  <plot_file>
    <value>pts_grp_6.csv</value>
  </plot_file>
  <ref_class>
    <code>Non Forest stable</code>
  </ref_class>
  <confidence>
    <code>hi</code>
  </confidence>
  <comments />
</plot>