<?xml version='1.0' standalone='yes' ?>
<plot step="1" created="2017-09-13T11:09:46.197+07:00" modified="2017-09-13T11:09:49.769+07:00">
  <id>
    <value>494</value>
  </id>
  <location>
    <x>106.239806165089</x>
    <y>12.5796723885502</y>
    <srs>EPSG:4326</srs>
  </location>
  <operator>
    <value>sereyoudom</value>
  </operator>
  <elevation>
    <value>55</value>
  </elevation>
  <slope>
    <value>0.00429744334705897</value>
  </slope>
  <aspect>
    <value>5.9561236256419</value>
  </aspect>
  <region>
    <value>Kr&#226;ch&#233;h</value>
  </region>
  <country>
    <value>Cambodia</value>
  </country>
  <geometry>
    <value>points</value>
  </geometry>
  <area>
    <value>1.0</value>
  </area>
  <map_class>
    <code>Deforestation other</code>
  </map_class>
  <actively_saved>
    <value>true</value>
  </actively_saved>
  <actively_saved_on>
    <year>2017</year>
    <month>9</month>
    <day>13</day>
  </actively_saved_on>
  <plot_file>
    <value>pts_grp_6.csv</value>
  </plot_file>
  <ref_class>
    <code>Non Forest stable</code>
  </ref_class>
  <confidence>
    <code>hi</code>
  </confidence>
  <comments />
</plot>