<?xml version='1.0' standalone='yes' ?>
<plot step="1" created="2017-09-13T11:29:08.618+07:00" modified="2017-09-13T11:29:12.653+07:00">
  <id>
    <value>259</value>
  </id>
  <location>
    <x>102.377355527747</x>
    <y>13.381768429741</y>
    <srs>EPSG:4326</srs>
  </location>
  <operator>
    <value>sereyoudom</value>
  </operator>
  <elevation>
    <value>291</value>
  </elevation>
  <slope>
    <value>0.05793509629662</value>
  </slope>
  <aspect>
    <value>0.627913977284571</value>
  </aspect>
  <region>
    <value>Batd&#226;mb&#226;ng</value>
  </region>
  <country>
    <value>Cambodia</value>
  </country>
  <geometry>
    <value>points</value>
  </geometry>
  <area>
    <value>1.0</value>
  </area>
  <map_class>
    <code>Non Forest stable</code>
  </map_class>
  <actively_saved>
    <value>true</value>
  </actively_saved>
  <actively_saved_on>
    <year>2017</year>
    <month>9</month>
    <day>13</day>
  </actively_saved_on>
  <plot_file>
    <value>pts_grp_6.csv</value>
  </plot_file>
  <ref_class>
    <code>Non Forest stable</code>
  </ref_class>
  <confidence>
    <code>hi</code>
  </confidence>
  <comments />
</plot>