<?xml version='1.0' standalone='yes' ?>
<plot step="1" created="2017-09-12T14:34:42.541+07:00" modified="2017-09-12T14:40:14.738+07:00">
  <id>
    <value>207</value>
  </id>
  <location>
    <x>105.541105484508</x>
    <y>13.4535511670726</y>
    <srs>EPSG:4326</srs>
  </location>
  <operator>
    <value>norin123</value>
  </operator>
  <elevation>
    <value>138</value>
  </elevation>
  <slope>
    <value>0.0108614452316144</value>
  </slope>
  <aspect>
    <value>2.39920891300923</value>
  </aspect>
  <region>
    <value>Preah Vih&#233;ar</value>
  </region>
  <country>
    <value>Cambodia</value>
  </country>
  <geometry>
    <value>points</value>
  </geometry>
  <area>
    <value>1.0</value>
  </area>
  <map_class>
    <code>Deforestation other</code>
  </map_class>
  <actively_saved>
    <value>true</value>
  </actively_saved>
  <actively_saved_on>
    <year>2017</year>
    <month>9</month>
    <day>12</day>
  </actively_saved_on>
  <plot_file>
    <value>pts_grp_5.csv</value>
  </plot_file>
  <ref_class>
    <code>Forest stable</code>
  </ref_class>
  <confidence>
    <code>hi</code>
  </confidence>
  <comments>
    <value>Stable forest along the channel </value>
  </comments>
</plot>