<?xml version='1.0' standalone='yes' ?>
<plot step="1" created="2017-09-12T15:40:49.537+07:00" modified="2017-09-12T15:40:58.685+07:00">
  <id>
    <value>354</value>
  </id>
  <location>
    <x>103.452799945516</x>
    <y>14.0767049196003</y>
    <srs>EPSG:4326</srs>
  </location>
  <operator>
    <value>norin123</value>
  </operator>
  <elevation>
    <value>35</value>
  </elevation>
  <slope>
    <value>0.00189538062908799</value>
  </slope>
  <aspect>
    <value>3.51680542806624</value>
  </aspect>
  <region>
    <value>Otdar Mean Chey</value>
  </region>
  <country>
    <value>Cambodia</value>
  </country>
  <geometry>
    <value>points</value>
  </geometry>
  <area>
    <value>1.0</value>
  </area>
  <map_class>
    <code>Non Forest stable</code>
  </map_class>
  <actively_saved>
    <value>true</value>
  </actively_saved>
  <actively_saved_on>
    <year>2017</year>
    <month>9</month>
    <day>12</day>
  </actively_saved_on>
  <plot_file>
    <value>pts_grp_5.csv</value>
  </plot_file>
  <ref_class>
    <code>Non Forest stable</code>
  </ref_class>
  <confidence>
    <code>hi</code>
  </confidence>
  <comments />
</plot>