<?xml version='1.0' standalone='yes' ?>
<plot step="1" created="2017-09-12T15:42:24.512+07:00" modified="2017-09-12T15:42:31.805+07:00">
  <id>
    <value>56</value>
  </id>
  <location>
    <x>104.391561838683</x>
    <y>11.7524927565514</y>
    <srs>EPSG:4326</srs>
  </location>
  <operator>
    <value>norin123</value>
  </operator>
  <elevation>
    <value>87</value>
  </elevation>
  <slope>
    <value>0.00856481227238897</value>
  </slope>
  <aspect>
    <value>0.656857211623316</value>
  </aspect>
  <region>
    <value>K&#226;mp&#243;ng Sp&#339;</value>
  </region>
  <country>
    <value>Cambodia</value>
  </country>
  <geometry>
    <value>points</value>
  </geometry>
  <area>
    <value>1.0</value>
  </area>
  <map_class>
    <code>Enhancement</code>
  </map_class>
  <actively_saved>
    <value>true</value>
  </actively_saved>
  <actively_saved_on>
    <year>2017</year>
    <month>9</month>
    <day>12</day>
  </actively_saved_on>
  <plot_file>
    <value>pts_grp_5.csv</value>
  </plot_file>
  <ref_class>
    <code>Non Forest stable</code>
  </ref_class>
  <confidence>
    <code>hi</code>
  </confidence>
  <comments />
</plot>