<?xml version='1.0' standalone='yes' ?>
<plot step="1" created="2017-09-12T14:41:55.340+07:00" modified="2017-09-12T14:45:04.863+07:00">
  <id>
    <value>199</value>
  </id>
  <location>
    <x>103.627356413123</x>
    <y>13.0259956639005</y>
    <srs>EPSG:4326</srs>
  </location>
  <operator>
    <value>norin123</value>
  </operator>
  <elevation>
    <value>6</value>
  </elevation>
  <slope>
    <value>7.04719525764507E-4</value>
  </slope>
  <aspect>
    <value>1.76450099185912</value>
  </aspect>
  <region>
    <value>Batd&#226;mb&#226;ng</value>
  </region>
  <country>
    <value>Cambodia</value>
  </country>
  <geometry>
    <value>points</value>
  </geometry>
  <area>
    <value>1.0</value>
  </area>
  <map_class>
    <code>Enhancement</code>
  </map_class>
  <actively_saved>
    <value>true</value>
  </actively_saved>
  <actively_saved_on>
    <year>2017</year>
    <month>9</month>
    <day>12</day>
  </actively_saved_on>
  <plot_file>
    <value>pts_grp_5.csv</value>
  </plot_file>
  <ref_class>
    <code>Forest stable</code>
  </ref_class>
  <confidence>
    <code>hi</code>
  </confidence>
  <comments>
    <value>Flooded Forest</value>
  </comments>
</plot>