<?xml version='1.0' standalone='yes' ?>
<plot step="1" created="2017-09-12T15:53:14.957+07:00" modified="2017-09-12T15:53:22.598+07:00">
  <id>
    <value>192</value>
  </id>
  <location>
    <x>104.58095905412</x>
    <y>12.9705885272717</y>
    <srs>EPSG:4326</srs>
  </location>
  <operator>
    <value>norin123</value>
  </operator>
  <elevation>
    <value>14</value>
  </elevation>
  <slope>
    <value>0.00117461424623872</value>
  </slope>
  <aspect>
    <value>3.77091765977656</value>
  </aspect>
  <region>
    <value>K&#226;mp&#243;ng Thum</value>
  </region>
  <country>
    <value>Cambodia</value>
  </country>
  <geometry>
    <value>points</value>
  </geometry>
  <area>
    <value>1.0</value>
  </area>
  <map_class>
    <code>Non Forest stable</code>
  </map_class>
  <actively_saved>
    <value>true</value>
  </actively_saved>
  <actively_saved_on>
    <year>2017</year>
    <month>9</month>
    <day>12</day>
  </actively_saved_on>
  <plot_file>
    <value>pts_grp_5.csv</value>
  </plot_file>
  <ref_class>
    <code>Non Forest stable</code>
  </ref_class>
  <confidence>
    <code>hi</code>
  </confidence>
  <comments />
</plot>