<?xml version='1.0' standalone='yes' ?>
<plot step="1" created="2017-09-12T16:01:10.261+07:00" modified="2017-09-12T16:01:24.530+07:00">
  <id>
    <value>264</value>
  </id>
  <location>
    <x>103.86685597934</x>
    <y>12.5277548753579</y>
    <srs>EPSG:4326</srs>
  </location>
  <operator>
    <value>norin123</value>
  </operator>
  <elevation>
    <value>21</value>
  </elevation>
  <slope>
    <value>7.03377723183289E-4</value>
  </slope>
  <aspect>
    <value>1.37671743393237</value>
  </aspect>
  <region>
    <value>Pouthisat</value>
  </region>
  <country>
    <value>Cambodia</value>
  </country>
  <geometry>
    <value>points</value>
  </geometry>
  <area>
    <value>1.0</value>
  </area>
  <map_class>
    <code>Non Forest stable</code>
  </map_class>
  <actively_saved>
    <value>true</value>
  </actively_saved>
  <actively_saved_on>
    <year>2017</year>
    <month>9</month>
    <day>12</day>
  </actively_saved_on>
  <plot_file>
    <value>pts_grp_5.csv</value>
  </plot_file>
  <ref_class>
    <code>Non Forest stable</code>
  </ref_class>
  <confidence>
    <code>hi</code>
  </confidence>
  <comments />
</plot>