<?xml version='1.0' standalone='yes' ?>
<plot step="1" created="2017-09-12T16:04:03.422+07:00" modified="2017-09-12T16:04:25.155+07:00">
  <id>
    <value>331</value>
  </id>
  <location>
    <x>107.510905852878</x>
    <y>12.4007732872677</y>
    <srs>EPSG:4326</srs>
  </location>
  <operator>
    <value>norin123</value>
  </operator>
  <elevation>
    <value>805</value>
  </elevation>
  <slope>
    <value>0.0396523192331553</value>
  </slope>
  <aspect>
    <value>0.174769228336443</value>
  </aspect>
  <region>
    <value>M&#244;nd&#243;l Kiri</value>
  </region>
  <country>
    <value>Cambodia</value>
  </country>
  <geometry>
    <value>points</value>
  </geometry>
  <area>
    <value>1.0</value>
  </area>
  <map_class>
    <code>Forest stable</code>
  </map_class>
  <actively_saved>
    <value>true</value>
  </actively_saved>
  <actively_saved_on>
    <year>2017</year>
    <month>9</month>
    <day>12</day>
  </actively_saved_on>
  <plot_file>
    <value>pts_grp_5.csv</value>
  </plot_file>
  <ref_class>
    <code>Forest stable</code>
  </ref_class>
  <confidence>
    <code>hi</code>
  </confidence>
  <comments />
</plot>