<?xml version='1.0' standalone='yes' ?>
<plot step="1" created="2017-09-12T16:06:31.843+07:00" modified="2017-09-12T16:06:38.739+07:00">
  <id>
    <value>146</value>
  </id>
  <location>
    <x>106.975773645946</x>
    <y>14.1500705259867</y>
    <srs>EPSG:4326</srs>
  </location>
  <operator>
    <value>norin123</value>
  </operator>
  <elevation>
    <value>322</value>
  </elevation>
  <slope>
    <value>0.0913052361355286</value>
  </slope>
  <aspect>
    <value>1.2167506019596</value>
  </aspect>
  <region>
    <value>R&#244;t&#226;n&#244;kiri</value>
  </region>
  <country>
    <value>Cambodia</value>
  </country>
  <geometry>
    <value>points</value>
  </geometry>
  <area>
    <value>1.0</value>
  </area>
  <map_class>
    <code>Forest stable</code>
  </map_class>
  <actively_saved>
    <value>true</value>
  </actively_saved>
  <actively_saved_on>
    <year>2017</year>
    <month>9</month>
    <day>12</day>
  </actively_saved_on>
  <plot_file>
    <value>pts_grp_5.csv</value>
  </plot_file>
  <ref_class>
    <code>Forest stable</code>
  </ref_class>
  <confidence>
    <code>hi</code>
  </confidence>
  <comments />
</plot>