<?xml version='1.0' standalone='yes' ?>
<plot step="1" created="2017-09-12T16:10:39.200+07:00" modified="2017-09-12T16:12:21.379+07:00">
  <id>
    <value>220</value>
  </id>
  <location>
    <x>104.725667089246</x>
    <y>13.668800526518</y>
    <srs>EPSG:4326</srs>
  </location>
  <operator>
    <value>norin123</value>
  </operator>
  <elevation>
    <value>105</value>
  </elevation>
  <slope>
    <value>0.0124124590472005</value>
  </slope>
  <aspect>
    <value>5.51803048659731</value>
  </aspect>
  <region>
    <value>Preah Vih&#233;ar</value>
  </region>
  <country>
    <value>Cambodia</value>
  </country>
  <geometry>
    <value>points</value>
  </geometry>
  <area>
    <value>1.0</value>
  </area>
  <map_class>
    <code>Deforestation crops</code>
  </map_class>
  <actively_saved>
    <value>true</value>
  </actively_saved>
  <actively_saved_on>
    <year>2017</year>
    <month>9</month>
    <day>12</day>
  </actively_saved_on>
  <plot_file>
    <value>pts_grp_5.csv</value>
  </plot_file>
  <ref_class>
    <code>Non Forest stable</code>
  </ref_class>
  <confidence>
    <code>hi</code>
  </confidence>
  <comments />
</plot>