<?xml version='1.0' standalone='yes' ?>
<plot step="1" modified_by="admin" created="2017-09-14T07:29:04.287+07:00" modified="2017-09-14T10:38:07.543+07:00">
  <id>
    <value>595</value>
  </id>
  <location>
    <x>102.610790237184</x>
    <y>13.5042372272705</y>
    <srs>EPSG:4326</srs>
  </location>
  <operator>
    <value>norin123</value>
  </operator>
  <elevation>
    <value>50</value>
  </elevation>
  <slope>
    <value>0.00376291635425429</value>
  </slope>
  <aspect>
    <value>1.27823725506773</value>
  </aspect>
  <region>
    <value>B&#226;nt&#233;ay M&#233;anchey</value>
  </region>
  <country>
    <value>Cambodia</value>
  </country>
  <geometry>
    <value>points</value>
  </geometry>
  <area>
    <value>1.0</value>
  </area>
  <map_class>
    <code>Enhancement</code>
  </map_class>
  <actively_saved>
    <value>true</value>
  </actively_saved>
  <actively_saved_on>
    <year>2017</year>
    <month>9</month>
    <day>14</day>
  </actively_saved_on>
  <plot_file>
    <value>pts_grp_1.csv</value>
  </plot_file>
  <ref_class>
    <code>Forest stable</code>
  </ref_class>
  <confidence>
    <code>hi</code>
  </confidence>
  <comments />
</plot>