<?xml version='1.0' standalone='yes' ?>
<plot step="1" modified_by="admin" created="2017-09-13T03:56:32.046+07:00" modified="2017-09-14T10:38:07.682+07:00">
  <id>
    <value>556</value>
  </id>
  <location>
    <x>106.805726321269</x>
    <y>13.0067878730462</y>
    <srs>EPSG:4326</srs>
  </location>
  <operator>
    <value>gr2borey</value>
  </operator>
  <elevation>
    <value>166</value>
  </elevation>
  <slope>
    <value>0.00702937704431495</value>
  </slope>
  <aspect>
    <value>3.31959170679321</value>
  </aspect>
  <region>
    <value>M&#244;nd&#243;l Kiri</value>
  </region>
  <country>
    <value>Cambodia</value>
  </country>
  <geometry>
    <value>points</value>
  </geometry>
  <area>
    <value>1.0</value>
  </area>
  <map_class>
    <code>Forest stable</code>
  </map_class>
  <actively_saved>
    <value>true</value>
  </actively_saved>
  <actively_saved_on>
    <year>2017</year>
    <month>9</month>
    <day>13</day>
  </actively_saved_on>
  <plot_file>
    <value>pts_grp_2.csv</value>
  </plot_file>
  <ref_class>
    <code>Forest stable</code>
  </ref_class>
  <confidence>
    <code>hi</code>
  </confidence>
  <comments />
</plot>