<?xml version='1.0' standalone='yes' ?>
<plot step="1" modified_by="admin" created="2017-09-13T14:47:58.216+07:00" modified="2017-09-14T10:38:08.078+07:00">
  <id>
    <value>739</value>
  </id>
  <location>
    <x>105.217030017263</x>
    <y>13.3249660460086</y>
    <srs>EPSG:4326</srs>
  </location>
  <operator>
    <value>gr2borey</value>
  </operator>
  <elevation>
    <value>43</value>
  </elevation>
  <slope>
    <value>0.00564417041795315</value>
  </slope>
  <aspect>
    <value>1.37731663224408</value>
  </aspect>
  <region>
    <value>Preah Vih&#233;ar</value>
  </region>
  <country>
    <value>Cambodia</value>
  </country>
  <geometry>
    <value>points</value>
  </geometry>
  <area>
    <value>1.0</value>
  </area>
  <map_class>
    <code>Forest stable</code>
  </map_class>
  <actively_saved>
    <value>true</value>
  </actively_saved>
  <actively_saved_on>
    <year>2017</year>
    <month>9</month>
    <day>13</day>
  </actively_saved_on>
  <plot_file>
    <value>pts_grp_2.csv</value>
  </plot_file>
  <ref_class>
    <code>Forest stable</code>
  </ref_class>
  <confidence>
    <code>hi</code>
  </confidence>
  <comments />
</plot>