<?xml version='1.0' standalone='yes' ?>
<plot step="1" modified_by="admin" created="2017-09-12T16:48:06.813+07:00" modified="2017-09-14T10:38:08.580+07:00">
  <id>
    <value>198</value>
  </id>
  <location>
    <x>105.138715401014</x>
    <y>11.1113400065304</y>
    <srs>EPSG:4326</srs>
  </location>
  <operator>
    <value>khidorang</value>
  </operator>
  <elevation>
    <value>3</value>
  </elevation>
  <slope>
    <value>1.93027775276675E-4</value>
  </slope>
  <aspect>
    <value>2.35008940631784</value>
  </aspect>
  <region>
    <value>K&#226;ndal</value>
  </region>
  <country>
    <value>Cambodia</value>
  </country>
  <geometry>
    <value>points</value>
  </geometry>
  <area>
    <value>1.0</value>
  </area>
  <map_class>
    <code>Non Forest stable</code>
  </map_class>
  <actively_saved>
    <value>true</value>
  </actively_saved>
  <actively_saved_on>
    <year>2017</year>
    <month>9</month>
    <day>12</day>
  </actively_saved_on>
  <plot_file>
    <value>pts_grp_3.csv</value>
  </plot_file>
  <ref_class>
    <code>Non Forest stable</code>
  </ref_class>
  <confidence>
    <code>hi</code>
  </confidence>
  <comments />
</plot>