<?xml version='1.0' standalone='yes' ?>
<plot step="1" modified_by="admin" created="2017-09-13T11:52:23.493+07:00" modified="2017-09-14T10:38:08.721+07:00">
  <id>
    <value>682</value>
  </id>
  <location>
    <x>105.005210499832</x>
    <y>13.0147600896288</y>
    <srs>EPSG:4326</srs>
  </location>
  <operator>
    <value>khidorang</value>
  </operator>
  <elevation>
    <value>44</value>
  </elevation>
  <slope>
    <value>0.00355744991701534</value>
  </slope>
  <aspect>
    <value>3.71709791999776</value>
  </aspect>
  <region>
    <value>K&#226;mp&#243;ng Thum</value>
  </region>
  <country>
    <value>Cambodia</value>
  </country>
  <geometry>
    <value>points</value>
  </geometry>
  <area>
    <value>1.0</value>
  </area>
  <map_class>
    <code>Deforestation other</code>
  </map_class>
  <actively_saved>
    <value>true</value>
  </actively_saved>
  <actively_saved_on>
    <year>2017</year>
    <month>9</month>
    <day>13</day>
  </actively_saved_on>
  <plot_file>
    <value>pts_grp_3.csv</value>
  </plot_file>
  <ref_class>
    <code>Enhancement</code>
  </ref_class>
  <confidence>
    <code>hi</code>
  </confidence>
  <comments />
</plot>