<?xml version='1.0' standalone='yes' ?>
<plot step="1" modified_by="admin" created="2017-09-12T15:04:54.900+07:00" modified="2017-09-14T10:38:08.912+07:00">
  <id>
    <value>405</value>
  </id>
  <location>
    <x>104.727413745133</x>
    <y>12.7772915813031</y>
    <srs>EPSG:4326</srs>
  </location>
  <operator>
    <value>sereyoudom</value>
  </operator>
  <elevation>
    <value>11</value>
  </elevation>
  <slope>
    <value>4.29781811730298E-4</value>
  </slope>
  <aspect>
    <value>3.46889332931757</value>
  </aspect>
  <region>
    <value>K&#226;mp&#243;ng Thum</value>
  </region>
  <country>
    <value>Cambodia</value>
  </country>
  <geometry>
    <value>points</value>
  </geometry>
  <area>
    <value>1.0</value>
  </area>
  <map_class>
    <code>Non Forest stable</code>
  </map_class>
  <actively_saved>
    <value>true</value>
  </actively_saved>
  <actively_saved_on>
    <year>2017</year>
    <month>9</month>
    <day>12</day>
  </actively_saved_on>
  <plot_file>
    <value>pts_grp_6.csv</value>
  </plot_file>
  <ref_class>
    <code>Non Forest stable</code>
  </ref_class>
  <confidence>
    <code>hi</code>
  </confidence>
  <comments />
</plot>