<?xml version='1.0' standalone='yes' ?>
<plot step="1" modified_by="admin" created="2017-09-13T11:21:01.802+07:00" modified="2017-09-14T11:58:05.231+07:00">
  <id>
    <value>302</value>
  </id>
  <location>
    <x>104.149112736722</x>
    <y>11.520078145477</y>
    <srs>EPSG:4326</srs>
  </location>
  <operator>
    <value>remi_linux</value>
  </operator>
  <elevation>
    <value>129</value>
  </elevation>
  <slope>
    <value>0.00300891620900901</value>
  </slope>
  <aspect>
    <value>5.23129190889156</value>
  </aspect>
  <region>
    <value>K&#226;mp&#243;ng Sp&#339;</value>
  </region>
  <country>
    <value>Cambodia</value>
  </country>
  <geometry>
    <value>points</value>
  </geometry>
  <area>
    <value>1.0</value>
  </area>
  <map_class>
    <code>Degradation</code>
  </map_class>
  <actively_saved>
    <value>true</value>
  </actively_saved>
  <actively_saved_on>
    <year>2017</year>
    <month>9</month>
    <day>14</day>
  </actively_saved_on>
  <plot_file>
    <value>pts_grp_6.csv</value>
  </plot_file>
  <ref_class>
    <code>Degradation</code>
  </ref_class>
  <confidence>
    <code>hi</code>
  </confidence>
  <comments />
</plot>