<?xml version='1.0' standalone='yes' ?>
<plot step="1" modified_by="admin" created="2017-09-14T01:39:30.334+07:00" modified="2017-09-14T10:38:07.287+07:00">
  <id>
    <value>182</value>
  </id>
  <location>
    <x>104.457958771216</x>
    <y>10.9393094840182</y>
    <srs>EPSG:4326</srs>
  </location>
  <operator>
    <value>sophyra</value>
  </operator>
  <elevation>
    <value>45</value>
  </elevation>
  <slope>
    <value>0.0018109421330237</value>
  </slope>
  <aspect>
    <value>2.91223554042517</value>
  </aspect>
  <region>
    <value>K&#226;mp&#244;t</value>
  </region>
  <country>
    <value>Cambodia</value>
  </country>
  <geometry>
    <value>points</value>
  </geometry>
  <area>
    <value>1.0</value>
  </area>
  <map_class>
    <code>Non Forest stable</code>
  </map_class>
  <actively_saved>
    <value>true</value>
  </actively_saved>
  <actively_saved_on>
    <year>2017</year>
    <month>9</month>
    <day>14</day>
  </actively_saved_on>
  <plot_file>
    <value>pts_grp_1.csv</value>
  </plot_file>
  <ref_class>
    <code>Non Forest stable</code>
  </ref_class>
  <confidence>
    <code>hi</code>
  </confidence>
  <comments />
</plot>