<?xml version='1.0' standalone='yes' ?>
<plot step="1" modified_by="admin" created="2017-09-14T04:58:28.413+07:00" modified="2017-09-14T10:38:07.374+07:00">
  <id>
    <value>172</value>
  </id>
  <location>
    <x>104.288332400498</x>
    <y>13.7577842702725</y>
    <srs>EPSG:4326</srs>
  </location>
  <operator>
    <value>sophyra</value>
  </operator>
  <elevation>
    <value>123</value>
  </elevation>
  <slope>
    <value>0.00422583598326786</value>
  </slope>
  <aspect>
    <value>0.0986429728669003</value>
  </aspect>
  <region>
    <value>Siemr&#233;ab</value>
  </region>
  <country>
    <value>Cambodia</value>
  </country>
  <geometry>
    <value>points</value>
  </geometry>
  <area>
    <value>1.0</value>
  </area>
  <map_class>
    <code>Forest stable</code>
  </map_class>
  <actively_saved>
    <value>true</value>
  </actively_saved>
  <actively_saved_on>
    <year>2017</year>
    <month>9</month>
    <day>14</day>
  </actively_saved_on>
  <plot_file>
    <value>pts_grp_1.csv</value>
  </plot_file>
  <ref_class>
    <code>Forest stable</code>
  </ref_class>
  <confidence>
    <code>hi</code>
  </confidence>
  <comments />
</plot>