<?xml version='1.0' standalone='yes' ?>
<plot step="1" created="2017-09-12T16:07:30.468+07:00" modified="2017-09-12T16:08:18.955+07:00">
  <id>
    <value>883</value>
  </id>
  <location>
    <x>106.219734213945</x>
    <y>12.2972466614492</y>
    <srs>EPSG:4326</srs>
  </location>
  <operator />
  <elevation>
    <value>93</value>
  </elevation>
  <slope>
    <value>0.0213316526478368</value>
  </slope>
  <aspect>
    <value>1.23381894861074</value>
  </aspect>
  <region>
    <value>Kr&#226;ch&#233;h</value>
  </region>
  <country>
    <value>Cambodia</value>
  </country>
  <geometry>
    <value>points</value>
  </geometry>
  <area>
    <value>1.0</value>
  </area>
  <map_class>
    <code>Deforestation crops</code>
  </map_class>
  <actively_saved>
    <value>true</value>
  </actively_saved>
  <actively_saved_on>
    <year>2017</year>
    <month>9</month>
    <day>12</day>
  </actively_saved_on>
  <plot_file>
    <value>pts_aa_change_1416_CE_2017-09-12.csv</value>
  </plot_file>
  <ref_class>
    <code>Forest stable</code>
  </ref_class>
  <confidence>
    <code>lo</code>
  </confidence>
  <comments>
    <value>Next to crop land</value>
  </comments>
</plot>