<?xml version='1.0' standalone='yes' ?>
<plot step="1" created="2017-09-12T14:34:32.046+07:00" modified="2017-09-12T14:35:19.259+07:00">
  <id>
    <value>518</value>
  </id>
  <location>
    <x>106.102059221118</x>
    <y>12.4947216120334</y>
    <srs>EPSG:4326</srs>
  </location>
  <operator>
    <value>sophyra</value>
  </operator>
  <elevation>
    <value>34</value>
  </elevation>
  <slope>
    <value>0.00447874868691351</value>
  </slope>
  <aspect>
    <value>2.47753938567912</value>
  </aspect>
  <region>
    <value>Kr&#226;ch&#233;h</value>
  </region>
  <country>
    <value>Cambodia</value>
  </country>
  <geometry>
    <value>points</value>
  </geometry>
  <area>
    <value>1.0</value>
  </area>
  <map_class>
    <code>Non Forest stable</code>
  </map_class>
  <actively_saved>
    <value>true</value>
  </actively_saved>
  <actively_saved_on>
    <year>2017</year>
    <month>9</month>
    <day>12</day>
  </actively_saved_on>
  <plot_file>
    <value>pts_grp_1.csv</value>
  </plot_file>
  <ref_class>
    <code>Forest stable</code>
  </ref_class>
  <confidence>
    <code>hi</code>
  </confidence>
  <comments />
</plot>