<?xml version='1.0' standalone='yes' ?>
<plot step="1" created="2017-09-12T14:56:16.209+07:00" modified="2017-09-12T14:56:23.706+07:00">
  <id>
    <value>262</value>
  </id>
  <location>
    <x>103.088174221567</x>
    <y>12.4415527963244</y>
    <srs>EPSG:4326</srs>
  </location>
  <operator>
    <value>sophyra</value>
  </operator>
  <elevation>
    <value>1001</value>
  </elevation>
  <slope>
    <value>0.145920198929088</value>
  </slope>
  <aspect>
    <value>0.138460666270733</value>
  </aspect>
  <region>
    <value>Pouthisat</value>
  </region>
  <country>
    <value>Cambodia</value>
  </country>
  <geometry>
    <value>points</value>
  </geometry>
  <area>
    <value>1.0</value>
  </area>
  <map_class>
    <code>Forest stable</code>
  </map_class>
  <actively_saved>
    <value>true</value>
  </actively_saved>
  <actively_saved_on>
    <year>2017</year>
    <month>9</month>
    <day>12</day>
  </actively_saved_on>
  <plot_file>
    <value>pts_grp_1.csv</value>
  </plot_file>
  <ref_class>
    <code>Forest stable</code>
  </ref_class>
  <confidence>
    <code>hi</code>
  </confidence>
  <comments />
</plot>