<?xml version='1.0' standalone='yes' ?>
<plot step="1" created="2017-09-14T07:14:33.421+07:00" modified="2017-09-14T07:14:43.334+07:00">
  <id>
    <value>296</value>
  </id>
  <location>
    <x>106.746353120589</x>
    <y>12.1413734267112</y>
    <srs>EPSG:4326</srs>
  </location>
  <operator>
    <value>sophyra</value>
  </operator>
  <elevation>
    <value>134</value>
  </elevation>
  <slope>
    <value>0.00940953794426683</value>
  </slope>
  <aspect>
    <value>0.102711553534684</value>
  </aspect>
  <region>
    <value>Kr&#226;ch&#233;h</value>
  </region>
  <country>
    <value>Cambodia</value>
  </country>
  <geometry>
    <value>points</value>
  </geometry>
  <area>
    <value>1.0</value>
  </area>
  <map_class>
    <code>Deforestation other</code>
  </map_class>
  <actively_saved>
    <value>true</value>
  </actively_saved>
  <actively_saved_on>
    <year>2017</year>
    <month>9</month>
    <day>14</day>
  </actively_saved_on>
  <plot_file>
    <value>pts_grp_1.csv</value>
  </plot_file>
  <ref_class>
    <code>Non Forest stable</code>
  </ref_class>
  <confidence>
    <code>hi</code>
  </confidence>
  <comments />
</plot>