<?xml version='1.0' standalone='yes' ?>
<plot step="1" created="2017-09-13T03:02:17.101+07:00" modified="2017-09-13T22:08:15.629+07:00">
  <id>
    <value>770</value>
  </id>
  <location>
    <x>105.589551540859</x>
    <y>12.1562445150173</y>
    <srs>EPSG:4326</srs>
  </location>
  <operator>
    <value>gr2borey</value>
  </operator>
  <elevation>
    <value>14</value>
  </elevation>
  <slope>
    <value>7.73577722440555E-4</value>
  </slope>
  <aspect>
    <value>5.48981071912362</value>
  </aspect>
  <region>
    <value>Tbong Khmum</value>
  </region>
  <country>
    <value>Cambodia</value>
  </country>
  <geometry>
    <value>points</value>
  </geometry>
  <area>
    <value>1.0</value>
  </area>
  <map_class>
    <code>Deforestation other</code>
  </map_class>
  <actively_saved>
    <value>true</value>
  </actively_saved>
  <actively_saved_on>
    <year>2017</year>
    <month>9</month>
    <day>13</day>
  </actively_saved_on>
  <plot_file>
    <value>pts_grp_2.csv</value>
  </plot_file>
  <ref_class>
    <code>Deforestation other</code>
  </ref_class>
  <confidence>
    <code>hi</code>
  </confidence>
  <comments />
</plot>