<?xml version='1.0' standalone='yes' ?>
<plot step="1" created="2017-09-13T03:25:06.419+07:00" modified="2017-09-13T03:25:19.444+07:00">
  <id>
    <value>382</value>
  </id>
  <location>
    <x>106.738651429505</x>
    <y>13.3784691189512</y>
    <srs>EPSG:4326</srs>
  </location>
  <operator>
    <value>gr2borey</value>
  </operator>
  <elevation>
    <value>106</value>
  </elevation>
  <slope>
    <value>0.0047514239658067</value>
  </slope>
  <aspect>
    <value>2.01335599919545</value>
  </aspect>
  <region>
    <value>R&#244;t&#226;n&#244;kiri</value>
  </region>
  <country>
    <value>Cambodia</value>
  </country>
  <geometry>
    <value>points</value>
  </geometry>
  <area>
    <value>1.0</value>
  </area>
  <map_class>
    <code>Forest stable</code>
  </map_class>
  <actively_saved>
    <value>true</value>
  </actively_saved>
  <actively_saved_on>
    <year>2017</year>
    <month>9</month>
    <day>13</day>
  </actively_saved_on>
  <plot_file>
    <value>pts_grp_2.csv</value>
  </plot_file>
  <ref_class>
    <code>Forest stable</code>
  </ref_class>
  <confidence>
    <code>hi</code>
  </confidence>
  <comments />
</plot>