<?xml version='1.0' standalone='yes' ?>
<plot step="1" created="2017-09-13T03:29:10.783+07:00" modified="2017-09-13T03:29:17.787+07:00">
  <id>
    <value>746</value>
  </id>
  <location>
    <x>103.155754133103</x>
    <y>11.4934405623369</y>
    <srs>EPSG:4326</srs>
  </location>
  <operator>
    <value>gr2borey</value>
  </operator>
  <elevation>
    <value>80</value>
  </elevation>
  <slope>
    <value>0.025125125732937</value>
  </slope>
  <aspect>
    <value>4.48368194411051</value>
  </aspect>
  <region>
    <value>Ka&#244;h Kong</value>
  </region>
  <country>
    <value>Cambodia</value>
  </country>
  <geometry>
    <value>points</value>
  </geometry>
  <area>
    <value>1.0</value>
  </area>
  <map_class>
    <code>Forest stable</code>
  </map_class>
  <actively_saved>
    <value>true</value>
  </actively_saved>
  <actively_saved_on>
    <year>2017</year>
    <month>9</month>
    <day>13</day>
  </actively_saved_on>
  <plot_file>
    <value>pts_grp_2.csv</value>
  </plot_file>
  <ref_class>
    <code>Forest stable</code>
  </ref_class>
  <confidence>
    <code>hi</code>
  </confidence>
  <comments />
</plot>