<?xml version='1.0' standalone='yes' ?>
<plot step="1" created="2017-09-13T04:20:55.203+07:00" modified="2017-09-13T04:21:01.596+07:00">
  <id>
    <value>395</value>
  </id>
  <location>
    <x>103.14744063992</x>
    <y>12.7409362569382</y>
    <srs>EPSG:4326</srs>
  </location>
  <operator>
    <value>gr2borey</value>
  </operator>
  <elevation>
    <value>44</value>
  </elevation>
  <slope>
    <value>0.00529696677111156</value>
  </slope>
  <aspect>
    <value>0.459346797640037</value>
  </aspect>
  <region>
    <value>Batd&#226;mb&#226;ng</value>
  </region>
  <country>
    <value>Cambodia</value>
  </country>
  <geometry>
    <value>points</value>
  </geometry>
  <area>
    <value>1.0</value>
  </area>
  <map_class>
    <code>Forest stable</code>
  </map_class>
  <actively_saved>
    <value>true</value>
  </actively_saved>
  <actively_saved_on>
    <year>2017</year>
    <month>9</month>
    <day>13</day>
  </actively_saved_on>
  <plot_file>
    <value>pts_grp_2.csv</value>
  </plot_file>
  <ref_class>
    <code>Forest stable</code>
  </ref_class>
  <confidence>
    <code>hi</code>
  </confidence>
  <comments />
</plot>