<?xml version='1.0' standalone='yes' ?>
<plot step="1" created="2017-09-13T14:28:48.031+07:00" modified="2017-09-13T14:28:54.825+07:00">
  <id>
    <value>451</value>
  </id>
  <location>
    <x>103.669903933301</x>
    <y>13.0751707224573</y>
    <srs>EPSG:4326</srs>
  </location>
  <operator>
    <value>gr2borey</value>
  </operator>
  <elevation>
    <value>5</value>
  </elevation>
  <slope>
    <value>4.36616434400532E-4</value>
  </slope>
  <aspect>
    <value>4.39646275259673</value>
  </aspect>
  <region>
    <value>Batd&#226;mb&#226;ng</value>
  </region>
  <country>
    <value>Cambodia</value>
  </country>
  <geometry>
    <value>points</value>
  </geometry>
  <area>
    <value>1.0</value>
  </area>
  <map_class>
    <code>Enhancement</code>
  </map_class>
  <actively_saved>
    <value>true</value>
  </actively_saved>
  <actively_saved_on>
    <year>2017</year>
    <month>9</month>
    <day>13</day>
  </actively_saved_on>
  <plot_file>
    <value>pts_grp_2.csv</value>
  </plot_file>
  <ref_class>
    <code>Forest stable</code>
  </ref_class>
  <confidence>
    <code>hi</code>
  </confidence>
  <comments />
</plot>