<?xml version='1.0' standalone='yes' ?>
<plot step="1" created="2017-09-13T14:42:08.734+07:00" modified="2017-09-13T14:42:13.979+07:00">
  <id>
    <value>288</value>
  </id>
  <location>
    <x>102.820824861699</x>
    <y>12.3007883444109</y>
    <srs>EPSG:4326</srs>
  </location>
  <operator>
    <value>gr2borey</value>
  </operator>
  <elevation>
    <value>768</value>
  </elevation>
  <slope>
    <value>0.0602127448388166</value>
  </slope>
  <aspect>
    <value>4.41552003149561</value>
  </aspect>
  <region>
    <value>Pouthisat</value>
  </region>
  <country>
    <value>Cambodia</value>
  </country>
  <geometry>
    <value>points</value>
  </geometry>
  <area>
    <value>1.0</value>
  </area>
  <map_class>
    <code>Forest stable</code>
  </map_class>
  <actively_saved>
    <value>true</value>
  </actively_saved>
  <actively_saved_on>
    <year>2017</year>
    <month>9</month>
    <day>13</day>
  </actively_saved_on>
  <plot_file>
    <value>pts_grp_2.csv</value>
  </plot_file>
  <ref_class>
    <code>Forest stable</code>
  </ref_class>
  <confidence>
    <code>hi</code>
  </confidence>
  <comments />
</plot>