<?xml version='1.0' standalone='yes' ?>
<plot step="1" created="2017-09-12T15:25:50.445+07:00" modified="2017-09-12T15:26:21.061+07:00">
  <id>
    <value>271</value>
  </id>
  <location>
    <x>105.704571894213</x>
    <y>13.7385080258791</y>
    <srs>EPSG:4326</srs>
  </location>
  <operator>
    <value>sophyra</value>
  </operator>
  <elevation>
    <value>144</value>
  </elevation>
  <slope>
    <value>0.00184864959305247</value>
  </slope>
  <aspect>
    <value>1.34883607549744</value>
  </aspect>
  <region>
    <value>St&#339;ng Tr&#234;ng</value>
  </region>
  <country>
    <value>Cambodia</value>
  </country>
  <geometry>
    <value>points</value>
  </geometry>
  <area>
    <value>1.0</value>
  </area>
  <map_class>
    <code>Forest stable</code>
  </map_class>
  <actively_saved>
    <value>true</value>
  </actively_saved>
  <actively_saved_on>
    <year>2017</year>
    <month>9</month>
    <day>12</day>
  </actively_saved_on>
  <plot_file>
    <value>pts_grp_1.csv</value>
  </plot_file>
  <ref_class>
    <code>Deforestation other</code>
  </ref_class>
  <confidence>
    <code>hi</code>
  </confidence>
  <comments />
</plot>