<?xml version='1.0' standalone='yes' ?>
<plot step="1" created="2017-09-12T16:33:41.681+07:00" modified="2017-09-12T16:34:40.197+07:00">
  <id>
    <value>145</value>
  </id>
  <location>
    <x>104.046867801742</x>
    <y>11.1105941992707</y>
    <srs>EPSG:4326</srs>
  </location>
  <operator>
    <value>khidorang</value>
  </operator>
  <elevation>
    <value>211</value>
  </elevation>
  <slope>
    <value>0.118973017983933</value>
  </slope>
  <aspect>
    <value>5.11466984497819</value>
  </aspect>
  <region>
    <value>Ka&#244;h Kong</value>
  </region>
  <country>
    <value>Cambodia</value>
  </country>
  <geometry>
    <value>points</value>
  </geometry>
  <area>
    <value>1.0</value>
  </area>
  <map_class>
    <code>Forest stable</code>
  </map_class>
  <actively_saved>
    <value>true</value>
  </actively_saved>
  <actively_saved_on>
    <year>2017</year>
    <month>9</month>
    <day>12</day>
  </actively_saved_on>
  <plot_file>
    <value>pts_grp_3.csv</value>
  </plot_file>
  <ref_class>
    <code>Forest stable</code>
  </ref_class>
  <confidence>
    <code>hi</code>
  </confidence>
  <comments />
</plot>