<?xml version='1.0' standalone='yes' ?>
<plot step="1" created="2017-09-12T16:49:06.298+07:00" modified="2017-09-12T16:49:12.151+07:00">
  <id>
    <value>904</value>
  </id>
  <location>
    <x>104.00596031994</x>
    <y>14.1681689621339</y>
    <srs>EPSG:4326</srs>
  </location>
  <operator>
    <value>khidorang</value>
  </operator>
  <elevation>
    <value>56</value>
  </elevation>
  <slope>
    <value>0.00185573562808015</value>
  </slope>
  <aspect>
    <value>5.16643279109054</value>
  </aspect>
  <region>
    <value>Otdar Mean Chey</value>
  </region>
  <country>
    <value>Cambodia</value>
  </country>
  <geometry>
    <value>points</value>
  </geometry>
  <area>
    <value>1.0</value>
  </area>
  <map_class>
    <code>Forest stable</code>
  </map_class>
  <actively_saved>
    <value>true</value>
  </actively_saved>
  <actively_saved_on>
    <year>2017</year>
    <month>9</month>
    <day>12</day>
  </actively_saved_on>
  <plot_file>
    <value>pts_grp_3.csv</value>
  </plot_file>
  <ref_class>
    <code>Forest stable</code>
  </ref_class>
  <confidence>
    <code>hi</code>
  </confidence>
  <comments />
</plot>