<?xml version='1.0' standalone='yes' ?>
<plot step="1" created="2017-09-13T11:32:12.750+07:00" modified="2017-09-13T11:32:17.141+07:00">
  <id>
    <value>635</value>
  </id>
  <location>
    <x>103.80836367097</x>
    <y>13.6388922268691</y>
    <srs>EPSG:4326</srs>
  </location>
  <operator>
    <value>khidorang</value>
  </operator>
  <elevation>
    <value>52</value>
  </elevation>
  <slope>
    <value>0.00501185149057481</value>
  </slope>
  <aspect>
    <value>4.17223585933979</value>
  </aspect>
  <region>
    <value>Siemr&#233;ab</value>
  </region>
  <country>
    <value>Cambodia</value>
  </country>
  <geometry>
    <value>points</value>
  </geometry>
  <area>
    <value>1.0</value>
  </area>
  <map_class>
    <code>Deforestation crops</code>
  </map_class>
  <actively_saved>
    <value>true</value>
  </actively_saved>
  <actively_saved_on>
    <year>2017</year>
    <month>9</month>
    <day>13</day>
  </actively_saved_on>
  <plot_file>
    <value>pts_grp_3.csv</value>
  </plot_file>
  <ref_class>
    <code>Non Forest stable</code>
  </ref_class>
  <confidence>
    <code>hi</code>
  </confidence>
  <comments />
</plot>