<?xml version='1.0' standalone='yes' ?>
<plot step="1" created="2017-09-13T11:48:50.793+07:00" modified="2017-09-13T11:49:01.577+07:00">
  <id>
    <value>630</value>
  </id>
  <location>
    <x>107.145153584933</x>
    <y>12.3835251758523</y>
    <srs>EPSG:4326</srs>
  </location>
  <operator>
    <value>khidorang</value>
  </operator>
  <elevation>
    <value>676</value>
  </elevation>
  <slope>
    <value>0.0518905237120861</value>
  </slope>
  <aspect>
    <value>0.55694786817988</value>
  </aspect>
  <region>
    <value>M&#244;nd&#243;l Kiri</value>
  </region>
  <country>
    <value>Cambodia</value>
  </country>
  <geometry>
    <value>points</value>
  </geometry>
  <area>
    <value>1.0</value>
  </area>
  <map_class>
    <code>Forest stable</code>
  </map_class>
  <actively_saved>
    <value>true</value>
  </actively_saved>
  <actively_saved_on>
    <year>2017</year>
    <month>9</month>
    <day>13</day>
  </actively_saved_on>
  <plot_file>
    <value>pts_grp_3.csv</value>
  </plot_file>
  <ref_class>
    <code>Non Forest stable</code>
  </ref_class>
  <confidence>
    <code>hi</code>
  </confidence>
  <comments />
</plot>