<?xml version='1.0' standalone='yes' ?>
<plot step="1" created="2017-09-13T12:03:07.893+07:00" modified="2017-09-13T12:03:13.793+07:00">
  <id>
    <value>497</value>
  </id>
  <location>
    <x>105.942494571753</x>
    <y>12.249430411496</y>
    <srs>EPSG:4326</srs>
  </location>
  <operator>
    <value>khidorang</value>
  </operator>
  <elevation>
    <value>17</value>
  </elevation>
  <slope>
    <value>0.00154848162693997</value>
  </slope>
  <aspect>
    <value>2.87117391658393</value>
  </aspect>
  <region>
    <value>Kr&#226;ch&#233;h</value>
  </region>
  <country>
    <value>Cambodia</value>
  </country>
  <geometry>
    <value>points</value>
  </geometry>
  <area>
    <value>1.0</value>
  </area>
  <map_class>
    <code>Non Forest stable</code>
  </map_class>
  <actively_saved>
    <value>true</value>
  </actively_saved>
  <actively_saved_on>
    <year>2017</year>
    <month>9</month>
    <day>13</day>
  </actively_saved_on>
  <plot_file>
    <value>pts_grp_3.csv</value>
  </plot_file>
  <ref_class>
    <code>Non Forest stable</code>
  </ref_class>
  <confidence>
    <code>hi</code>
  </confidence>
  <comments />
</plot>