<?xml version='1.0' standalone='yes' ?>
<plot step="1" created="2017-09-12T14:51:53.075+07:00" modified="2017-09-12T15:44:41.198+07:00">
  <id>
    <value>842</value>
  </id>
  <location>
    <x>104.445300185689</x>
    <y>13.6247219350281</y>
    <srs>EPSG:4326</srs>
  </location>
  <operator>
    <value>sereyoudom</value>
  </operator>
  <elevation>
    <value>80</value>
  </elevation>
  <slope>
    <value>0.00597253718381892</value>
  </slope>
  <aspect>
    <value>3.57266755379424</value>
  </aspect>
  <region>
    <value>Preah Vih&#233;ar</value>
  </region>
  <country>
    <value>Cambodia</value>
  </country>
  <geometry>
    <value>points</value>
  </geometry>
  <area>
    <value>1.0</value>
  </area>
  <map_class>
    <code>Non Forest stable</code>
  </map_class>
  <actively_saved>
    <value>true</value>
  </actively_saved>
  <actively_saved_on>
    <year>2017</year>
    <month>9</month>
    <day>12</day>
  </actively_saved_on>
  <plot_file>
    <value>pts_grp_6.csv</value>
  </plot_file>
  <ref_class>
    <code>Non Forest stable</code>
  </ref_class>
  <confidence>
    <code>hi</code>
  </confidence>
  <comments />
</plot>