<?xml version='1.0' standalone='yes' ?>
<plot step="1" created="2017-09-12T14:54:51.318+07:00" modified="2017-09-13T10:21:35.838+07:00">
  <id>
    <value>36</value>
  </id>
  <location>
    <x>105.276226012665</x>
    <y>14.131559695958</y>
    <srs>EPSG:4326</srs>
  </location>
  <operator>
    <value>sereyoudom</value>
  </operator>
  <elevation>
    <value>111</value>
  </elevation>
  <slope>
    <value>0.00129010002293248</value>
  </slope>
  <aspect>
    <value>5.95416474750206</value>
  </aspect>
  <region>
    <value>Preah Vih&#233;ar</value>
  </region>
  <country>
    <value>Cambodia</value>
  </country>
  <geometry>
    <value>points</value>
  </geometry>
  <area>
    <value>1.0</value>
  </area>
  <map_class>
    <code>Forest stable</code>
  </map_class>
  <actively_saved>
    <value>true</value>
  </actively_saved>
  <actively_saved_on>
    <year>2017</year>
    <month>9</month>
    <day>13</day>
  </actively_saved_on>
  <plot_file>
    <value>pts_grp_6.csv</value>
  </plot_file>
  <ref_class>
    <code>Forest stable</code>
  </ref_class>
  <confidence>
    <code>hi</code>
  </confidence>
  <comments />
</plot>