<?xml version='1.0' standalone='yes' ?>
<plot step="1" created="2017-09-12T15:00:16.415+07:00" modified="2017-09-12T15:47:39.115+07:00">
  <id>
    <value>9</value>
  </id>
  <location>
    <x>103.618405582679</x>
    <y>12.2085542398835</y>
    <srs>EPSG:4326</srs>
  </location>
  <operator>
    <value>sereyoudom</value>
  </operator>
  <elevation>
    <value>316</value>
  </elevation>
  <slope>
    <value>0.0297779262257604</value>
  </slope>
  <aspect>
    <value>3.29493267501604</value>
  </aspect>
  <region>
    <value>Pouthisat</value>
  </region>
  <country>
    <value>Cambodia</value>
  </country>
  <geometry>
    <value>points</value>
  </geometry>
  <area>
    <value>1.0</value>
  </area>
  <map_class>
    <code>Forest stable</code>
  </map_class>
  <actively_saved>
    <value>true</value>
  </actively_saved>
  <actively_saved_on>
    <year>2017</year>
    <month>9</month>
    <day>12</day>
  </actively_saved_on>
  <plot_file>
    <value>pts_grp_6.csv</value>
  </plot_file>
  <ref_class>
    <code>Forest stable</code>
  </ref_class>
  <confidence>
    <code>hi</code>
  </confidence>
  <comments />
</plot>