<?xml version='1.0' standalone='yes' ?>
<plot step="1" created="2017-09-12T16:18:32.978+07:00" modified="2017-09-12T16:18:37.269+07:00">
  <id>
    <value>424</value>
  </id>
  <location>
    <x>103.777142615113</x>
    <y>10.8835907728865</y>
    <srs>EPSG:4326</srs>
  </location>
  <operator>
    <value>sereyoudom</value>
  </operator>
  <elevation>
    <value>102</value>
  </elevation>
  <slope>
    <value>0.0389990211982018</value>
  </slope>
  <aspect>
    <value>3.87334165623902</value>
  </aspect>
  <region>
    <value>Krong Preah Sihanouk</value>
  </region>
  <country>
    <value>Cambodia</value>
  </country>
  <geometry>
    <value>points</value>
  </geometry>
  <area>
    <value>1.0</value>
  </area>
  <map_class>
    <code>Non Forest stable</code>
  </map_class>
  <actively_saved>
    <value>true</value>
  </actively_saved>
  <actively_saved_on>
    <year>2017</year>
    <month>9</month>
    <day>12</day>
  </actively_saved_on>
  <plot_file>
    <value>pts_grp_6.csv</value>
  </plot_file>
  <ref_class>
    <code>Non Forest stable</code>
  </ref_class>
  <confidence>
    <code>hi</code>
  </confidence>
  <comments />
</plot>