<?xml version='1.0' standalone='yes' ?>
<plot step="1" created="2017-09-13T10:41:59.421+07:00" modified="2017-09-13T10:42:04.008+07:00">
  <id>
    <value>824</value>
  </id>
  <location>
    <x>103.376739308688</x>
    <y>13.5019133263352</y>
    <srs>EPSG:4326</srs>
  </location>
  <operator>
    <value>sereyoudom</value>
  </operator>
  <elevation>
    <value>10</value>
  </elevation>
  <slope>
    <value>1.93923737803227E-4</value>
  </slope>
  <aspect>
    <value>2.34553552531786</value>
  </aspect>
  <region>
    <value>B&#226;nt&#233;ay M&#233;anchey</value>
  </region>
  <country>
    <value>Cambodia</value>
  </country>
  <geometry>
    <value>points</value>
  </geometry>
  <area>
    <value>1.0</value>
  </area>
  <map_class>
    <code>Non Forest stable</code>
  </map_class>
  <actively_saved>
    <value>true</value>
  </actively_saved>
  <actively_saved_on>
    <year>2017</year>
    <month>9</month>
    <day>13</day>
  </actively_saved_on>
  <plot_file>
    <value>pts_grp_6.csv</value>
  </plot_file>
  <ref_class>
    <code>Non Forest stable</code>
  </ref_class>
  <confidence>
    <code>hi</code>
  </confidence>
  <comments />
</plot>