<?xml version='1.0' standalone='yes' ?>
<plot step="1" created="2017-09-13T10:53:15.965+07:00" modified="2017-09-13T10:53:20.048+07:00">
  <id>
    <value>641</value>
  </id>
  <location>
    <x>102.972200530955</x>
    <y>13.6003539622297</y>
    <srs>EPSG:4326</srs>
  </location>
  <operator>
    <value>sereyoudom</value>
  </operator>
  <elevation>
    <value>16</value>
  </elevation>
  <slope>
    <value>0.0104725012800342</value>
  </slope>
  <aspect>
    <value>0.759226290113914</value>
  </aspect>
  <region>
    <value>B&#226;nt&#233;ay M&#233;anchey</value>
  </region>
  <country>
    <value>Cambodia</value>
  </country>
  <geometry>
    <value>points</value>
  </geometry>
  <area>
    <value>1.0</value>
  </area>
  <map_class>
    <code>Non Forest stable</code>
  </map_class>
  <actively_saved>
    <value>true</value>
  </actively_saved>
  <actively_saved_on>
    <year>2017</year>
    <month>9</month>
    <day>13</day>
  </actively_saved_on>
  <plot_file>
    <value>pts_grp_6.csv</value>
  </plot_file>
  <ref_class>
    <code>Non Forest stable</code>
  </ref_class>
  <confidence>
    <code>hi</code>
  </confidence>
  <comments />
</plot>