<?xml version='1.0' standalone='yes' ?>
<plot step="1" created="2017-09-13T11:01:52.058+07:00" modified="2017-09-13T11:01:57.609+07:00">
  <id>
    <value>902</value>
  </id>
  <location>
    <x>103.829109945797</x>
    <y>11.7177295898872</y>
    <srs>EPSG:4326</srs>
  </location>
  <operator>
    <value>sereyoudom</value>
  </operator>
  <elevation>
    <value>164</value>
  </elevation>
  <slope>
    <value>0.00700946389848134</value>
  </slope>
  <aspect>
    <value>2.48728159362941</value>
  </aspect>
  <region>
    <value>K&#226;mp&#243;ng Sp&#339;</value>
  </region>
  <country>
    <value>Cambodia</value>
  </country>
  <geometry>
    <value>points</value>
  </geometry>
  <area>
    <value>1.0</value>
  </area>
  <map_class>
    <code>Forest stable</code>
  </map_class>
  <actively_saved>
    <value>true</value>
  </actively_saved>
  <actively_saved_on>
    <year>2017</year>
    <month>9</month>
    <day>13</day>
  </actively_saved_on>
  <plot_file>
    <value>pts_grp_6.csv</value>
  </plot_file>
  <ref_class>
    <code>Forest stable</code>
  </ref_class>
  <confidence>
    <code>hi</code>
  </confidence>
  <comments />
</plot>