<?xml version='1.0' standalone='yes' ?>
<plot step="1" created="2017-09-13T11:10:52.529+07:00" modified="2017-09-13T11:10:59.296+07:00">
  <id>
    <value>930</value>
  </id>
  <location>
    <x>103.373757648469</x>
    <y>13.2892926839508</y>
    <srs>EPSG:4326</srs>
  </location>
  <operator>
    <value>sereyoudom</value>
  </operator>
  <elevation>
    <value>9</value>
  </elevation>
  <slope>
    <value>4.2987321641607E-4</value>
  </slope>
  <aspect>
    <value>0.327926386294541</value>
  </aspect>
  <region>
    <value>Batd&#226;mb&#226;ng</value>
  </region>
  <country>
    <value>Cambodia</value>
  </country>
  <geometry>
    <value>points</value>
  </geometry>
  <area>
    <value>1.0</value>
  </area>
  <map_class>
    <code>Deforestation other</code>
  </map_class>
  <actively_saved>
    <value>true</value>
  </actively_saved>
  <actively_saved_on>
    <year>2017</year>
    <month>9</month>
    <day>13</day>
  </actively_saved_on>
  <plot_file>
    <value>pts_grp_6.csv</value>
  </plot_file>
  <ref_class>
    <code>Non Forest stable</code>
  </ref_class>
  <confidence>
    <code>hi</code>
  </confidence>
  <comments />
</plot>