<?xml version='1.0' standalone='yes' ?>
<plot step="1" created="2017-09-13T11:20:08.583+07:00" modified="2017-09-13T11:20:11.841+07:00">
  <id>
    <value>843</value>
  </id>
  <location>
    <x>103.322616013715</x>
    <y>13.7546425472167</y>
    <srs>EPSG:4326</srs>
  </location>
  <operator>
    <value>sereyoudom</value>
  </operator>
  <elevation>
    <value>15</value>
  </elevation>
  <slope>
    <value>0.00189502332429111</value>
  </slope>
  <aspect>
    <value>2.7668588774669</value>
  </aspect>
  <region>
    <value>B&#226;nt&#233;ay M&#233;anchey</value>
  </region>
  <country>
    <value>Cambodia</value>
  </country>
  <geometry>
    <value>points</value>
  </geometry>
  <area>
    <value>1.0</value>
  </area>
  <map_class>
    <code>Non Forest stable</code>
  </map_class>
  <actively_saved>
    <value>true</value>
  </actively_saved>
  <actively_saved_on>
    <year>2017</year>
    <month>9</month>
    <day>13</day>
  </actively_saved_on>
  <plot_file>
    <value>pts_grp_6.csv</value>
  </plot_file>
  <ref_class>
    <code>Non Forest stable</code>
  </ref_class>
  <confidence>
    <code>hi</code>
  </confidence>
  <comments />
</plot>