<?xml version='1.0' standalone='yes' ?>
<plot step="1" created="2017-09-13T11:21:35.066+07:00" modified="2017-09-13T11:21:39.257+07:00">
  <id>
    <value>219</value>
  </id>
  <location>
    <x>103.447199622814</x>
    <y>12.9062111676892</y>
    <srs>EPSG:4326</srs>
  </location>
  <operator>
    <value>sereyoudom</value>
  </operator>
  <elevation>
    <value>10</value>
  </elevation>
  <slope>
    <value>1.93680868283402E-4</value>
  </slope>
  <aspect>
    <value>5.4883564341178</value>
  </aspect>
  <region>
    <value>Batd&#226;mb&#226;ng</value>
  </region>
  <country>
    <value>Cambodia</value>
  </country>
  <geometry>
    <value>points</value>
  </geometry>
  <area>
    <value>1.0</value>
  </area>
  <map_class>
    <code>Non Forest stable</code>
  </map_class>
  <actively_saved>
    <value>true</value>
  </actively_saved>
  <actively_saved_on>
    <year>2017</year>
    <month>9</month>
    <day>13</day>
  </actively_saved_on>
  <plot_file>
    <value>pts_grp_6.csv</value>
  </plot_file>
  <ref_class>
    <code>Non Forest stable</code>
  </ref_class>
  <confidence>
    <code>hi</code>
  </confidence>
  <comments />
</plot>