<?xml version='1.0' standalone='yes' ?>
<plot step="1" created="2017-09-13T11:24:09.845+07:00" modified="2017-09-13T11:24:15.273+07:00">
  <id>
    <value>564</value>
  </id>
  <location>
    <x>105.441556994561</x>
    <y>11.7232888095048</y>
    <srs>EPSG:4326</srs>
  </location>
  <operator>
    <value>sereyoudom</value>
  </operator>
  <elevation>
    <value>15</value>
  </elevation>
  <slope>
    <value>3.86475128325467E-4</value>
  </slope>
  <aspect>
    <value>0.79257519377738</value>
  </aspect>
  <region>
    <value>Prey V&#234;ng</value>
  </region>
  <country>
    <value>Cambodia</value>
  </country>
  <geometry>
    <value>points</value>
  </geometry>
  <area>
    <value>1.0</value>
  </area>
  <map_class>
    <code>Non Forest stable</code>
  </map_class>
  <actively_saved>
    <value>true</value>
  </actively_saved>
  <actively_saved_on>
    <year>2017</year>
    <month>9</month>
    <day>13</day>
  </actively_saved_on>
  <plot_file>
    <value>pts_grp_6.csv</value>
  </plot_file>
  <ref_class>
    <code>Non Forest stable</code>
  </ref_class>
  <confidence>
    <code>hi</code>
  </confidence>
  <comments />
</plot>