<?xml version='1.0' standalone='yes' ?>
<plot step="1" created="2017-09-13T11:28:15.294+07:00" modified="2017-09-13T11:28:19.146+07:00">
  <id>
    <value>466</value>
  </id>
  <location>
    <x>104.302369621441</x>
    <y>13.1602135283147</y>
    <srs>EPSG:4326</srs>
  </location>
  <operator>
    <value>sereyoudom</value>
  </operator>
  <elevation>
    <value>17</value>
  </elevation>
  <slope>
    <value>0.00103637100848564</value>
  </slope>
  <aspect>
    <value>3.55374131600285</value>
  </aspect>
  <region>
    <value>Siemr&#233;ab</value>
  </region>
  <country>
    <value>Cambodia</value>
  </country>
  <geometry>
    <value>points</value>
  </geometry>
  <area>
    <value>1.0</value>
  </area>
  <map_class>
    <code>Non Forest stable</code>
  </map_class>
  <actively_saved>
    <value>true</value>
  </actively_saved>
  <actively_saved_on>
    <year>2017</year>
    <month>9</month>
    <day>13</day>
  </actively_saved_on>
  <plot_file>
    <value>pts_grp_6.csv</value>
  </plot_file>
  <ref_class>
    <code>Non Forest stable</code>
  </ref_class>
  <confidence>
    <code>hi</code>
  </confidence>
  <comments />
</plot>