<?xml version='1.0' standalone='yes' ?>
<plot step="1" created="2017-09-12T16:18:40.718+07:00" modified="2017-09-12T16:18:45.783+07:00">
  <id>
    <value>871</value>
  </id>
  <location>
    <x>102.640876251155</x>
    <y>13.3526097166457</y>
    <srs>EPSG:4326</srs>
  </location>
  <operator>
    <value>sophyra</value>
  </operator>
  <elevation>
    <value>59</value>
  </elevation>
  <slope>
    <value>0.00883491562560648</value>
  </slope>
  <aspect>
    <value>1.0394619139685</value>
  </aspect>
  <region>
    <value>Batd&#226;mb&#226;ng</value>
  </region>
  <country>
    <value>Cambodia</value>
  </country>
  <geometry>
    <value>points</value>
  </geometry>
  <area>
    <value>1.0</value>
  </area>
  <map_class>
    <code>Non Forest stable</code>
  </map_class>
  <actively_saved>
    <value>true</value>
  </actively_saved>
  <actively_saved_on>
    <year>2017</year>
    <month>9</month>
    <day>12</day>
  </actively_saved_on>
  <plot_file>
    <value>pts_grp_1.csv</value>
  </plot_file>
  <ref_class>
    <code>Non Forest stable</code>
  </ref_class>
  <confidence>
    <code>hi</code>
  </confidence>
  <comments />
</plot>