<?xml version='1.0' standalone='yes' ?>
<plot step="1" created="2017-09-14T05:04:59.293+07:00" modified="2017-09-14T05:05:04.436+07:00">
  <id>
    <value>224</value>
  </id>
  <location>
    <x>106.585773252251</x>
    <y>13.3791034203283</y>
    <srs>EPSG:4326</srs>
  </location>
  <operator>
    <value>sophyra</value>
  </operator>
  <elevation>
    <value>97</value>
  </elevation>
  <slope>
    <value>0.00171955893656731</value>
  </slope>
  <aspect>
    <value>0.328042022293461</value>
  </aspect>
  <region>
    <value>St&#339;ng Tr&#234;ng</value>
  </region>
  <country>
    <value>Cambodia</value>
  </country>
  <geometry>
    <value>points</value>
  </geometry>
  <area>
    <value>1.0</value>
  </area>
  <map_class>
    <code>Forest stable</code>
  </map_class>
  <actively_saved>
    <value>true</value>
  </actively_saved>
  <actively_saved_on>
    <year>2017</year>
    <month>9</month>
    <day>14</day>
  </actively_saved_on>
  <plot_file>
    <value>pts_grp_1.csv</value>
  </plot_file>
  <ref_class>
    <code>Forest stable</code>
  </ref_class>
  <confidence>
    <code>hi</code>
  </confidence>
  <comments />
</plot>