<?xml version='1.0' standalone='yes' ?>
<plot step="1" created="2017-09-14T05:05:34.092+07:00" modified="2017-09-14T05:05:42.093+07:00">
  <id>
    <value>345</value>
  </id>
  <location>
    <x>105.934320314346</x>
    <y>12.4632095790632</y>
    <srs>EPSG:4326</srs>
  </location>
  <operator>
    <value>sophyra</value>
  </operator>
  <elevation>
    <value>41</value>
  </elevation>
  <slope>
    <value>0.0126609663397652</value>
  </slope>
  <aspect>
    <value>0.451103485312962</value>
  </aspect>
  <region>
    <value>Kr&#226;ch&#233;h</value>
  </region>
  <country>
    <value>Cambodia</value>
  </country>
  <geometry>
    <value>points</value>
  </geometry>
  <area>
    <value>1.0</value>
  </area>
  <map_class>
    <code>Non Forest stable</code>
  </map_class>
  <actively_saved>
    <value>true</value>
  </actively_saved>
  <actively_saved_on>
    <year>2017</year>
    <month>9</month>
    <day>14</day>
  </actively_saved_on>
  <plot_file>
    <value>pts_grp_1.csv</value>
  </plot_file>
  <ref_class>
    <code>Non Forest stable</code>
  </ref_class>
  <confidence>
    <code>hi</code>
  </confidence>
  <comments />
</plot>