<?xml version='1.0' standalone='yes' ?>
<plot step="1" created="2017-09-14T06:46:38.173+07:00" modified="2017-09-14T06:46:45.900+07:00">
  <id>
    <value>790</value>
  </id>
  <location>
    <x>106.211741956904</x>
    <y>12.0504370580394</y>
    <srs>EPSG:4326</srs>
  </location>
  <operator>
    <value>sophyra</value>
  </operator>
  <elevation>
    <value>69</value>
  </elevation>
  <slope>
    <value>0.011991444056289</value>
  </slope>
  <aspect>
    <value>4.49576810928833</value>
  </aspect>
  <region>
    <value>Kr&#226;ch&#233;h</value>
  </region>
  <country>
    <value>Cambodia</value>
  </country>
  <geometry>
    <value>points</value>
  </geometry>
  <area>
    <value>1.0</value>
  </area>
  <map_class>
    <code>Deforestation crops</code>
  </map_class>
  <actively_saved>
    <value>true</value>
  </actively_saved>
  <actively_saved_on>
    <year>2017</year>
    <month>9</month>
    <day>14</day>
  </actively_saved_on>
  <plot_file>
    <value>pts_grp_1.csv</value>
  </plot_file>
  <ref_class>
    <code>Deforestation crops</code>
  </ref_class>
  <confidence>
    <code>hi</code>
  </confidence>
  <comments />
</plot>