<?xml version='1.0' standalone='yes' ?>
<plot step="1" created="2017-09-14T06:58:35.564+07:00" modified="2017-09-14T06:58:41.423+07:00">
  <id>
    <value>30</value>
  </id>
  <location>
    <x>105.533999278936</x>
    <y>11.4695305752933</y>
    <srs>EPSG:4326</srs>
  </location>
  <operator>
    <value>sophyra</value>
  </operator>
  <elevation>
    <value>11</value>
  </elevation>
  <slope>
    <value>4.34215074740812E-4</value>
  </slope>
  <aspect>
    <value>1.88853081837241</value>
  </aspect>
  <region>
    <value>Prey V&#234;ng</value>
  </region>
  <country>
    <value>Cambodia</value>
  </country>
  <geometry>
    <value>points</value>
  </geometry>
  <area>
    <value>1.0</value>
  </area>
  <map_class>
    <code>Non Forest stable</code>
  </map_class>
  <actively_saved>
    <value>true</value>
  </actively_saved>
  <actively_saved_on>
    <year>2017</year>
    <month>9</month>
    <day>14</day>
  </actively_saved_on>
  <plot_file>
    <value>pts_grp_1.csv</value>
  </plot_file>
  <ref_class>
    <code>Non Forest stable</code>
  </ref_class>
  <confidence>
    <code>hi</code>
  </confidence>
  <comments />
</plot>