<?xml version='1.0' standalone='yes' ?>
<plot step="1" created="2017-09-14T07:09:13.561+07:00" modified="2017-09-14T07:09:18.588+07:00">
  <id>
    <value>119</value>
  </id>
  <location>
    <x>104.018279967644</x>
    <y>13.7685426843777</y>
    <srs>EPSG:4326</srs>
  </location>
  <operator>
    <value>sophyra</value>
  </operator>
  <elevation>
    <value>79</value>
  </elevation>
  <slope>
    <value>0.00379106049989844</value>
  </slope>
  <aspect>
    <value>0.537898436375922</value>
  </aspect>
  <region>
    <value>Siemr&#233;ab</value>
  </region>
  <country>
    <value>Cambodia</value>
  </country>
  <geometry>
    <value>points</value>
  </geometry>
  <area>
    <value>1.0</value>
  </area>
  <map_class>
    <code>Non Forest stable</code>
  </map_class>
  <actively_saved>
    <value>true</value>
  </actively_saved>
  <actively_saved_on>
    <year>2017</year>
    <month>9</month>
    <day>14</day>
  </actively_saved_on>
  <plot_file>
    <value>pts_grp_1.csv</value>
  </plot_file>
  <ref_class>
    <code>Non Forest stable</code>
  </ref_class>
  <confidence>
    <code>hi</code>
  </confidence>
  <comments />
</plot>