<?xml version='1.0' standalone='yes' ?>
<plot step="1" created="2017-09-13T03:05:17.257+07:00" modified="2017-09-13T03:06:03.211+07:00">
  <id>
    <value>206</value>
  </id>
  <location>
    <x>104.879506190141</x>
    <y>11.2986525200258</y>
    <srs>EPSG:4326</srs>
  </location>
  <operator>
    <value>gr2borey</value>
  </operator>
  <elevation>
    <value>8</value>
  </elevation>
  <slope>
    <value>0.00124409884999628</value>
  </slope>
  <aspect>
    <value>1.68005260714146</value>
  </aspect>
  <region>
    <value>Tak&#234;v</value>
  </region>
  <country>
    <value>Cambodia</value>
  </country>
  <geometry>
    <value>points</value>
  </geometry>
  <area>
    <value>1.0</value>
  </area>
  <map_class>
    <code>Non Forest stable</code>
  </map_class>
  <actively_saved>
    <value>true</value>
  </actively_saved>
  <actively_saved_on>
    <year>2017</year>
    <month>9</month>
    <day>13</day>
  </actively_saved_on>
  <plot_file>
    <value>pts_grp_2.csv</value>
  </plot_file>
  <ref_class>
    <code>Non Forest stable</code>
  </ref_class>
  <confidence>
    <code>hi</code>
  </confidence>
  <comments />
</plot>