<?xml version='1.0' standalone='yes' ?>
<plot step="1" created="2017-09-13T04:10:42.455+07:00" modified="2017-09-13T23:07:15.349+07:00">
  <id>
    <value>753</value>
  </id>
  <location>
    <x>104.207828921275</x>
    <y>11.4977489833741</y>
    <srs>EPSG:4326</srs>
  </location>
  <operator>
    <value>gr2borey</value>
  </operator>
  <elevation>
    <value>77</value>
  </elevation>
  <slope>
    <value>0.00421569033658446</value>
  </slope>
  <aspect>
    <value>6.01919013775374</value>
  </aspect>
  <region>
    <value>K&#226;mp&#243;ng Sp&#339;</value>
  </region>
  <country>
    <value>Cambodia</value>
  </country>
  <geometry>
    <value>points</value>
  </geometry>
  <area>
    <value>1.0</value>
  </area>
  <map_class>
    <code>Degradation</code>
  </map_class>
  <actively_saved>
    <value>true</value>
  </actively_saved>
  <actively_saved_on>
    <year>2017</year>
    <month>9</month>
    <day>13</day>
  </actively_saved_on>
  <plot_file>
    <value>pts_grp_2.csv</value>
  </plot_file>
  <ref_class>
    <code>Non Forest stable</code>
  </ref_class>
  <confidence>
    <code>hi</code>
  </confidence>
  <comments />
</plot>