<?xml version='1.0' standalone='yes' ?>
<plot step="1" created="2017-09-13T04:19:31.955+07:00" modified="2017-09-13T04:19:36.087+07:00">
  <id>
    <value>639</value>
  </id>
  <location>
    <x>105.741046988282</x>
    <y>13.8203840980721</y>
    <srs>EPSG:4326</srs>
  </location>
  <operator>
    <value>gr2borey</value>
  </operator>
  <elevation>
    <value>103</value>
  </elevation>
  <slope>
    <value>0.00148996790275041</value>
  </slope>
  <aspect>
    <value>5.08514460933779</value>
  </aspect>
  <region>
    <value>St&#339;ng Tr&#234;ng</value>
  </region>
  <country>
    <value>Cambodia</value>
  </country>
  <geometry>
    <value>points</value>
  </geometry>
  <area>
    <value>1.0</value>
  </area>
  <map_class>
    <code>Forest stable</code>
  </map_class>
  <actively_saved>
    <value>true</value>
  </actively_saved>
  <actively_saved_on>
    <year>2017</year>
    <month>9</month>
    <day>13</day>
  </actively_saved_on>
  <plot_file>
    <value>pts_grp_2.csv</value>
  </plot_file>
  <ref_class>
    <code>Forest stable</code>
  </ref_class>
  <confidence>
    <code>hi</code>
  </confidence>
  <comments />
</plot>