<?xml version='1.0' standalone='yes' ?>
<plot step="1" created="2017-09-13T04:56:34.479+07:00" modified="2017-09-15T03:08:38.047+07:00">
  <id>
    <value>325</value>
  </id>
  <location>
    <x>105.832446296859</x>
    <y>13.4143694707407</y>
    <srs>EPSG:4326</srs>
  </location>
  <operator>
    <value>sophyra</value>
  </operator>
  <elevation>
    <value>70</value>
  </elevation>
  <slope>
    <value>0.00333565251275648</value>
  </slope>
  <aspect>
    <value>4.63096266985613</value>
  </aspect>
  <region>
    <value>St&#339;ng Tr&#234;ng</value>
  </region>
  <country>
    <value>Cambodia</value>
  </country>
  <geometry>
    <value>points</value>
  </geometry>
  <area>
    <value>1.0</value>
  </area>
  <map_class>
    <code>Management</code>
  </map_class>
  <actively_saved>
    <value>true</value>
  </actively_saved>
  <actively_saved_on>
    <year>2017</year>
    <month>9</month>
    <day>15</day>
  </actively_saved_on>
  <plot_file>
    <value>pts_grp_2.csv</value>
  </plot_file>
  <ref_class>
    <code>Management</code>
  </ref_class>
  <confidence>
    <code>hi</code>
  </confidence>
  <comments />
</plot>