<?xml version='1.0' standalone='yes' ?>
<plot step="1" created="2017-09-12T15:14:10.747+07:00" modified="2017-09-12T15:14:17.330+07:00">
  <id>
    <value>702</value>
  </id>
  <location>
    <x>103.18453968138</x>
    <y>12.5789437224488</y>
    <srs>EPSG:4326</srs>
  </location>
  <operator>
    <value>sophyra</value>
  </operator>
  <elevation>
    <value>105</value>
  </elevation>
  <slope>
    <value>0.103865496867447</value>
  </slope>
  <aspect>
    <value>4.70327927719838</value>
  </aspect>
  <region>
    <value>Batd&#226;mb&#226;ng</value>
  </region>
  <country>
    <value>Cambodia</value>
  </country>
  <geometry>
    <value>points</value>
  </geometry>
  <area>
    <value>1.0</value>
  </area>
  <map_class>
    <code>Non Forest stable</code>
  </map_class>
  <actively_saved>
    <value>true</value>
  </actively_saved>
  <actively_saved_on>
    <year>2017</year>
    <month>9</month>
    <day>12</day>
  </actively_saved_on>
  <plot_file>
    <value>pts_grp_1.csv</value>
  </plot_file>
  <ref_class>
    <code>Forest stable</code>
  </ref_class>
  <confidence>
    <code>hi</code>
  </confidence>
  <comments />
</plot>