<?xml version='1.0' standalone='yes' ?>
<plot step="1" created="2017-09-13T05:02:10.323+07:00" modified="2017-09-13T05:02:14.980+07:00">
  <id>
    <value>148</value>
  </id>
  <location>
    <x>104.770937041626</x>
    <y>13.1572183926316</y>
    <srs>EPSG:4326</srs>
  </location>
  <operator>
    <value>gr2borey</value>
  </operator>
  <elevation>
    <value>32</value>
  </elevation>
  <slope>
    <value>0.00117491654797729</value>
  </slope>
  <aspect>
    <value>3.77127096392004</value>
  </aspect>
  <region>
    <value>K&#226;mp&#243;ng Thum</value>
  </region>
  <country>
    <value>Cambodia</value>
  </country>
  <geometry>
    <value>points</value>
  </geometry>
  <area>
    <value>1.0</value>
  </area>
  <map_class>
    <code>Non Forest stable</code>
  </map_class>
  <actively_saved>
    <value>true</value>
  </actively_saved>
  <actively_saved_on>
    <year>2017</year>
    <month>9</month>
    <day>13</day>
  </actively_saved_on>
  <plot_file>
    <value>pts_grp_2.csv</value>
  </plot_file>
  <ref_class>
    <code>Non Forest stable</code>
  </ref_class>
  <confidence>
    <code>hi</code>
  </confidence>
  <comments />
</plot>