<?xml version='1.0' standalone='yes' ?>
<plot step="1" created="2017-09-13T11:58:44.744+07:00" modified="2017-09-13T11:58:48.557+07:00">
  <id>
    <value>51</value>
  </id>
  <location>
    <x>104.201615654843</x>
    <y>13.2905569095553</y>
    <srs>EPSG:4326</srs>
  </location>
  <operator>
    <value>gr2borey</value>
  </operator>
  <elevation>
    <value>25</value>
  </elevation>
  <slope>
    <value>0.00164496848889626</value>
  </slope>
  <aspect>
    <value>2.70722153228138</value>
  </aspect>
  <region>
    <value>Siemr&#233;ab</value>
  </region>
  <country>
    <value>Cambodia</value>
  </country>
  <geometry>
    <value>points</value>
  </geometry>
  <area>
    <value>1.0</value>
  </area>
  <map_class>
    <code>Non Forest stable</code>
  </map_class>
  <actively_saved>
    <value>true</value>
  </actively_saved>
  <actively_saved_on>
    <year>2017</year>
    <month>9</month>
    <day>13</day>
  </actively_saved_on>
  <plot_file>
    <value>pts_grp_2.csv</value>
  </plot_file>
  <ref_class>
    <code>Non Forest stable</code>
  </ref_class>
  <confidence>
    <code>hi</code>
  </confidence>
  <comments />
</plot>