<?xml version='1.0' standalone='yes' ?>
<plot step="1" created="2017-09-13T12:00:50.639+07:00" modified="2017-09-13T12:00:55.994+07:00">
  <id>
    <value>48</value>
  </id>
  <location>
    <x>104.078235188981</x>
    <y>13.593899065818</y>
    <srs>EPSG:4326</srs>
  </location>
  <operator>
    <value>gr2borey</value>
  </operator>
  <elevation>
    <value>257</value>
  </elevation>
  <slope>
    <value>0.0369053162875295</value>
  </slope>
  <aspect>
    <value>5.16081068148095</value>
  </aspect>
  <region>
    <value>Siemr&#233;ab</value>
  </region>
  <country>
    <value>Cambodia</value>
  </country>
  <geometry>
    <value>points</value>
  </geometry>
  <area>
    <value>1.0</value>
  </area>
  <map_class>
    <code>Forest stable</code>
  </map_class>
  <actively_saved>
    <value>true</value>
  </actively_saved>
  <actively_saved_on>
    <year>2017</year>
    <month>9</month>
    <day>13</day>
  </actively_saved_on>
  <plot_file>
    <value>pts_grp_2.csv</value>
  </plot_file>
  <ref_class>
    <code>Forest stable</code>
  </ref_class>
  <confidence>
    <code>hi</code>
  </confidence>
  <comments />
</plot>