<?xml version='1.0' standalone='yes' ?>
<plot step="1" created="2017-09-13T14:09:28.467+07:00" modified="2017-09-13T14:09:33.515+07:00">
  <id>
    <value>689</value>
  </id>
  <location>
    <x>103.498496459174</x>
    <y>11.2336545163233</y>
    <srs>EPSG:4326</srs>
  </location>
  <operator>
    <value>gr2borey</value>
  </operator>
  <elevation>
    <value>29</value>
  </elevation>
  <slope>
    <value>0.0242170204072106</value>
  </slope>
  <aspect>
    <value>3.34143349360702</value>
  </aspect>
  <region>
    <value>Ka&#244;h Kong</value>
  </region>
  <country>
    <value>Cambodia</value>
  </country>
  <geometry>
    <value>points</value>
  </geometry>
  <area>
    <value>1.0</value>
  </area>
  <map_class>
    <code>Enhancement</code>
  </map_class>
  <actively_saved>
    <value>true</value>
  </actively_saved>
  <actively_saved_on>
    <year>2017</year>
    <month>9</month>
    <day>13</day>
  </actively_saved_on>
  <plot_file>
    <value>pts_grp_2.csv</value>
  </plot_file>
  <ref_class>
    <code>Forest stable</code>
  </ref_class>
  <confidence>
    <code>hi</code>
  </confidence>
  <comments />
</plot>