<?xml version='1.0' standalone='yes' ?>
<plot step="1" created="2017-09-13T14:14:58.855+07:00" modified="2017-09-13T14:15:03.268+07:00">
  <id>
    <value>47</value>
  </id>
  <location>
    <x>105.648771123889</x>
    <y>11.562364824463</y>
    <srs>EPSG:4326</srs>
  </location>
  <operator>
    <value>gr2borey</value>
  </operator>
  <elevation>
    <value>10</value>
  </elevation>
  <slope>
    <value>7.99087988449893E-4</value>
  </slope>
  <aspect>
    <value>2.10515395103928</value>
  </aspect>
  <region>
    <value>Prey V&#234;ng</value>
  </region>
  <country>
    <value>Cambodia</value>
  </country>
  <geometry>
    <value>points</value>
  </geometry>
  <area>
    <value>1.0</value>
  </area>
  <map_class>
    <code>Non Forest stable</code>
  </map_class>
  <actively_saved>
    <value>true</value>
  </actively_saved>
  <actively_saved_on>
    <year>2017</year>
    <month>9</month>
    <day>13</day>
  </actively_saved_on>
  <plot_file>
    <value>pts_grp_2.csv</value>
  </plot_file>
  <ref_class>
    <code>Non Forest stable</code>
  </ref_class>
  <confidence>
    <code>hi</code>
  </confidence>
  <comments />
</plot>