<?xml version='1.0' standalone='yes' ?>
<plot step="1" created="2017-09-13T14:17:50.312+07:00" modified="2017-09-13T14:17:55.568+07:00">
  <id>
    <value>568</value>
  </id>
  <location>
    <x>106.70937023246</x>
    <y>13.6739767050892</y>
    <srs>EPSG:4326</srs>
  </location>
  <operator>
    <value>gr2borey</value>
  </operator>
  <elevation>
    <value>134</value>
  </elevation>
  <slope>
    <value>0.00627294823306997</value>
  </slope>
  <aspect>
    <value>2.22119668212096</value>
  </aspect>
  <region>
    <value>R&#244;t&#226;n&#244;kiri</value>
  </region>
  <country>
    <value>Cambodia</value>
  </country>
  <geometry>
    <value>points</value>
  </geometry>
  <area>
    <value>1.0</value>
  </area>
  <map_class>
    <code>Deforestation other</code>
  </map_class>
  <actively_saved>
    <value>true</value>
  </actively_saved>
  <actively_saved_on>
    <year>2017</year>
    <month>9</month>
    <day>13</day>
  </actively_saved_on>
  <plot_file>
    <value>pts_grp_2.csv</value>
  </plot_file>
  <ref_class>
    <code>Non Forest stable</code>
  </ref_class>
  <confidence>
    <code>hi</code>
  </confidence>
  <comments />
</plot>