<?xml version='1.0' standalone='yes' ?>
<plot step="1" created="2017-09-13T14:32:15.508+07:00" modified="2017-09-13T14:32:20.673+07:00">
  <id>
    <value>477</value>
  </id>
  <location>
    <x>103.31152324124</x>
    <y>13.3110386566921</y>
    <srs>EPSG:4326</srs>
  </location>
  <operator>
    <value>gr2borey</value>
  </operator>
  <elevation>
    <value>10</value>
  </elevation>
  <slope>
    <value>4.36993297915441E-4</value>
  </slope>
  <aspect>
    <value>1.88644067074084</value>
  </aspect>
  <region>
    <value>Batd&#226;mb&#226;ng</value>
  </region>
  <country>
    <value>Cambodia</value>
  </country>
  <geometry>
    <value>points</value>
  </geometry>
  <area>
    <value>1.0</value>
  </area>
  <map_class>
    <code>Enhancement</code>
  </map_class>
  <actively_saved>
    <value>true</value>
  </actively_saved>
  <actively_saved_on>
    <year>2017</year>
    <month>9</month>
    <day>13</day>
  </actively_saved_on>
  <plot_file>
    <value>pts_grp_2.csv</value>
  </plot_file>
  <ref_class>
    <code>Forest stable</code>
  </ref_class>
  <confidence>
    <code>hi</code>
  </confidence>
  <comments />
</plot>