<?xml version='1.0' standalone='yes' ?>
<plot step="1" created="2017-09-12T15:20:45.754+07:00" modified="2017-09-12T15:20:50.394+07:00">
  <id>
    <value>41</value>
  </id>
  <location>
    <x>105.165815099693</x>
    <y>12.0286491860363</y>
    <srs>EPSG:4326</srs>
  </location>
  <operator>
    <value>sophyra</value>
  </operator>
  <elevation>
    <value>12</value>
  </elevation>
  <slope>
    <value>0.00335902064128979</value>
  </slope>
  <aspect>
    <value>2.89294521460091</value>
  </aspect>
  <region>
    <value>K&#226;mp&#243;ng Cham</value>
  </region>
  <country>
    <value>Cambodia</value>
  </country>
  <geometry>
    <value>points</value>
  </geometry>
  <area>
    <value>1.0</value>
  </area>
  <map_class>
    <code>Non Forest stable</code>
  </map_class>
  <actively_saved>
    <value>true</value>
  </actively_saved>
  <actively_saved_on>
    <year>2017</year>
    <month>9</month>
    <day>12</day>
  </actively_saved_on>
  <plot_file>
    <value>pts_grp_1.csv</value>
  </plot_file>
  <ref_class>
    <code>Non Forest stable</code>
  </ref_class>
  <confidence>
    <code>hi</code>
  </confidence>
  <comments />
</plot>