<?xml version='1.0' standalone='yes' ?>
<plot step="1" created="2017-09-13T14:37:48.515+07:00" modified="2017-09-13T14:38:00.035+07:00">
  <id>
    <value>664</value>
  </id>
  <location>
    <x>105.940728175669</x>
    <y>12.9396766120415</y>
    <srs>EPSG:4326</srs>
  </location>
  <operator>
    <value>gr2borey</value>
  </operator>
  <elevation>
    <value>51</value>
  </elevation>
  <slope>
    <value>0.00446440822182456</value>
  </slope>
  <aspect>
    <value>2.43356257920877</value>
  </aspect>
  <region>
    <value>Kr&#226;ch&#233;h</value>
  </region>
  <country>
    <value>Cambodia</value>
  </country>
  <geometry>
    <value>points</value>
  </geometry>
  <area>
    <value>1.0</value>
  </area>
  <map_class>
    <code>Deforestation rubber</code>
  </map_class>
  <actively_saved>
    <value>true</value>
  </actively_saved>
  <actively_saved_on>
    <year>2017</year>
    <month>9</month>
    <day>13</day>
  </actively_saved_on>
  <plot_file>
    <value>pts_grp_2.csv</value>
  </plot_file>
  <ref_class>
    <code>Non Forest stable</code>
  </ref_class>
  <confidence>
    <code>hi</code>
  </confidence>
  <comments />
</plot>