<?xml version='1.0' standalone='yes' ?>
<plot step="1" created="2017-09-12T15:28:48.371+07:00" modified="2017-09-12T15:28:52.369+07:00">
  <id>
    <value>441</value>
  </id>
  <location>
    <x>104.786801561773</x>
    <y>11.521407022285</y>
    <srs>EPSG:4326</srs>
  </location>
  <operator>
    <value>khidorang</value>
  </operator>
  <elevation>
    <value>18</value>
  </elevation>
  <slope>
    <value>7.72668877675376E-4</value>
  </slope>
  <aspect>
    <value>0.792216302499771</value>
  </aspect>
  <region>
    <value>K&#226;ndal</value>
  </region>
  <country>
    <value>Cambodia</value>
  </country>
  <geometry>
    <value>points</value>
  </geometry>
  <area>
    <value>1.0</value>
  </area>
  <map_class>
    <code>Non Forest stable</code>
  </map_class>
  <actively_saved>
    <value>true</value>
  </actively_saved>
  <actively_saved_on>
    <year>2017</year>
    <month>9</month>
    <day>12</day>
  </actively_saved_on>
  <plot_file>
    <value>pts_grp_3.csv</value>
  </plot_file>
  <ref_class>
    <code>Non Forest stable</code>
  </ref_class>
  <confidence>
    <code>hi</code>
  </confidence>
  <comments />
</plot>