<?xml version='1.0' standalone='yes' ?>
<plot step="1" created="2017-09-12T16:31:41.579+07:00" modified="2017-09-12T16:31:46.799+07:00">
  <id>
    <value>725</value>
  </id>
  <location>
    <x>105.329240309603</x>
    <y>12.7577461336061</y>
    <srs>EPSG:4326</srs>
  </location>
  <operator>
    <value>khidorang</value>
  </operator>
  <elevation>
    <value>78</value>
  </elevation>
  <slope>
    <value>0.00627302223493252</value>
  </slope>
  <aspect>
    <value>0.480807018841173</value>
  </aspect>
  <region>
    <value>K&#226;mp&#243;ng Thum</value>
  </region>
  <country>
    <value>Cambodia</value>
  </country>
  <geometry>
    <value>points</value>
  </geometry>
  <area>
    <value>1.0</value>
  </area>
  <map_class>
    <code>Deforestation rubber</code>
  </map_class>
  <actively_saved>
    <value>true</value>
  </actively_saved>
  <actively_saved_on>
    <year>2017</year>
    <month>9</month>
    <day>12</day>
  </actively_saved_on>
  <plot_file>
    <value>pts_grp_3.csv</value>
  </plot_file>
  <ref_class>
    <code>Deforestation rubber</code>
  </ref_class>
  <confidence>
    <code>hi</code>
  </confidence>
  <comments />
</plot>