<?xml version='1.0' standalone='yes' ?>
<plot step="1" created="2017-09-12T16:43:55.512+07:00" modified="2017-09-12T16:44:02.571+07:00">
  <id>
    <value>496</value>
  </id>
  <location>
    <x>104.910967183248</x>
    <y>13.8017701013151</y>
    <srs>EPSG:4326</srs>
  </location>
  <operator>
    <value>khidorang</value>
  </operator>
  <elevation>
    <value>59</value>
  </elevation>
  <slope>
    <value>0.00426329815036452</value>
  </slope>
  <aspect>
    <value>1.07323097096482</value>
  </aspect>
  <region>
    <value>Preah Vih&#233;ar</value>
  </region>
  <country>
    <value>Cambodia</value>
  </country>
  <geometry>
    <value>points</value>
  </geometry>
  <area>
    <value>1.0</value>
  </area>
  <map_class>
    <code>Non Forest stable</code>
  </map_class>
  <actively_saved>
    <value>true</value>
  </actively_saved>
  <actively_saved_on>
    <year>2017</year>
    <month>9</month>
    <day>12</day>
  </actively_saved_on>
  <plot_file>
    <value>pts_grp_3.csv</value>
  </plot_file>
  <ref_class>
    <code>Non Forest stable</code>
  </ref_class>
  <confidence>
    <code>hi</code>
  </confidence>
  <comments />
</plot>