<?xml version='1.0' standalone='yes' ?>
<plot step="1" created="2017-09-12T16:49:38.468+07:00" modified="2017-09-12T16:49:42.586+07:00">
  <id>
    <value>84</value>
  </id>
  <location>
    <x>103.340451127824</x>
    <y>11.5346287391017</y>
    <srs>EPSG:4326</srs>
  </location>
  <operator>
    <value>khidorang</value>
  </operator>
  <elevation>
    <value>233</value>
  </elevation>
  <slope>
    <value>0.0206994466183946</value>
  </slope>
  <aspect>
    <value>4.44038914156175</value>
  </aspect>
  <region>
    <value>Ka&#244;h Kong</value>
  </region>
  <country>
    <value>Cambodia</value>
  </country>
  <geometry>
    <value>points</value>
  </geometry>
  <area>
    <value>1.0</value>
  </area>
  <map_class>
    <code>Forest stable</code>
  </map_class>
  <actively_saved>
    <value>true</value>
  </actively_saved>
  <actively_saved_on>
    <year>2017</year>
    <month>9</month>
    <day>12</day>
  </actively_saved_on>
  <plot_file>
    <value>pts_grp_3.csv</value>
  </plot_file>
  <ref_class>
    <code>Forest stable</code>
  </ref_class>
  <confidence>
    <code>hi</code>
  </confidence>
  <comments />
</plot>