<?xml version='1.0' standalone='yes' ?>
<plot step="1" created="2017-09-13T10:53:34.543+07:00" modified="2017-09-13T10:53:39.672+07:00">
  <id>
    <value>353</value>
  </id>
  <location>
    <x>104.118447551771</x>
    <y>13.9200160337971</y>
    <srs>EPSG:4326</srs>
  </location>
  <operator>
    <value>khidorang</value>
  </operator>
  <elevation>
    <value>86</value>
  </elevation>
  <slope>
    <value>0.00165137181894848</value>
  </slope>
  <aspect>
    <value>3.31052747428321</value>
  </aspect>
  <region>
    <value>Siemr&#233;ab</value>
  </region>
  <country>
    <value>Cambodia</value>
  </country>
  <geometry>
    <value>points</value>
  </geometry>
  <area>
    <value>1.0</value>
  </area>
  <map_class>
    <code>Non Forest stable</code>
  </map_class>
  <actively_saved>
    <value>true</value>
  </actively_saved>
  <actively_saved_on>
    <year>2017</year>
    <month>9</month>
    <day>13</day>
  </actively_saved_on>
  <plot_file>
    <value>pts_grp_3.csv</value>
  </plot_file>
  <ref_class>
    <code>Non Forest stable</code>
  </ref_class>
  <confidence>
    <code>hi</code>
  </confidence>
  <comments />
</plot>