<?xml version='1.0' standalone='yes' ?>
<plot step="1" created="2017-09-13T10:56:55.105+07:00" modified="2017-09-13T10:56:59.719+07:00">
  <id>
    <value>801</value>
  </id>
  <location>
    <x>106.493567775395</x>
    <y>14.0042235748584</y>
    <srs>EPSG:4326</srs>
  </location>
  <operator>
    <value>khidorang</value>
  </operator>
  <elevation>
    <value>89</value>
  </elevation>
  <slope>
    <value>0.00253574850983645</value>
  </slope>
  <aspect>
    <value>5.40944720915918</value>
  </aspect>
  <region>
    <value>St&#339;ng Tr&#234;ng</value>
  </region>
  <country>
    <value>Cambodia</value>
  </country>
  <geometry>
    <value>points</value>
  </geometry>
  <area>
    <value>1.0</value>
  </area>
  <map_class>
    <code>Forest stable</code>
  </map_class>
  <actively_saved>
    <value>true</value>
  </actively_saved>
  <actively_saved_on>
    <year>2017</year>
    <month>9</month>
    <day>13</day>
  </actively_saved_on>
  <plot_file>
    <value>pts_grp_3.csv</value>
  </plot_file>
  <ref_class>
    <code>Forest stable</code>
  </ref_class>
  <confidence>
    <code>hi</code>
  </confidence>
  <comments />
</plot>