<?xml version='1.0' standalone='yes' ?>
<plot step="1" created="2017-09-13T11:17:48.563+07:00" modified="2017-09-15T03:00:03.392+07:00">
  <id>
    <value>900</value>
  </id>
  <location>
    <x>104.507037542528</x>
    <y>13.1343537945722</y>
    <srs>EPSG:4326</srs>
  </location>
  <operator>
    <value>sophyra</value>
  </operator>
  <elevation>
    <value>28</value>
  </elevation>
  <slope>
    <value>0.00141003486899192</value>
  </slope>
  <aspect>
    <value>4.51876730235841</value>
  </aspect>
  <region>
    <value>K&#226;mp&#243;ng Thum</value>
  </region>
  <country>
    <value>Cambodia</value>
  </country>
  <geometry>
    <value>points</value>
  </geometry>
  <area>
    <value>1.0</value>
  </area>
  <map_class>
    <code>Management</code>
  </map_class>
  <actively_saved>
    <value>true</value>
  </actively_saved>
  <actively_saved_on>
    <year>2017</year>
    <month>9</month>
    <day>15</day>
  </actively_saved_on>
  <plot_file>
    <value>pts_grp_3.csv</value>
  </plot_file>
  <ref_class>
    <code>Management</code>
  </ref_class>
  <confidence>
    <code>hi</code>
  </confidence>
  <comments />
</plot>