<?xml version='1.0' standalone='yes' ?>
<plot step="1" created="2017-09-13T11:46:04.988+07:00" modified="2017-09-13T11:46:22.945+07:00">
  <id>
    <value>667</value>
  </id>
  <location>
    <x>103.046471049849</x>
    <y>13.2704773292365</y>
    <srs>EPSG:4326</srs>
  </location>
  <operator>
    <value>khidorang</value>
  </operator>
  <elevation>
    <value>16</value>
  </elevation>
  <slope>
    <value>6.09184317549374E-4</value>
  </slope>
  <aspect>
    <value>0.471837259381648</value>
  </aspect>
  <region>
    <value>Batd&#226;mb&#226;ng</value>
  </region>
  <country>
    <value>Cambodia</value>
  </country>
  <geometry>
    <value>points</value>
  </geometry>
  <area>
    <value>1.0</value>
  </area>
  <map_class>
    <code>Non Forest stable</code>
  </map_class>
  <actively_saved>
    <value>true</value>
  </actively_saved>
  <actively_saved_on>
    <year>2017</year>
    <month>9</month>
    <day>13</day>
  </actively_saved_on>
  <plot_file>
    <value>pts_grp_3.csv</value>
  </plot_file>
  <ref_class>
    <code>Non Forest stable</code>
  </ref_class>
  <confidence>
    <code>hi</code>
  </confidence>
  <comments />
</plot>