<?xml version='1.0' standalone='yes' ?>
<plot step="1" created="2017-09-12T15:37:39.055+07:00" modified="2017-09-14T03:42:36.461+07:00">
  <id>
    <value>226</value>
  </id>
  <location>
    <x>103.097678260838</x>
    <y>14.2118667599976</y>
    <srs>EPSG:4326</srs>
  </location>
  <operator>
    <value>sophyra</value>
  </operator>
  <elevation>
    <value>82</value>
  </elevation>
  <slope>
    <value>0.00375260936682936</value>
  </slope>
  <aspect>
    <value>2.55248618469666</value>
  </aspect>
  <region>
    <value>Otdar Mean Chey</value>
  </region>
  <country>
    <value>Cambodia</value>
  </country>
  <geometry>
    <value>points</value>
  </geometry>
  <area>
    <value>1.0</value>
  </area>
  <map_class>
    <code>Deforestation other</code>
  </map_class>
  <actively_saved>
    <value>true</value>
  </actively_saved>
  <actively_saved_on>
    <year>2017</year>
    <month>9</month>
    <day>14</day>
  </actively_saved_on>
  <plot_file>
    <value>pts_grp_1.csv</value>
  </plot_file>
  <ref_class>
    <code>Non Forest stable</code>
  </ref_class>
  <confidence>
    <code>hi</code>
  </confidence>
  <comments />
</plot>