<?xml version='1.0' standalone='yes' ?>
<plot step="1" created="2017-09-13T11:54:58.777+07:00" modified="2017-09-13T11:55:03.244+07:00">
  <id>
    <value>125</value>
  </id>
  <location>
    <x>105.012061317307</x>
    <y>13.3687856487746</y>
    <srs>EPSG:4326</srs>
  </location>
  <operator>
    <value>khidorang</value>
  </operator>
  <elevation>
    <value>77</value>
  </elevation>
  <slope>
    <value>0.00189461418363749</value>
  </slope>
  <aspect>
    <value>5.90900095967386</value>
  </aspect>
  <region>
    <value>Preah Vih&#233;ar</value>
  </region>
  <country>
    <value>Cambodia</value>
  </country>
  <geometry>
    <value>points</value>
  </geometry>
  <area>
    <value>1.0</value>
  </area>
  <map_class>
    <code>Enhancement</code>
  </map_class>
  <actively_saved>
    <value>true</value>
  </actively_saved>
  <actively_saved_on>
    <year>2017</year>
    <month>9</month>
    <day>13</day>
  </actively_saved_on>
  <plot_file>
    <value>pts_grp_3.csv</value>
  </plot_file>
  <ref_class>
    <code>Non Forest stable</code>
  </ref_class>
  <confidence>
    <code>lo</code>
  </confidence>
  <comments />
</plot>