<?xml version='1.0' standalone='yes' ?>
<plot step="1" created="2017-09-13T12:02:48.842+07:00" modified="2017-09-15T02:54:00.776+07:00">
  <id>
    <value>239</value>
  </id>
  <location>
    <x>105.159794826359</x>
    <y>12.8603791629548</y>
    <srs>EPSG:4326</srs>
  </location>
  <operator>
    <value>sophyra</value>
  </operator>
  <elevation>
    <value>37</value>
  </elevation>
  <slope>
    <value>0.00778294553628305</value>
  </slope>
  <aspect>
    <value>5.26262022563512</value>
  </aspect>
  <region>
    <value>K&#226;mp&#243;ng Thum</value>
  </region>
  <country>
    <value>Cambodia</value>
  </country>
  <geometry>
    <value>points</value>
  </geometry>
  <area>
    <value>1.0</value>
  </area>
  <map_class>
    <code>Management</code>
  </map_class>
  <actively_saved>
    <value>true</value>
  </actively_saved>
  <actively_saved_on>
    <year>2017</year>
    <month>9</month>
    <day>15</day>
  </actively_saved_on>
  <plot_file>
    <value>pts_grp_3.csv</value>
  </plot_file>
  <ref_class>
    <code>Management</code>
  </ref_class>
  <confidence>
    <code>hi</code>
  </confidence>
  <comments />
</plot>