<?xml version='1.0' standalone='yes' ?>
<plot step="1" created="2017-09-13T12:04:50.993+07:00" modified="2017-09-13T12:04:56.182+07:00">
  <id>
    <value>485</value>
  </id>
  <location>
    <x>104.900411350131</x>
    <y>12.8214533485465</y>
    <srs>EPSG:4326</srs>
  </location>
  <operator>
    <value>khidorang</value>
  </operator>
  <elevation>
    <value>19</value>
  </elevation>
  <slope>
    <value>5.80944266375151E-4</value>
  </slope>
  <aspect>
    <value>3.93625550076196</value>
  </aspect>
  <region>
    <value>K&#226;mp&#243;ng Thum</value>
  </region>
  <country>
    <value>Cambodia</value>
  </country>
  <geometry>
    <value>points</value>
  </geometry>
  <area>
    <value>1.0</value>
  </area>
  <map_class>
    <code>Degradation</code>
  </map_class>
  <actively_saved>
    <value>true</value>
  </actively_saved>
  <actively_saved_on>
    <year>2017</year>
    <month>9</month>
    <day>13</day>
  </actively_saved_on>
  <plot_file>
    <value>pts_grp_3.csv</value>
  </plot_file>
  <ref_class>
    <code>Forest stable</code>
  </ref_class>
  <confidence>
    <code>hi</code>
  </confidence>
  <comments />
</plot>