<?xml version='1.0' standalone='yes' ?>
<plot step="1" created="2017-09-13T12:06:59.787+07:00" modified="2017-09-13T12:07:11.757+07:00">
  <id>
    <value>817</value>
  </id>
  <location>
    <x>106.489418044984</x>
    <y>13.3706229385565</y>
    <srs>EPSG:4326</srs>
  </location>
  <operator>
    <value>khidorang</value>
  </operator>
  <elevation>
    <value>89</value>
  </elevation>
  <slope>
    <value>0.00261072349527508</value>
  </slope>
  <aspect>
    <value>6.1233529433214</value>
  </aspect>
  <region>
    <value>M&#244;nd&#243;l Kiri</value>
  </region>
  <country>
    <value>Cambodia</value>
  </country>
  <geometry>
    <value>points</value>
  </geometry>
  <area>
    <value>1.0</value>
  </area>
  <map_class>
    <code>Deforestation other</code>
  </map_class>
  <actively_saved>
    <value>true</value>
  </actively_saved>
  <actively_saved_on>
    <year>2017</year>
    <month>9</month>
    <day>13</day>
  </actively_saved_on>
  <plot_file>
    <value>pts_grp_3.csv</value>
  </plot_file>
  <ref_class>
    <code>Deforestation other</code>
  </ref_class>
  <confidence>
    <code>hi</code>
  </confidence>
  <comments />
</plot>