<?xml version='1.0' standalone='yes' ?>
<plot step="1" created="2017-09-13T13:47:50.863+07:00" modified="2017-09-13T13:47:55.578+07:00">
  <id>
    <value>703</value>
  </id>
  <location>
    <x>106.187186529783</x>
    <y>12.8321253387559</y>
    <srs>EPSG:4326</srs>
  </location>
  <operator>
    <value>khidorang</value>
  </operator>
  <elevation>
    <value>64</value>
  </elevation>
  <slope>
    <value>0.0020114219374797</value>
  </slope>
  <aspect>
    <value>5.78145552567249</value>
  </aspect>
  <region>
    <value>Kr&#226;ch&#233;h</value>
  </region>
  <country>
    <value>Cambodia</value>
  </country>
  <geometry>
    <value>points</value>
  </geometry>
  <area>
    <value>1.0</value>
  </area>
  <map_class>
    <code>Forest stable</code>
  </map_class>
  <actively_saved>
    <value>true</value>
  </actively_saved>
  <actively_saved_on>
    <year>2017</year>
    <month>9</month>
    <day>13</day>
  </actively_saved_on>
  <plot_file>
    <value>pts_grp_3.csv</value>
  </plot_file>
  <ref_class>
    <code>Forest stable</code>
  </ref_class>
  <confidence>
    <code>hi</code>
  </confidence>
  <comments />
</plot>