<?xml version='1.0' standalone='yes' ?>
<plot step="1" created="2017-09-13T13:49:47.215+07:00" modified="2017-09-15T03:19:11.121+07:00">
  <id>
    <value>458</value>
  </id>
  <location>
    <x>106.274772721275</x>
    <y>12.9554189288376</y>
    <srs>EPSG:4326</srs>
  </location>
  <operator>
    <value>sophyra</value>
  </operator>
  <elevation>
    <value>64</value>
  </elevation>
  <slope>
    <value>0.00318022256779857</value>
  </slope>
  <aspect>
    <value>5.73431828169972</value>
  </aspect>
  <region>
    <value>Kr&#226;ch&#233;h</value>
  </region>
  <country>
    <value>Cambodia</value>
  </country>
  <geometry>
    <value>points</value>
  </geometry>
  <area>
    <value>1.0</value>
  </area>
  <map_class>
    <code>Non Forest stable</code>
  </map_class>
  <actively_saved>
    <value>true</value>
  </actively_saved>
  <actively_saved_on>
    <year>2017</year>
    <month>9</month>
    <day>15</day>
  </actively_saved_on>
  <plot_file>
    <value>pts_grp_3.csv</value>
  </plot_file>
  <ref_class>
    <code>Non Forest stable</code>
  </ref_class>
  <confidence>
    <code>hi</code>
  </confidence>
  <comments />
</plot>