<?xml version='1.0' standalone='yes' ?>
<plot step="1" created="2017-09-13T14:07:59.952+07:00" modified="2017-09-13T14:08:04.987+07:00">
  <id>
    <value>276</value>
  </id>
  <location>
    <x>107.27946185107</x>
    <y>12.9294108528123</y>
    <srs>EPSG:4326</srs>
  </location>
  <operator>
    <value>khidorang</value>
  </operator>
  <elevation>
    <value>188</value>
  </elevation>
  <slope>
    <value>0.00621744384480571</value>
  </slope>
  <aspect>
    <value>3.99880549423721</value>
  </aspect>
  <region>
    <value>M&#244;nd&#243;l Kiri</value>
  </region>
  <country>
    <value>Cambodia</value>
  </country>
  <geometry>
    <value>points</value>
  </geometry>
  <area>
    <value>1.0</value>
  </area>
  <map_class>
    <code>Forest stable</code>
  </map_class>
  <actively_saved>
    <value>true</value>
  </actively_saved>
  <actively_saved_on>
    <year>2017</year>
    <month>9</month>
    <day>13</day>
  </actively_saved_on>
  <plot_file>
    <value>pts_grp_3.csv</value>
  </plot_file>
  <ref_class>
    <code>Enhancement</code>
  </ref_class>
  <confidence>
    <code>lo</code>
  </confidence>
  <comments />
</plot>