<?xml version='1.0' standalone='yes' ?>
<plot step="1" created="2017-09-12T15:40:51.874+07:00" modified="2017-09-14T09:59:04.775+07:00">
  <id>
    <value>870</value>
  </id>
  <location>
    <x>104.92612787035</x>
    <y>12.8310396673335</y>
    <srs>EPSG:4326</srs>
  </location>
  <operator>
    <value>sophyra</value>
  </operator>
  <elevation>
    <value>20</value>
  </elevation>
  <slope>
    <value>0.00146485892230497</value>
  </slope>
  <aspect>
    <value>2.75464201619326</value>
  </aspect>
  <region>
    <value>K&#226;mp&#243;ng Thum</value>
  </region>
  <country>
    <value>Cambodia</value>
  </country>
  <geometry>
    <value>points</value>
  </geometry>
  <area>
    <value>1.0</value>
  </area>
  <map_class>
    <code>Deforestation other</code>
  </map_class>
  <actively_saved>
    <value>true</value>
  </actively_saved>
  <actively_saved_on>
    <year>2017</year>
    <month>9</month>
    <day>14</day>
  </actively_saved_on>
  <plot_file>
    <value>pts_grp_1.csv</value>
  </plot_file>
  <ref_class>
    <code>Forest stable</code>
  </ref_class>
  <confidence>
    <code>hi</code>
  </confidence>
  <comments />
</plot>