<?xml version='1.0' standalone='yes' ?>
<plot step="1" created="2017-09-13T14:21:28.099+07:00" modified="2017-09-13T14:21:31.928+07:00">
  <id>
    <value>591</value>
  </id>
  <location>
    <x>105.184782319544</x>
    <y>13.3561267594236</y>
    <srs>EPSG:4326</srs>
  </location>
  <operator>
    <value>khidorang</value>
  </operator>
  <elevation>
    <value>78</value>
  </elevation>
  <slope>
    <value>0.0333847394591943</value>
  </slope>
  <aspect>
    <value>1.47315598196461</value>
  </aspect>
  <region>
    <value>Preah Vih&#233;ar</value>
  </region>
  <country>
    <value>Cambodia</value>
  </country>
  <geometry>
    <value>points</value>
  </geometry>
  <area>
    <value>1.0</value>
  </area>
  <map_class>
    <code>Non Forest stable</code>
  </map_class>
  <actively_saved>
    <value>true</value>
  </actively_saved>
  <actively_saved_on>
    <year>2017</year>
    <month>9</month>
    <day>13</day>
  </actively_saved_on>
  <plot_file>
    <value>pts_grp_3.csv</value>
  </plot_file>
  <ref_class>
    <code>Enhancement</code>
  </ref_class>
  <confidence>
    <code>lo</code>
  </confidence>
  <comments />
</plot>