<?xml version='1.0' standalone='yes' ?>
<plot step="1" created="2017-09-13T14:24:02.485+07:00" modified="2017-09-13T14:24:06.079+07:00">
  <id>
    <value>821</value>
  </id>
  <location>
    <x>103.024679597156</x>
    <y>12.892429643808</y>
    <srs>EPSG:4326</srs>
  </location>
  <operator>
    <value>khidorang</value>
  </operator>
  <elevation>
    <value>52</value>
  </elevation>
  <slope>
    <value>0.014618495557119</value>
  </slope>
  <aspect>
    <value>2.7125079926338</value>
  </aspect>
  <region>
    <value>Batd&#226;mb&#226;ng</value>
  </region>
  <country>
    <value>Cambodia</value>
  </country>
  <geometry>
    <value>points</value>
  </geometry>
  <area>
    <value>1.0</value>
  </area>
  <map_class>
    <code>Non Forest stable</code>
  </map_class>
  <actively_saved>
    <value>true</value>
  </actively_saved>
  <actively_saved_on>
    <year>2017</year>
    <month>9</month>
    <day>13</day>
  </actively_saved_on>
  <plot_file>
    <value>pts_grp_3.csv</value>
  </plot_file>
  <ref_class>
    <code>Non Forest stable</code>
  </ref_class>
  <confidence>
    <code>hi</code>
  </confidence>
  <comments />
</plot>