<?xml version='1.0' standalone='yes' ?>
<plot step="1" created="2017-09-12T15:15:14.927+07:00" modified="2017-09-13T10:23:30.896+07:00">
  <id>
    <value>77</value>
  </id>
  <location>
    <x>107.068730583348</x>
    <y>14.0381578879962</y>
    <srs>EPSG:4326</srs>
  </location>
  <operator>
    <value>sereyoudom</value>
  </operator>
  <elevation>
    <value>178</value>
  </elevation>
  <slope>
    <value>0.0153968200991107</value>
  </slope>
  <aspect>
    <value>0.340280510327996</value>
  </aspect>
  <region>
    <value>R&#244;t&#226;n&#244;kiri</value>
  </region>
  <country>
    <value>Cambodia</value>
  </country>
  <geometry>
    <value>points</value>
  </geometry>
  <area>
    <value>1.0</value>
  </area>
  <map_class>
    <code>Forest stable</code>
  </map_class>
  <actively_saved>
    <value>true</value>
  </actively_saved>
  <actively_saved_on>
    <year>2017</year>
    <month>9</month>
    <day>13</day>
  </actively_saved_on>
  <plot_file>
    <value>pts_grp_6.csv</value>
  </plot_file>
  <ref_class>
    <code>Forest stable</code>
  </ref_class>
  <confidence>
    <code>hi</code>
  </confidence>
  <comments />
</plot>