<?xml version='1.0' standalone='yes' ?>
<plot step="1" created="2017-09-12T15:18:00.846+07:00" modified="2017-09-12T15:57:13.930+07:00">
  <id>
    <value>381</value>
  </id>
  <location>
    <x>104.323517650358</x>
    <y>12.1374282944038</y>
    <srs>EPSG:4326</srs>
  </location>
  <operator>
    <value>sereyoudom</value>
  </operator>
  <elevation>
    <value>129</value>
  </elevation>
  <slope>
    <value>0.020279644388265</value>
  </slope>
  <aspect>
    <value>0.907997153980416</value>
  </aspect>
  <region>
    <value>K&#226;mp&#243;ng Chhnang</value>
  </region>
  <country>
    <value>Cambodia</value>
  </country>
  <geometry>
    <value>points</value>
  </geometry>
  <area>
    <value>1.0</value>
  </area>
  <map_class>
    <code>Forest stable</code>
  </map_class>
  <actively_saved>
    <value>true</value>
  </actively_saved>
  <actively_saved_on>
    <year>2017</year>
    <month>9</month>
    <day>12</day>
  </actively_saved_on>
  <plot_file>
    <value>pts_grp_6.csv</value>
  </plot_file>
  <ref_class>
    <code>Forest stable</code>
  </ref_class>
  <confidence>
    <code>hi</code>
  </confidence>
  <comments />
</plot>