<?xml version='1.0' standalone='yes' ?>
<plot step="1" created="2017-09-12T16:19:51.973+07:00" modified="2017-09-12T16:19:56.788+07:00">
  <id>
    <value>705</value>
  </id>
  <location>
    <x>106.828697070799</x>
    <y>12.5111315906228</y>
    <srs>EPSG:4326</srs>
  </location>
  <operator>
    <value>sereyoudom</value>
  </operator>
  <elevation>
    <value>137</value>
  </elevation>
  <slope>
    <value>0.0110576340706979</value>
  </slope>
  <aspect>
    <value>0.112574450613538</value>
  </aspect>
  <region>
    <value>M&#244;nd&#243;l Kiri</value>
  </region>
  <country>
    <value>Cambodia</value>
  </country>
  <geometry>
    <value>points</value>
  </geometry>
  <area>
    <value>1.0</value>
  </area>
  <map_class>
    <code>Forest stable</code>
  </map_class>
  <actively_saved>
    <value>true</value>
  </actively_saved>
  <actively_saved_on>
    <year>2017</year>
    <month>9</month>
    <day>12</day>
  </actively_saved_on>
  <plot_file>
    <value>pts_grp_6.csv</value>
  </plot_file>
  <ref_class>
    <code>Forest stable</code>
  </ref_class>
  <confidence>
    <code>hi</code>
  </confidence>
  <comments />
</plot>