<?xml version='1.0' standalone='yes' ?>
<plot step="1" created="2017-09-12T16:23:31.855+07:00" modified="2017-09-12T16:24:10.230+07:00">
  <id>
    <value>261</value>
  </id>
  <location>
    <x>103.535039972745</x>
    <y>14.0359930069303</y>
    <srs>EPSG:4326</srs>
  </location>
  <operator>
    <value>sereyoudom</value>
  </operator>
  <elevation>
    <value>36</value>
  </elevation>
  <slope>
    <value>0.00223881788530994</value>
  </slope>
  <aspect>
    <value>1.44931307275231</value>
  </aspect>
  <region>
    <value>Otdar Mean Chey</value>
  </region>
  <country>
    <value>Cambodia</value>
  </country>
  <geometry>
    <value>points</value>
  </geometry>
  <area>
    <value>1.0</value>
  </area>
  <map_class>
    <code>Deforestation other</code>
  </map_class>
  <actively_saved>
    <value>true</value>
  </actively_saved>
  <actively_saved_on>
    <year>2017</year>
    <month>9</month>
    <day>12</day>
  </actively_saved_on>
  <plot_file>
    <value>pts_grp_6.csv</value>
  </plot_file>
  <ref_class>
    <code>Deforestation other</code>
  </ref_class>
  <confidence>
    <code>lo</code>
  </confidence>
  <comments />
</plot>