<?xml version='1.0' standalone='yes' ?>
<plot step="1" created="2017-09-12T16:25:48.652+07:00" modified="2017-09-13T10:29:52.870+07:00">
  <id>
    <value>720</value>
  </id>
  <location>
    <x>103.972669660508</x>
    <y>14.1609794409928</y>
    <srs>EPSG:4326</srs>
  </location>
  <operator>
    <value>sereyoudom</value>
  </operator>
  <elevation>
    <value>53</value>
  </elevation>
  <slope>
    <value>0.0039135875135748</value>
  </slope>
  <aspect>
    <value>5.6350940791828</value>
  </aspect>
  <region>
    <value>Otdar Mean Chey</value>
  </region>
  <country>
    <value>Cambodia</value>
  </country>
  <geometry>
    <value>points</value>
  </geometry>
  <area>
    <value>1.0</value>
  </area>
  <map_class>
    <code>Non Forest stable</code>
  </map_class>
  <actively_saved>
    <value>true</value>
  </actively_saved>
  <actively_saved_on>
    <year>2017</year>
    <month>9</month>
    <day>13</day>
  </actively_saved_on>
  <plot_file>
    <value>pts_grp_6.csv</value>
  </plot_file>
  <ref_class>
    <code>Forest stable</code>
  </ref_class>
  <confidence>
    <code>hi</code>
  </confidence>
  <comments />
</plot>