<?xml version='1.0' standalone='yes' ?>
<plot step="1" created="2017-09-12T16:41:38.546+07:00" modified="2017-09-12T16:41:43.652+07:00">
  <id>
    <value>579</value>
  </id>
  <location>
    <x>104.111980224339</x>
    <y>11.8522935537972</y>
    <srs>EPSG:4326</srs>
  </location>
  <operator>
    <value>sereyoudom</value>
  </operator>
  <elevation>
    <value>163</value>
  </elevation>
  <slope>
    <value>0.0166049549286231</value>
  </slope>
  <aspect>
    <value>2.10187888628196</value>
  </aspect>
  <region>
    <value>K&#226;mp&#243;ng Sp&#339;</value>
  </region>
  <country>
    <value>Cambodia</value>
  </country>
  <geometry>
    <value>points</value>
  </geometry>
  <area>
    <value>1.0</value>
  </area>
  <map_class>
    <code>Forest stable</code>
  </map_class>
  <actively_saved>
    <value>true</value>
  </actively_saved>
  <actively_saved_on>
    <year>2017</year>
    <month>9</month>
    <day>12</day>
  </actively_saved_on>
  <plot_file>
    <value>pts_grp_6.csv</value>
  </plot_file>
  <ref_class>
    <code>Forest stable</code>
  </ref_class>
  <confidence>
    <code>lo</code>
  </confidence>
  <comments />
</plot>