<?xml version='1.0' standalone='yes' ?>
<plot step="1" created="2017-09-13T10:41:37.178+07:00" modified="2017-09-15T02:06:50.691+07:00">
  <id>
    <value>798</value>
  </id>
  <location>
    <x>105.803526011797</x>
    <y>12.5629381216694</y>
    <srs>EPSG:4326</srs>
  </location>
  <operator>
    <value>sophyra</value>
  </operator>
  <elevation>
    <value>60</value>
  </elevation>
  <slope>
    <value>0.0122235028296495</value>
  </slope>
  <aspect>
    <value>1.45959363494641</value>
  </aspect>
  <region>
    <value>Kr&#226;ch&#233;h</value>
  </region>
  <country>
    <value>Cambodia</value>
  </country>
  <geometry>
    <value>points</value>
  </geometry>
  <area>
    <value>1.0</value>
  </area>
  <map_class>
    <code>Deforestation rubber</code>
  </map_class>
  <actively_saved>
    <value>true</value>
  </actively_saved>
  <actively_saved_on>
    <year>2017</year>
    <month>9</month>
    <day>15</day>
  </actively_saved_on>
  <plot_file>
    <value>pts_grp_6.csv</value>
  </plot_file>
  <ref_class>
    <code>Deforestation rubber</code>
  </ref_class>
  <confidence>
    <code>hi</code>
  </confidence>
  <comments />
</plot>