<?xml version='1.0' standalone='yes' ?>
<plot step="1" created="2017-09-13T11:01:25.465+07:00" modified="2017-09-13T11:01:29.823+07:00">
  <id>
    <value>230</value>
  </id>
  <location>
    <x>106.842564810883</x>
    <y>13.2199303344969</y>
    <srs>EPSG:4326</srs>
  </location>
  <operator>
    <value>sereyoudom</value>
  </operator>
  <elevation>
    <value>153</value>
  </elevation>
  <slope>
    <value>0.00636225572338407</value>
  </slope>
  <aspect>
    <value>5.73383657687038</value>
  </aspect>
  <region>
    <value>R&#244;t&#226;n&#244;kiri</value>
  </region>
  <country>
    <value>Cambodia</value>
  </country>
  <geometry>
    <value>points</value>
  </geometry>
  <area>
    <value>1.0</value>
  </area>
  <map_class>
    <code>Forest stable</code>
  </map_class>
  <actively_saved>
    <value>true</value>
  </actively_saved>
  <actively_saved_on>
    <year>2017</year>
    <month>9</month>
    <day>13</day>
  </actively_saved_on>
  <plot_file>
    <value>pts_grp_6.csv</value>
  </plot_file>
  <ref_class>
    <code>Forest stable</code>
  </ref_class>
  <confidence>
    <code>hi</code>
  </confidence>
  <comments />
</plot>