<?xml version='1.0' standalone='yes' ?>
<plot step="1" created="2017-09-13T11:02:18.540+07:00" modified="2017-09-15T02:18:19.110+07:00">
  <id>
    <value>316</value>
  </id>
  <location>
    <x>106.535270849331</x>
    <y>13.2031543288521</y>
    <srs>EPSG:4326</srs>
  </location>
  <operator>
    <value>sophyra</value>
  </operator>
  <elevation>
    <value>172</value>
  </elevation>
  <slope>
    <value>0.0080333594083884</value>
  </slope>
  <aspect>
    <value>3.22784250508253</value>
  </aspect>
  <region>
    <value>M&#244;nd&#243;l Kiri</value>
  </region>
  <country>
    <value>Cambodia</value>
  </country>
  <geometry>
    <value>points</value>
  </geometry>
  <area>
    <value>1.0</value>
  </area>
  <map_class>
    <code>Deforestation rubber</code>
  </map_class>
  <actively_saved>
    <value>true</value>
  </actively_saved>
  <actively_saved_on>
    <year>2017</year>
    <month>9</month>
    <day>15</day>
  </actively_saved_on>
  <plot_file>
    <value>pts_grp_6.csv</value>
  </plot_file>
  <ref_class>
    <code>Deforestation rubber</code>
  </ref_class>
  <confidence>
    <code>hi</code>
  </confidence>
  <comments />
</plot>