<?xml version='1.0' standalone='yes' ?>
<plot step="1" created="2017-09-13T11:15:18.445+07:00" modified="2017-09-13T11:15:24.207+07:00">
  <id>
    <value>112</value>
  </id>
  <location>
    <x>105.912987374716</x>
    <y>12.0080066467825</y>
    <srs>EPSG:4326</srs>
  </location>
  <operator>
    <value>sereyoudom</value>
  </operator>
  <elevation>
    <value>51</value>
  </elevation>
  <slope>
    <value>0.00579220263547167</value>
  </slope>
  <aspect>
    <value>4.66553165641799</value>
  </aspect>
  <region>
    <value>Tbong Khmum</value>
  </region>
  <country>
    <value>Cambodia</value>
  </country>
  <geometry>
    <value>points</value>
  </geometry>
  <area>
    <value>1.0</value>
  </area>
  <map_class>
    <code>Non Forest stable</code>
  </map_class>
  <actively_saved>
    <value>true</value>
  </actively_saved>
  <actively_saved_on>
    <year>2017</year>
    <month>9</month>
    <day>13</day>
  </actively_saved_on>
  <plot_file>
    <value>pts_grp_6.csv</value>
  </plot_file>
  <ref_class>
    <code>Non Forest stable</code>
  </ref_class>
  <confidence>
    <code>hi</code>
  </confidence>
  <comments />
</plot>