<?xml version='1.0' standalone='yes' ?>
<plot step="1" created="2017-09-13T11:17:40.921+07:00" modified="2017-09-13T11:17:44.833+07:00">
  <id>
    <value>593</value>
  </id>
  <location>
    <x>103.745038018763</x>
    <y>10.7600683332183</y>
    <srs>EPSG:4326</srs>
  </location>
  <operator>
    <value>sereyoudom</value>
  </operator>
  <elevation>
    <value>21</value>
  </elevation>
  <slope>
    <value>0.00686325585296625</value>
  </slope>
  <aspect>
    <value>4.75192958588855</value>
  </aspect>
  <region>
    <value>Krong Preah Sihanouk</value>
  </region>
  <country>
    <value>Cambodia</value>
  </country>
  <geometry>
    <value>points</value>
  </geometry>
  <area>
    <value>1.0</value>
  </area>
  <map_class>
    <code>Deforestation rubber</code>
  </map_class>
  <actively_saved>
    <value>true</value>
  </actively_saved>
  <actively_saved_on>
    <year>2017</year>
    <month>9</month>
    <day>13</day>
  </actively_saved_on>
  <plot_file>
    <value>pts_grp_6.csv</value>
  </plot_file>
  <ref_class>
    <code>Non Forest stable</code>
  </ref_class>
  <confidence>
    <code>hi</code>
  </confidence>
  <comments />
</plot>