<?xml version='1.0' standalone='yes' ?>
<plot step="1" created="2017-09-13T11:19:09.036+07:00" modified="2017-09-15T02:35:26.069+07:00">
  <id>
    <value>221</value>
  </id>
  <location>
    <x>107.497344095454</x>
    <y>13.6509983844841</y>
    <srs>EPSG:4326</srs>
  </location>
  <operator>
    <value>sophyra</value>
  </operator>
  <elevation>
    <value>207</value>
  </elevation>
  <slope>
    <value>0.0115032302455039</value>
  </slope>
  <aspect>
    <value>4.29984858089237</value>
  </aspect>
  <region>
    <value>R&#244;t&#226;n&#244;kiri</value>
  </region>
  <country>
    <value>Cambodia</value>
  </country>
  <geometry>
    <value>points</value>
  </geometry>
  <area>
    <value>1.0</value>
  </area>
  <map_class>
    <code>Deforestation rubber</code>
  </map_class>
  <actively_saved>
    <value>true</value>
  </actively_saved>
  <actively_saved_on>
    <year>2017</year>
    <month>9</month>
    <day>15</day>
  </actively_saved_on>
  <plot_file>
    <value>pts_grp_6.csv</value>
  </plot_file>
  <ref_class>
    <code>Forest stable</code>
  </ref_class>
  <confidence>
    <code>hi</code>
  </confidence>
  <comments />
</plot>