<?xml version='1.0' standalone='yes' ?>
<plot step="1" created="2017-09-13T11:19:49.393+07:00" modified="2017-09-15T02:09:36.375+07:00">
  <id>
    <value>880</value>
  </id>
  <location>
    <x>106.248333005915</x>
    <y>12.8411325425107</y>
    <srs>EPSG:4326</srs>
  </location>
  <operator>
    <value>sophyra</value>
  </operator>
  <elevation>
    <value>81</value>
  </elevation>
  <slope>
    <value>0.00419788298660009</value>
  </slope>
  <aspect>
    <value>5.25577836457344</value>
  </aspect>
  <region>
    <value>Kr&#226;ch&#233;h</value>
  </region>
  <country>
    <value>Cambodia</value>
  </country>
  <geometry>
    <value>points</value>
  </geometry>
  <area>
    <value>1.0</value>
  </area>
  <map_class>
    <code>Deforestation rubber</code>
  </map_class>
  <actively_saved>
    <value>true</value>
  </actively_saved>
  <actively_saved_on>
    <year>2017</year>
    <month>9</month>
    <day>15</day>
  </actively_saved_on>
  <plot_file>
    <value>pts_grp_6.csv</value>
  </plot_file>
  <ref_class>
    <code>Deforestation rubber</code>
  </ref_class>
  <confidence>
    <code>hi</code>
  </confidence>
  <comments />
</plot>