<?xml version='1.0' standalone='yes' ?>
<plot step="1" created="2017-09-13T11:23:48.021+07:00" modified="2017-09-13T11:23:52.337+07:00">
  <id>
    <value>383</value>
  </id>
  <location>
    <x>104.829924281646</x>
    <y>14.2817655881204</y>
    <srs>EPSG:4326</srs>
  </location>
  <operator>
    <value>sereyoudom</value>
  </operator>
  <elevation>
    <value>92</value>
  </elevation>
  <slope>
    <value>0.00185280362204836</value>
  </slope>
  <aspect>
    <value>1.79225062910561</value>
  </aspect>
  <region>
    <value>Preah Vih&#233;ar</value>
  </region>
  <country>
    <value>Cambodia</value>
  </country>
  <geometry>
    <value>points</value>
  </geometry>
  <area>
    <value>1.0</value>
  </area>
  <map_class>
    <code>Forest stable</code>
  </map_class>
  <actively_saved>
    <value>true</value>
  </actively_saved>
  <actively_saved_on>
    <year>2017</year>
    <month>9</month>
    <day>13</day>
  </actively_saved_on>
  <plot_file>
    <value>pts_grp_6.csv</value>
  </plot_file>
  <ref_class>
    <code>Forest stable</code>
  </ref_class>
  <confidence>
    <code>hi</code>
  </confidence>
  <comments />
</plot>