<?xml version='1.0' standalone='yes' ?>
<plot step="1" created="2017-09-12T16:19:58.542+07:00" modified="2017-09-12T16:20:03.390+07:00">
  <id>
    <value>32</value>
  </id>
  <location>
    <x>104.696194230104</x>
    <y>13.130968251148</y>
    <srs>EPSG:4326</srs>
  </location>
  <operator>
    <value>sophyra</value>
  </operator>
  <elevation>
    <value>40</value>
  </elevation>
  <slope>
    <value>0.00201198401377469</value>
  </slope>
  <aspect>
    <value>3.64383147724551</value>
  </aspect>
  <region>
    <value>K&#226;mp&#243;ng Thum</value>
  </region>
  <country>
    <value>Cambodia</value>
  </country>
  <geometry>
    <value>points</value>
  </geometry>
  <area>
    <value>1.0</value>
  </area>
  <map_class>
    <code>Enhancement</code>
  </map_class>
  <actively_saved>
    <value>true</value>
  </actively_saved>
  <actively_saved_on>
    <year>2017</year>
    <month>9</month>
    <day>12</day>
  </actively_saved_on>
  <plot_file>
    <value>pts_grp_1.csv</value>
  </plot_file>
  <ref_class>
    <code>Forest stable</code>
  </ref_class>
  <confidence>
    <code>hi</code>
  </confidence>
  <comments />
</plot>