<?xml version='1.0' standalone='yes' ?>
<plot step="1" created="2017-09-12T16:26:46.588+07:00" modified="2017-09-12T16:26:50.285+07:00">
  <id>
    <value>115</value>
  </id>
  <location>
    <x>103.259529096367</x>
    <y>12.7189330629674</y>
    <srs>EPSG:4326</srs>
  </location>
  <operator>
    <value>sophyra</value>
  </operator>
  <elevation>
    <value>35</value>
  </elevation>
  <slope>
    <value>0.001977921232727</value>
  </slope>
  <aspect>
    <value>0.283126987129531</value>
  </aspect>
  <region>
    <value>Batd&#226;mb&#226;ng</value>
  </region>
  <country>
    <value>Cambodia</value>
  </country>
  <geometry>
    <value>points</value>
  </geometry>
  <area>
    <value>1.0</value>
  </area>
  <map_class>
    <code>Non Forest stable</code>
  </map_class>
  <actively_saved>
    <value>true</value>
  </actively_saved>
  <actively_saved_on>
    <year>2017</year>
    <month>9</month>
    <day>12</day>
  </actively_saved_on>
  <plot_file>
    <value>pts_grp_1.csv</value>
  </plot_file>
  <ref_class>
    <code>Non Forest stable</code>
  </ref_class>
  <confidence>
    <code>hi</code>
  </confidence>
  <comments />
</plot>