<?xml version='1.0' standalone='yes' ?>
<plot step="1" created="2017-09-14T01:38:33.188+07:00" modified="2017-09-14T01:38:41.887+07:00">
  <id>
    <value>692</value>
  </id>
  <location>
    <x>105.627784003752</x>
    <y>12.6427326975977</y>
    <srs>EPSG:4326</srs>
  </location>
  <operator>
    <value>sophyra</value>
  </operator>
  <elevation>
    <value>88</value>
  </elevation>
  <slope>
    <value>0.00993178963150881</value>
  </slope>
  <aspect>
    <value>3.55662471382078</value>
  </aspect>
  <region>
    <value>K&#226;mp&#243;ng Thum</value>
  </region>
  <country>
    <value>Cambodia</value>
  </country>
  <geometry>
    <value>points</value>
  </geometry>
  <area>
    <value>1.0</value>
  </area>
  <map_class>
    <code>Deforestation crops</code>
  </map_class>
  <actively_saved>
    <value>true</value>
  </actively_saved>
  <actively_saved_on>
    <year>2017</year>
    <month>9</month>
    <day>14</day>
  </actively_saved_on>
  <plot_file>
    <value>pts_grp_1.csv</value>
  </plot_file>
  <ref_class>
    <code>Deforestation crops</code>
  </ref_class>
  <confidence>
    <code>hi</code>
  </confidence>
  <comments />
</plot>