<?xml version='1.0' standalone='yes' ?>
<plot step="1" created="2017-09-14T04:33:48.948+07:00" modified="2017-09-14T04:34:02.420+07:00">
  <id>
    <value>642</value>
  </id>
  <location>
    <x>103.720171743907</x>
    <y>11.088453607311</y>
    <srs>EPSG:4326</srs>
  </location>
  <operator>
    <value>sophyra</value>
  </operator>
  <elevation>
    <value>4</value>
  </elevation>
  <slope>
    <value>0.00104377761595107</value>
  </slope>
  <aspect>
    <value>1.17027621879739</value>
  </aspect>
  <region>
    <value>Ka&#244;h Kong</value>
  </region>
  <country>
    <value>Cambodia</value>
  </country>
  <geometry>
    <value>points</value>
  </geometry>
  <area>
    <value>1.0</value>
  </area>
  <map_class>
    <code>Forest stable</code>
  </map_class>
  <actively_saved>
    <value>true</value>
  </actively_saved>
  <actively_saved_on>
    <year>2017</year>
    <month>9</month>
    <day>14</day>
  </actively_saved_on>
  <plot_file>
    <value>pts_grp_1.csv</value>
  </plot_file>
  <ref_class>
    <code>Non Forest stable</code>
  </ref_class>
  <confidence>
    <code>hi</code>
  </confidence>
  <comments />
</plot>