<?xml version='1.0' standalone='yes' ?>
<plot step="1" created="2017-09-14T04:56:03.637+07:00" modified="2017-09-14T04:56:14.430+07:00">
  <id>
    <value>559</value>
  </id>
  <location>
    <x>105.772244715751</x>
    <y>11.6502280838662</y>
    <srs>EPSG:4326</srs>
  </location>
  <operator>
    <value>sophyra</value>
  </operator>
  <elevation>
    <value>13</value>
  </elevation>
  <slope>
    <value>0.00323628815022753</value>
  </slope>
  <aspect>
    <value>4.50123932337321</value>
  </aspect>
  <region>
    <value>Tbong Khmum</value>
  </region>
  <country>
    <value>Cambodia</value>
  </country>
  <geometry>
    <value>points</value>
  </geometry>
  <area>
    <value>1.0</value>
  </area>
  <map_class>
    <code>Non Forest stable</code>
  </map_class>
  <actively_saved>
    <value>true</value>
  </actively_saved>
  <actively_saved_on>
    <year>2017</year>
    <month>9</month>
    <day>14</day>
  </actively_saved_on>
  <plot_file>
    <value>pts_grp_1.csv</value>
  </plot_file>
  <ref_class>
    <code>Non Forest stable</code>
  </ref_class>
  <confidence>
    <code>hi</code>
  </confidence>
  <comments />
</plot>