<?xml version='1.0' standalone='yes' ?>
<plot step="1" created="2017-09-14T06:52:57.407+07:00" modified="2017-09-14T06:54:08.214+07:00">
  <id>
    <value>792</value>
  </id>
  <location>
    <x>106.210608147765</x>
    <y>14.3301216260864</y>
    <srs>EPSG:4326</srs>
  </location>
  <operator>
    <value>sophyra</value>
  </operator>
  <elevation>
    <value>88</value>
  </elevation>
  <slope>
    <value>0.00451634440858537</value>
  </slope>
  <aspect>
    <value>2.51662396108799</value>
  </aspect>
  <region>
    <value>St&#339;ng Tr&#234;ng</value>
  </region>
  <country>
    <value>Cambodia</value>
  </country>
  <geometry>
    <value>points</value>
  </geometry>
  <area>
    <value>1.0</value>
  </area>
  <map_class>
    <code>Enhancement</code>
  </map_class>
  <actively_saved>
    <value>true</value>
  </actively_saved>
  <actively_saved_on>
    <year>2017</year>
    <month>9</month>
    <day>14</day>
  </actively_saved_on>
  <plot_file>
    <value>pts_grp_1.csv</value>
  </plot_file>
  <ref_class>
    <code>Non Forest stable</code>
  </ref_class>
  <confidence>
    <code>hi</code>
  </confidence>
  <comments />
</plot>