<?xml version='1.0' standalone='yes' ?>
<plot step="1" created="2017-09-14T07:06:56.097+07:00" modified="2017-09-14T07:07:02.252+07:00">
  <id>
    <value>290</value>
  </id>
  <location>
    <x>104.752557639151</x>
    <y>13.643994139494</y>
    <srs>EPSG:4326</srs>
  </location>
  <operator>
    <value>sophyra</value>
  </operator>
  <elevation>
    <value>142</value>
  </elevation>
  <slope>
    <value>0.0135354666907027</value>
  </slope>
  <aspect>
    <value>5.13581456194642</value>
  </aspect>
  <region>
    <value>Preah Vih&#233;ar</value>
  </region>
  <country>
    <value>Cambodia</value>
  </country>
  <geometry>
    <value>points</value>
  </geometry>
  <area>
    <value>1.0</value>
  </area>
  <map_class>
    <code>Non Forest stable</code>
  </map_class>
  <actively_saved>
    <value>true</value>
  </actively_saved>
  <actively_saved_on>
    <year>2017</year>
    <month>9</month>
    <day>14</day>
  </actively_saved_on>
  <plot_file>
    <value>pts_grp_1.csv</value>
  </plot_file>
  <ref_class>
    <code>Non Forest stable</code>
  </ref_class>
  <confidence>
    <code>hi</code>
  </confidence>
  <comments />
</plot>