<?xml version='1.0' standalone='yes' ?>
<plot step="1" created="2017-09-14T07:21:53.267+07:00" modified="2017-09-14T07:22:08.770+07:00">
  <id>
    <value>5</value>
  </id>
  <location>
    <x>103.512970065757</x>
    <y>13.053090209945</y>
    <srs>EPSG:4326</srs>
  </location>
  <operator>
    <value>sophyra</value>
  </operator>
  <elevation>
    <value>9</value>
  </elevation>
  <slope>
    <value>4.29830757591091E-4</value>
  </slope>
  <aspect>
    <value>0.327635910863458</value>
  </aspect>
  <region>
    <value>Batd&#226;mb&#226;ng</value>
  </region>
  <country>
    <value>Cambodia</value>
  </country>
  <geometry>
    <value>points</value>
  </geometry>
  <area>
    <value>1.0</value>
  </area>
  <map_class>
    <code>Enhancement</code>
  </map_class>
  <actively_saved>
    <value>true</value>
  </actively_saved>
  <actively_saved_on>
    <year>2017</year>
    <month>9</month>
    <day>14</day>
  </actively_saved_on>
  <plot_file>
    <value>pts_grp_1.csv</value>
  </plot_file>
  <ref_class>
    <code>Deforestation other</code>
  </ref_class>
  <confidence>
    <code>hi</code>
  </confidence>
  <comments />
</plot>