<?xml version='1.0' standalone='yes' ?>
<plot step="1" created="2017-09-14T07:32:36.012+07:00" modified="2017-09-14T07:32:51.192+07:00">
  <id>
    <value>160</value>
  </id>
  <location>
    <x>104.157052892449</x>
    <y>11.5091185372383</y>
    <srs>EPSG:4326</srs>
  </location>
  <operator>
    <value>sophyra</value>
  </operator>
  <elevation>
    <value>139</value>
  </elevation>
  <slope>
    <value>0.0109076177524267</value>
  </slope>
  <aspect>
    <value>3.24261756318981</value>
  </aspect>
  <region>
    <value>K&#226;mp&#243;ng Sp&#339;</value>
  </region>
  <country>
    <value>Cambodia</value>
  </country>
  <geometry>
    <value>points</value>
  </geometry>
  <area>
    <value>1.0</value>
  </area>
  <map_class>
    <code>Degradation</code>
  </map_class>
  <actively_saved>
    <value>true</value>
  </actively_saved>
  <actively_saved_on>
    <year>2017</year>
    <month>9</month>
    <day>14</day>
  </actively_saved_on>
  <plot_file>
    <value>pts_grp_1.csv</value>
  </plot_file>
  <ref_class>
    <code>Deforestation other</code>
  </ref_class>
  <confidence>
    <code>lo</code>
  </confidence>
  <comments />
</plot>