<?xml version='1.0' standalone='yes' ?>
<plot step="1" created="2017-09-12T15:51:39.253+07:00" modified="2017-09-12T15:54:05.985+07:00">
  <id>
    <value>415</value>
  </id>
  <location>
    <x>106.775097881042</x>
    <y>12.4713621693948</y>
    <srs>EPSG:4326</srs>
  </location>
  <operator>
    <value>sophyra</value>
  </operator>
  <elevation>
    <value>169</value>
  </elevation>
  <slope>
    <value>0.019954870415246</value>
  </slope>
  <aspect>
    <value>0.529132131227059</value>
  </aspect>
  <region>
    <value>M&#244;nd&#243;l Kiri</value>
  </region>
  <country>
    <value>Cambodia</value>
  </country>
  <geometry>
    <value>points</value>
  </geometry>
  <area>
    <value>1.0</value>
  </area>
  <map_class>
    <code>Forest stable</code>
  </map_class>
  <actively_saved>
    <value>true</value>
  </actively_saved>
  <actively_saved_on>
    <year>2017</year>
    <month>9</month>
    <day>12</day>
  </actively_saved_on>
  <plot_file>
    <value>pts_grp_1.csv</value>
  </plot_file>
  <ref_class>
    <code>Forest stable</code>
  </ref_class>
  <confidence>
    <code>hi</code>
  </confidence>
  <comments />
</plot>