<?xml version='1.0' standalone='yes' ?>
<plot step="1" created="2017-09-14T04:25:22.531+07:00" modified="2017-09-14T04:25:36.338+07:00">
  <id>
    <value>889</value>
  </id>
  <location>
    <x>107.186998533824</x>
    <y>13.6641145268637</y>
    <srs>EPSG:4326</srs>
  </location>
  <operator>
    <value>sophyra</value>
  </operator>
  <elevation>
    <value>291</value>
  </elevation>
  <slope>
    <value>0.0022241302233488</value>
  </slope>
  <aspect>
    <value>5.22211689406667</value>
  </aspect>
  <region>
    <value>R&#244;t&#226;n&#244;kiri</value>
  </region>
  <country>
    <value>Cambodia</value>
  </country>
  <geometry>
    <value>points</value>
  </geometry>
  <area>
    <value>1.0</value>
  </area>
  <map_class>
    <code>Non Forest stable</code>
  </map_class>
  <actively_saved>
    <value>true</value>
  </actively_saved>
  <actively_saved_on>
    <year>2017</year>
    <month>9</month>
    <day>14</day>
  </actively_saved_on>
  <plot_file>
    <value>pts_grp_1.csv</value>
  </plot_file>
  <ref_class>
    <code>Forest stable</code>
  </ref_class>
  <confidence>
    <code>hi</code>
  </confidence>
  <comments />
</plot>