<?xml version='1.0' standalone='yes' ?>
<plot step="1" created="2017-09-14T04:26:54.873+07:00" modified="2017-09-14T04:31:16.411+07:00">
  <id>
    <value>584</value>
  </id>
  <location>
    <x>105.289383732882</x>
    <y>12.1456891924619</y>
    <srs>EPSG:4326</srs>
  </location>
  <operator>
    <value>sophyra</value>
  </operator>
  <elevation>
    <value>74</value>
  </elevation>
  <slope>
    <value>0.0127150498034383</value>
  </slope>
  <aspect>
    <value>3.76688562642883</value>
  </aspect>
  <region>
    <value>K&#226;mp&#243;ng Cham</value>
  </region>
  <country>
    <value>Cambodia</value>
  </country>
  <geometry>
    <value>points</value>
  </geometry>
  <area>
    <value>1.0</value>
  </area>
  <map_class>
    <code>Non Forest stable</code>
  </map_class>
  <actively_saved>
    <value>true</value>
  </actively_saved>
  <actively_saved_on>
    <year>2017</year>
    <month>9</month>
    <day>14</day>
  </actively_saved_on>
  <plot_file>
    <value>pts_grp_1.csv</value>
  </plot_file>
  <ref_class>
    <code>Non Forest stable</code>
  </ref_class>
  <confidence>
    <code>hi</code>
  </confidence>
  <comments />
</plot>