<?xml version='1.0' standalone='yes' ?>
<plot step="1" created="2017-09-14T05:03:05.508+07:00" modified="2017-09-14T05:03:10.304+07:00">
  <id>
    <value>314</value>
  </id>
  <location>
    <x>105.89214334301</x>
    <y>12.9411900884372</y>
    <srs>EPSG:4326</srs>
  </location>
  <operator>
    <value>sophyra</value>
  </operator>
  <elevation>
    <value>62</value>
  </elevation>
  <slope>
    <value>0.00122870148270247</value>
  </slope>
  <aspect>
    <value>3.25435423551646</value>
  </aspect>
  <region>
    <value>Kr&#226;ch&#233;h</value>
  </region>
  <country>
    <value>Cambodia</value>
  </country>
  <geometry>
    <value>points</value>
  </geometry>
  <area>
    <value>1.0</value>
  </area>
  <map_class>
    <code>Deforestation rubber</code>
  </map_class>
  <actively_saved>
    <value>true</value>
  </actively_saved>
  <actively_saved_on>
    <year>2017</year>
    <month>9</month>
    <day>14</day>
  </actively_saved_on>
  <plot_file>
    <value>pts_grp_1.csv</value>
  </plot_file>
  <ref_class>
    <code>Deforestation rubber</code>
  </ref_class>
  <confidence>
    <code>hi</code>
  </confidence>
  <comments />
</plot>